id,word,pos,level,topic,set_title,ipa,meaningVi,definitionEn,example1_en,example1_vi,example2_en,example2_vi,collocations,notes,flags,inclusion,decision,fixed_meaningVi,fixed_definitionEn,fixed_example1_en,fixed_example1_vi,fixed_example2_en,fixed_example2_vi,comment
w-about-adverb,about,adverb,A1,Daily life,Not & There,/əbˈaʊt/,"khoảng, xấp xỉ",a little more or less than a number,The meeting starts at about three.,Cuộc họp bắt đầu khoảng ba giờ.,It takes about ten minutes by bus.,Đi xe buýt mất khoảng mười phút.,about ten; about an hour; at about,"As an adverb here means ‘approximately’, not ‘concerning’.",sample,sample,ok,,,,,,,
w-above-adverb,above,adverb,A1,Daily life,Become & Give,/əbˈʌv/,"ở phía trên, phía trên",in a higher place or position,Look at the note written above.,Nhìn dòng ghi chú viết phía trên.,The offices above are very quiet.,Các văn phòng phía trên rất yên tĩnh.,from above; mentioned above; high above,,warning:LEVEL_LEAK,must,ok,,,,,,,level_leak_ok
w-academic-adjective,academic,adjective,B1,School,School Development,/ˌækədˈɛmɪk/,"thuộc học thuật, mang tính học thuật","related to schools, study, or formal education",She hopes to find an academic job at a good university.,Cô ấy hy vọng tìm việc học thuật ở một trường đại học tốt.,His academic record improved a lot during the last year.,Thành tích học tập của anh ấy cải thiện nhiều trong năm qua.,academic year; academic record; academic skills,,warning:LEVEL_LEAK,must,ok,,,,,,,level_leak_ok
w-access-noun,access,noun,B1,Travel,Travel Check-in,/ˈæksˌɛs/,"quyền truy cập, lối vào",the right or way to enter or use something,Hotel guests have access to the gym and the pool.,Khách lưu trú được dùng phòng gym và hồ bơi.,You need a code for access to the building after ten.,Sau mười giờ bạn cần mã để vào tòa nhà.,have access to; gain access; public access,,sample,sample,ok,,,,,,,
w-according-to-preposition,according to,preposition,B1,Grammar words,Grammar words essentials,/əkˈɔɹdɪŋ tˈu/,"theo, căn cứ vào",as stated by someone or in a document,"According to the map, the museum is just ten minutes away.","Theo bản đồ, bảo tàng chỉ cách mười phút đi bộ.","According to my colleague, the train leaves earlier today.","Theo đồng nghiệp tôi, hôm nay tàu khởi hành sớm hơn.",according to the report; according to experts; according to plan,,sample,sample,ok,,,,,,,
w-across-adverb,across,adverb,A2,Daily life,Provide & Specific,/əkɹˈɔs/,"sang bên kia, qua bên kia",on the other side of a space,The bank is just across from here.,Ngân hàng ở ngay bên kia từ đây.,Go across and wait by the door.,Sang bên kia và đợi cạnh cửa.,just across; from across; go across,,sample,sample,ok,,,,,,,
w-actor-noun,actor,noun,A1,Work,Work & Work,/ˈæktɚ/,diễn viên nam; diễn viên,a person who performs in films or plays,He works as an actor in the city.,Anh ấy làm diễn viên ở thành phố.,The actor spoke clearly on stage.,Diễn viên nói rõ ràng trên sân khấu.,famous actor; film actor; stage actor,Often used for any performer; ‘actress’ is less common now.,sample,sample,ok,,,,,,,
w-additional-adjective,additional,adjective,A2,Daily life,Simply & Normal,/ədˈɪʃənəl/,"thêm, bổ sung",more than what you already have or need,We need additional time to finish the work.,Chúng tôi cần thêm thời gian để hoàn thành việc.,There is no additional cost for delivery.,Giao hàng không phát sinh thêm chi phí.,additional cost; additional information; additional time,,sample,sample,ok,,,,,,,
w-advanced-adjective,advanced,adjective,A2,School,University & Study,/ədvˈænst/,nâng cao,at a high or difficult level of study,She joined an advanced class in English.,Cô ấy vào lớp tiếng Anh nâng cao.,The course is too advanced for beginners now.,Khóa học giờ quá nâng cao với người mới.,advanced class; advanced level; too advanced,,sample,sample,ok,,,,,,,
w-adventure-noun,adventure,noun,A2,Media,Well-known & Original,/ædvˈɛntʃɚ/,cuộc phiêu lưu,an exciting and sometimes risky experience,We read a book about a sea adventure.,Chúng tôi đọc sách về một cuộc phiêu lưu trên biển.,Their trip became a real adventure for everyone.,Chuyến đi trở thành cuộc phiêu lưu thật sự với mọi người.,great adventure; sense of adventure; adventure story,,warning:LEVEL_LEAK,must,ok,,,,,,,level_leak_ok
w-advertisement-noun,advertisement,noun,A2,Shopping,Suit & Mirror,/ædvˈɝtəzmənt/,quảng cáo,a public message that sells a product,I saw an advertisement for shoes online.,Tôi thấy quảng cáo giày trên mạng.,That advertisement on TV was very loud.,Quảng cáo đó trên TV rất ồn.,TV advertisement; online advertisement; place an advertisement,,sample,sample,ok,,,,,,,
w-advertising-noun,advertising,noun,A2,Shopping,Can & Half-price,/ˈædvɚtˌaɪzɪŋ/,ngành quảng cáo; hoạt động quảng bá,the activity of making products known,She works in advertising at a big firm.,Cô ấy làm trong ngành quảng cáo ở công ty lớn.,Online advertising reaches many new customers.,Quảng cáo trực tuyến tiếp cận nhiều khách hàng mới.,online advertising; advertising agency; work in advertising,,warning:LEVEL_LEAK,must,ok,,,,,,,level_leak_ok
w-affair-noun,affair,noun,A2,Work,Lawyer & Manage,/əfˈɛɹ/,"vụ việc, công việc (công cộng)",a matter that people discuss or manage,The manager handled the affair very calmly.,Quản lý xử lý vụ việc rất bình tĩnh.,It is a private affair for our team only.,Đó là việc nội bộ chỉ dành cho nhóm chúng tôi.,private affair; current affairs; handle the affair,,sample,sample,ok,,,,,,,
w-after-adverb,after,adverb,A2,Daily life,It & All,/ˈæftɚ/,"sau đó, về sau",at a later time; following that moment,We ate dinner first and went home after.,Chúng tôi ăn tối trước rồi về sau.,"He arrived late, but called soon after.",Anh ấy đến muộn nhưng gọi ngay sau đó.,soon after; shortly after; day after,,sample,sample,ok,,,,,,,
w-age-noun,age,noun,A1,People,People & Man,/ˈeɪdʒ/,tuổi; độ tuổi,how many years a person has lived,What is your age on the form?,"Trên mẫu, tuổi của bạn là bao nhiêu?",Children of any age can join.,Trẻ em mọi độ tuổi đều có thể tham gia.,at the age of; middle age; same age,,sample,sample,ok,,,,,,,
w-agony-noun,agony,noun,B2,Media,Media God,/ˈæɡəni/,"nỗi đau khổ cực độ, sự đau đớn",very great physical or mental pain and suffering,He waited in agony for the test results all week.,Anh ấy chờ kết quả xét nghiệm trong lo lắng tột độ cả tuần.,The injury caused her agony every time she moved.,Vết thương khiến cô ấy đau đớn mỗi lần cử động.,in agony; sheer agony; agony aunt,,sample,sample,ok,,,,,,,
w-airplane-noun,airplane,noun,A1,Travel,Beach & Bus,/ˈɛɹplˌeɪn/,máy bay,a flying vehicle that carries people,Our airplane leaves at six.,Máy bay của chúng ta khởi hành lúc sáu giờ.,I feel nervous on a small airplane.,Mình hơi hồi hộp khi ngồi máy bay nhỏ.,by airplane; take an airplane; airplane ticket,US spelling; UK often uses ‘aeroplane’ or ‘plane’.,warning:LEVEL_LEAK,must,ok,,,,,,,level_leak_ok
w-alive-adjective,alive,adjective,A2,Daily life,Gradually & Raise,/əlˈaɪv/,còn sống,not dead; still living,I am glad your pet cat is still alive today.,Mình mừng vì mèo cưng của bạn hôm nay vẫn còn sống.,The fish were alive when we bought them yesterday.,Hôm qua mua về cá vẫn còn sống.,still alive; stay alive; come alive,,sample,sample,ok,,,,,,,
w-almost-adverb,almost,adverb,A1,Daily life,Become & Give,/ˈɔlmˌoʊst/,"gần như, hầu như",very nearly but not completely,I almost missed the morning bus.,Mình suýt lỡ chuyến xe buổi sáng.,Dinner is almost ready now.,Bữa tối gần như sẵn sàng rồi.,almost ready; almost always; almost forgot,,warning:LEVEL_LEAK,must,ok,,,,,,,level_leak_ok
w-along-adverb,along,adverb,A1,Daily life,Become & Give,/əlˈɔŋ/,đi cùng; về phía trước,"forward with someone, or continuing a way",Come along with us to lunch.,Đi cùng chúng tôi ăn trưa nhé.,The work is moving along well.,Công việc đang tiến triển tốt.,come along; get along; move along,Adverb sense; not the preposition ‘along the street’.,warning:LEVEL_LEAK,must,ok,,,,,,,level_leak_ok
w-already-adverb,already,adverb,A1,Daily life,Become & Give,/ɔlɹˈɛdi/,"đã, rồi","before now, or sooner than expected",I have already finished my report.,Mình đã xong báo cáo rồi.,Is it already time to leave?,Đã đến giờ đi rồi sao?,already done; already know; already here,Often used with present perfect: have already + past participle.,warning:LEVEL_LEAK,must,ok,,,,,,,level_leak_ok
w-alternative-adjective,alternative,adjective,B1,Daily life,Measure & Rise,/ɔltˈɝnətɪv/,"thay thế, khác",able to be used instead of something else,Is there an alternative route to the airport?,Có đường khác đến sân bay không?,We need an alternative plan if it rains.,Nếu trời mưa chúng ta cần phương án thay thế.,alternative route; alternative plan; alternative option,,sample,sample,ok,,,,,,,
w-although-conjunction,although,conjunction,A2,Grammar words,Grammar words essentials,/ˌɔlðˈoʊ/,"mặc dù, dù",used to show contrast with the main idea,"Although it was late, we kept working on the report.","Dù đã muộn, chúng tôi vẫn tiếp tục làm báo cáo.","Although I was tired, I cooked dinner for my family.","Mặc dù mệt, tôi vẫn nấu bữa tối cho gia đình.",although sometimes; although still; although not,,warning:LEVEL_LEAK,must,ok,,,,,,,level_leak_ok
w-always-adverb,always,adverb,A1,Daily life,Get & Old,/ˈɔlwˌeɪz/,"luôn luôn, lúc nào cũng",at all times; every time,I always check my email in the morning.,Sáng nào mình cũng kiểm tra email.,He is always kind to new staff.,Anh ấy lúc nào cũng tử tế với nhân viên mới.,always remember; almost always; always late,,warning:LEVEL_LEAK,must,ok,,,,,,,level_leak_ok
w-amusement-noun,amusement,noun,A2,Sports,Tune & Golf,/əmjˈuzmənt/,"sự giải trí, niềm vui",the feeling of having fun or being entertained,The children watched the show with great amusement.,Bọn trẻ xem buổi biểu diễn với vẻ thích thú.,There is a small amusement park near our hotel.,Gần khách sạn có một công viên giải trí nhỏ.,amusement park; to my amusement; source of amusement,,sample,sample,ok,,,,,,,
w-analyst-noun,analyst,noun,B2,People,Residence & Divorce,/ˈænəlɪst/,"nhà phân tích, chuyên viên phân tích",a person who studies data or information carefully,Our analyst reviewed the sales figures this week.,Chuyên viên phân tích của chúng tôi rà soát số liệu bán hàng tuần này.,The analyst explained the trend in simple terms.,Nhà phân tích giải thích xu hướng bằng ngôn ngữ đơn giản.,financial analyst; data analyst; market analyst,,sample,sample,ok,,,,,,,
w-ancient-adjective,ancient,adjective,A2,Society,Attack & Ancient,/ˈeɪntʃənt/,"cổ xưa, rất lâu đời",very old; from a long time ago,We visited an ancient temple during our trip last week.,Tuần trước trong chuyến đi chúng tôi thăm một ngôi chùa cổ.,These ancient tools were found near the old river.,Những dụng cụ cổ này được tìm thấy gần con sông cũ.,ancient history; ancient city; ancient times,,sample,sample,ok,,,,,,,
w-angel-noun,angel,noun,A2,Media,Well-known & Original,/ˈeɪndʒəl/,thiên thần,"a kind spirit, often shown with wings in stories",The little girl dressed as an angel for the school play.,Bé gái hóa trang thành thiên thần trong vở kịch trường.,"In the film, an angel helps the main character at night.","Trong phim, một thiên thần giúp nhân vật chính vào ban đêm.",guardian angel; like an angel; angel wings,,warning:LEVEL_LEAK,must,ok,,,,,,,level_leak_ok
w-angry-adjective,angry,adjective,A1,Feelings,Like & Want,/ˈæŋɡɹi/,"tức giận, giận dữ",feeling strong dislike because of something bad,He felt angry about the long delay.,Anh ấy giận vì bị chậm lâu.,Please do not get angry with me.,Đừng giận mình nhé.,get angry; angry with; angry about,angry with a person; angry about a situation.,warning:LEVEL_LEAK,must,ok,,,,,,,level_leak_ok
w-ankle-noun,ankle,noun,A2,Health,Back & Hand,/ˈæŋkəl/,mắt cá chân,the joint where your foot joins your leg,I hurt my ankle when I fell on the stairs yesterday.,Hôm qua tôi trượt cầu thang và đau mắt cá chân.,These shoes feel too tight around my left ankle now.,Giờ đôi giày này bó quá chỗ mắt cá chân trái của tôi.,sprain an ankle; ankle injury; broken ankle,,warning:LEVEL_LEAK,must,ok,,,,,,,level_leak_ok
w-annual-adjective,annual,adjective,B1,Work,Full-time & Part-time,/ˈænjuəl/,hàng năm,happening once every year,Our annual meeting is in March.,Cuộc họp thường niên của chúng ta vào tháng ba.,She received her annual bonus last week.,Tuần trước cô ấy nhận thưởng cuối năm.,annual meeting; annual report; annual bonus,,sample,sample,ok,,,,,,,
w-appeal-verb,appeal,verb,B2,Daily life,Double & Somewhat,/əpˈil/,"thu hút, hấp dẫn",to be interesting or attractive to someone,Quiet beaches appeal to me more than loud resorts.,Bãi biển yên tĩnh thu hút tôi hơn khu nghỉ ồn ào.,Does this menu appeal to your whole family?,Thực đơn này có hấp dẫn cả gia đình bạn không?,appeal to someone; broad appeal; strongly appeal,,sample,sample,ok,,,,,,,
w-apply-verb,apply,verb,A2,Daily life,Apply & Accept,/əplˈaɪ/,"nộp đơn, xin; bôi, thoa","to request something formally, or put on a surface",I want to apply for that job online.,Mình muốn nộp đơn xin việc đó trực tuyến.,Please apply this cream to your skin gently.,Hãy bôi kem này lên da một cách nhẹ nhàng.,apply for a job; apply online; apply to the skin,,warning:LEVEL_LEAK,must,ok,,,,,,,level_leak_ok
w-appreciate-verb,appreciate,verb,A2,Daily life,Split & Belong,/əpɹˈiʃiˌeɪt/,cảm kích; đánh giá cao,"to feel grateful, or to value something highly",I really appreciate your help with the move.,Mình thật sự cảm kích vì bạn giúp chuyển nhà.,We appreciate good service at this restaurant.,Chúng tôi đánh giá cao dịch vụ tốt ở nhà hàng này.,really appreciate; appreciate your help; greatly appreciate,,warning:LEVEL_LEAK,must,ok,,,,,,,level_leak_ok
w-apron-noun,apron,noun,A1,Shopping,Card & Spend,/ˈeɪpɹən/,tạp dề,a cloth worn over clothes when cooking or cleaning,She wears an apron in the kitchen.,Cô ấy đeo tạp dề khi vào bếp.,I bought a new apron yesterday.,Hôm qua mình mua cái tạp dề mới.,wear an apron; kitchen apron; cooking apron,,warning:LEVEL_LEAK,must,ok,,,,,,,level_leak_ok
w-arena-noun,arena,noun,B2,Sports,Pop & Recreation,/ɚˈinə/,"nhà thi đấu, sân vận động",a large building or area for sports or events,The concert filled the arena with excited fans.,Buổi hòa nhạc lấp đầy nhà thi đấu với người hâm mộ háo hức.,Our team trains at the arena twice a week.,Đội của chúng tôi tập ở sân vận động hai lần mỗi tuần.,sports arena; indoor arena; arena crowd,,sample,sample,ok,,,,,,,
w-arithmetic-noun,arithmetic,noun,B1,School,Admission & Biology,/ˌɛɹɪθmˈɛtɪk/,số học,"basic math with numbers, such as adding and subtracting",Children learn arithmetic in the first years of school.,Trẻ học số học trong những năm đầu ở trường.,Good arithmetic helps when you shop and pay bills.,Số học tốt giúp ích khi đi mua sắm và trả hóa đơn.,basic arithmetic; mental arithmetic; arithmetic skills,,sample,sample,ok,,,,,,,
w-arm-noun,arm,noun,A1,Health,Mouth & Sleep,/ˈɑɹm/,cánh tay,the part of the body between the shoulder and the hand,My left arm hurts today.,Hôm nay cánh tay trái mình đau.,He broke his arm last year.,Năm ngoái anh ấy bị gãy tay.,break an arm; left arm; raise your arm,,warning:LEVEL_LEAK,must,ok,,,,,,,level_leak_ok
w-arm-verb,arm,verb,B1,Health,Back & Patient,/ˈɑɹm/,"tiêm chủng, tăng cường miễn dịch",to give a vaccine so the body can fight disease,Vaccines arm the body against many common diseases.,Vắc-xin giúp cơ thể chống lại nhiều bệnh thường gặp.,A flu shot can arm you for the cold season.,Mũi tiêm cúm giúp bạn chống bệnh mùa lạnh.,arm against disease; arm with a vaccine; arm patients,,sample,sample,ok,,,,,,,
w-around-preposition,around,preposition,A1,Grammar words,Up & Between,/ɚˈaʊnd/,"quanh, xung quanh",on every side of something or someone,There are shops around the park.,Có nhiều cửa hàng quanh công viên.,Please put the chairs around the table.,Nhờ xếp ghế quanh bàn.,around the table; around the city; look around,,sample,sample,ok,,,,,,,
w-art-noun,art,noun,A1,School,Know & Study,/ˈɑɹt/,nghệ thuật; môn mỹ thuật,"painting, drawing, and similar creative school subjects",I have art class on Monday.,Thứ Hai mình có tiết mỹ thuật.,She really loves modern art.,Cô ấy rất thích nghệ thuật hiện đại.,art class; modern art; work of art,,warning:LEVEL_LEAK,must,ok,,,,,,,level_leak_ok
w-article-noun,article,noun,A1,Shopping,Order & School,/ˈɑɹtəkəl/,"món hàng, mặt hàng",a single item that you can buy in a shop,This shop sells many useful articles.,Cửa hàng này bán nhiều mặt hàng hữu ích.,Please check each article before payment.,Vui lòng kiểm tra từng món trước khi thanh toán.,household articles; toilet articles; articles for sale,shopping sense (not a news article),warning:LEVEL_LEAK,must,ok,,,,,,,level_leak_ok
w-artificial-adjective,artificial,adjective,A2,Technology,Technology Out-of-date,/ˌɑɹtəfˈɪʃəl/,"nhân tạo, giả","made by people, not found in nature",This plant is artificial but it looks real.,Cây này là giả nhưng trông như thật.,The room has artificial light after sunset.,"Sau khi trời tối, phòng dùng đèn nhân tạo.",artificial light; artificial flowers; artificial intelligence,,warning:LEVEL_LEAK,must,ok,,,,,,,level_leak_ok
w-assistance-noun,assistance,noun,B1,Work,Work Leading,/əsˈɪstəns/,"sự giúp đỡ, hỗ trợ",help or support given to someone who needs it,Thank you for your assistance with the report.,Cảm ơn bạn đã hỗ trợ mình với báo cáo.,We offer free assistance to new staff members.,Chúng tôi hỗ trợ miễn phí cho nhân viên mới.,financial assistance; with assistance; offer assistance,,sample,sample,ok,,,,,,,
w-assistant-adjective,assistant,adjective,A2,Work,Company & Production,/əsˈɪstənt/,"phụ, trợ (cấp dưới)",having a lower rank that helps a senior person,He is an assistant manager at the store.,Anh ấy là phó quản lý cửa hàng.,The assistant director helped plan the meeting.,Phó giám đốc đã giúp lên kế hoạch cuộc họp.,assistant manager; assistant director; assistant teacher,,warning:LEVEL_LEAK,must,ok,,,,,,,level_leak_ok
w-astronomy-noun,astronomy,noun,B2,School,Prose & Conquest,/əstɹˈɑnəmi/,thiên văn học,the scientific study of stars and space,She chose astronomy because she loves the night sky.,Cô ấy chọn thiên văn vì yêu bầu trời đêm.,Our club watched a lecture on astronomy online.,Câu lạc bộ xem bài giảng về thiên văn học trực tuyến.,study astronomy; astronomy club; modern astronomy,,sample,sample,ok,,,,,,,
w-athlete-noun,athlete,noun,A2,Work,Lawyer & Manage,/ˈæθlˌit/,vận động viên,a person who is trained to compete in sport,The athlete trains early every morning.,Vận động viên tập luyện sớm mỗi sáng.,She is a talented athlete on our team.,Cô ấy là vận động viên tài năng trong đội mình.,professional athlete; talented athlete; young athlete,,warning:LEVEL_LEAK,must,ok,,,,,,,level_leak_ok
w-average-adjective,average,adjective,A2,Daily life,Simply & Normal,/ˈævɚɪdʒ/,trung bình; bình thường,typical or in the middle of a range,The average temperature here is quite mild.,Nhiệt độ trung bình ở đây khá dễ chịu.,He is an average student but works hard.,Cậu ấy học ở mức trung bình nhưng chăm chỉ.,average price; above average; on average,,warning:LEVEL_LEAK,must,ok,,,,,,,level_leak_ok
w-award-noun,award,noun,A2,Media,Well-known & Original,/əwˈɔɹd/,"giải thưởng, phần thưởng",a prize given for doing something well,She won an award for her short film.,Cô ấy đoạt giải vì bộ phim ngắn của mình.,The team got an award at the ceremony.,Đội nhận giải thưởng trong lễ trao giải.,win an award; receive an award; annual award,,warning:LEVEL_LEAK,must,ok,,,,,,,level_leak_ok
w-baby-noun,baby,noun,A1,People,Girl & Address,/bˈeɪbi/,em bé,a very young child,The baby is sleeping now.,Em bé đang ngủ.,She has a baby girl.,Cô ấy sinh một bé gái.,baby boy; baby girl; have a baby,,sample,sample,ok,,,,,,,
w-back-adjective,back,adjective,A2,Health,Back & Hand,/bˈæk/,ở phía sau (cơ thể); lưng,related to the rear part of your body,I have bad back pain after work today.,Hôm nay tan làm tôi đau lưng khá nặng.,The nurse checked my back muscles carefully.,Y tá kiểm tra cơ vùng lưng của tôi cẩn thận.,back pain; back injury; back muscles,,warning:LEVEL_LEAK,must,ok,,,,,,,level_leak_ok
w-back-noun,back,noun,A1,Health,Back & Back,/bˈæk/,lưng,the part of the body opposite the chest,My back hurts after work.,Tan làm xong lưng mình đau.,Lie on your back and rest.,Nằm ngửa và nghỉ ngơi đi.,back pain; hurt your back; lie on your back,body part sense; not the adverb ‘back’,warning:LEVEL_LEAK,must,ok,,,,,,,level_leak_ok
w-bad-adjective,bad,adjective,A1,Daily life,Live & Big,/bˈæd/,"xấu, tệ",not good; of low quality or unpleasant,The weather is bad today.,Hôm nay thời tiết tệ.,This morning coffee tastes bad.,Cà phê sáng nay uống dở.,bad weather; bad news; feel bad,comparative: worse; superlative: worst,warning:LEVEL_LEAK,must,ok,,,,,,,level_leak_ok
w-bag-noun,bag,noun,A1,Appearance,Button & Bag,/bˈæɡ/,"túi, cặp",a soft container for carrying things,She carries a small bag.,Cô ấy mang một chiếc túi nhỏ.,I left my bag at home.,Mình để quên túi ở nhà.,handbag; shopping bag; carry a bag,,warning:LEVEL_LEAK,must,ok,,,,,,,level_leak_ok
w-balcony-noun,balcony,noun,A2,Home,Container & Bench,/bˈælkəni/,ban công,a small outdoor platform on a building wall,We drink tea on the balcony every morning.,Mỗi sáng chúng tôi uống trà trên ban công.,The flowers on our balcony look very nice.,Hoa trên ban công nhà mình trông rất đẹp.,on the balcony; balcony door; small balcony,,warning:LEVEL_LEAK,must,ok,,,,,,,level_leak_ok
w-ball-noun,ball,noun,A1,Sports,Song & Star,/bˈɔl/,quả bóng,a round object used in many sports and games,The children play with a ball.,Bọn trẻ chơi với quả bóng.,He kicked the ball hard.,Anh ấy đá mạnh quả bóng.,kick a ball; throw a ball; ball game,,warning:LEVEL_LEAK,must,ok,,,,,,,level_leak_ok
w-band-noun,band,noun,A1,Appearance,Color & Color,/bˈænd/,"vòng, dây đeo (tóc, cổ tay)",a thin strip worn around the hair or wrist,She wears a red hair band.,Cô ấy đội băng đô đỏ.,I lost my watch band.,Mình làm mất dây đồng hồ.,hair band; wrist band; elastic band,appearance sense (not a music group),warning:LEVEL_LEAK,must,ok,,,,,,,level_leak_ok
w-bank-verb,bank,verb,A2,Shopping,Can & Half-price,/bˈæŋk/,gửi tiền vào ngân hàng,to put money into an account safely,I bank my salary on the first day.,Ngày đầu tháng tôi gửi lương vào ngân hàng.,Please bank the cash before you leave.,"Trước khi về, nhớ gửi tiền mặt vào ngân hàng.",bank your salary; bank the money; bank online,,warning:LEVEL_LEAK,must,ok,,,,,,,level_leak_ok
w-bar-noun,bar,noun,A1,Food,Water & Water,/bˈɑɹ/,thanh (sô-cô-la); quán bán đồ uống,"a piece of snack food, or a place that serves drinks",I bought a chocolate bar.,Mình mua một thanh sô-cô-la.,We met at a small bar.,Chúng tôi gặp nhau ở một quán nhỏ.,chocolate bar; snack bar; cereal bar,food sense first; also a drinks place,sample,sample,ok,,,,,,,
w-barbecue-noun,barbecue,noun,A2,Sports,Tune & Golf,/bˈɑɹbɪkjˌu/,tiệc nướng ngoài trời,outdoor cooking and meal on a grill,We had a barbecue after the football match.,Sau trận bóng đá chúng tôi có tiệc nướng.,He brought meat for the team barbecue today.,Hôm nay anh ấy mang thịt cho buổi tiệc nướng của đội.,have a barbecue; barbecue party; outdoor barbecue,Mỹ: barbecue; Anh thường viết BBQ,warning:LEVEL_LEAK,must,ok,,,,,,,level_leak_ok
w-barn-noun,barn,noun,B2,Home,Home Outside,/bˈɑɹn/,"chuồng, kho thóc (trang trại)",a large farm building for animals or crops,They stored hay in the red barn behind the house.,Họ cất rơm trong chuồng đỏ phía sau nhà.,Lightning damaged the old barn during the storm.,Sét làm hỏng kho thóc cũ trong cơn bão.,red barn; barn door; old barn,,sample,sample,ok,,,,,,,
w-bat-noun,bat,noun,A1,Sports,Pop & Recreation,/bˈæt/,gậy (bóng chày),a long stick used to hit a ball in sports,He hit the ball with a bat.,Anh ấy đánh bóng bằng gậy.,Please bring your bat tomorrow.,Ngày mai nhớ mang gậy theo.,baseball bat; swing a bat; hold a bat,sports sense (not the flying animal),warning:LEVEL_LEAK,must,ok,,,,,,,level_leak_ok
w-bath-noun,bath,noun,A1,Home,Kitchen & Hole,/bˈæθ/,bồn tắm; việc tắm bồn,a large container you fill with water to wash in,I take a bath every night.,Tối nào mình cũng tắm bồn.,The bath is full of hot water.,Bồn tắm đang đầy nước nóng.,take a bath; hot bath; run a bath,UK often bath; US often bathtub / take a bath,sample,sample,ok,,,,,,,
w-battle-noun,battle,noun,B1,Society,General & Public,/bˈætəl/,"cuộc chiến, cuộc đấu tranh",a fight between groups or a long difficult struggle,The battle for clean water affects many towns.,Cuộc đấu tranh vì nước sạch ảnh hưởng nhiều thị xã.,History class discussed a famous battle last week.,Tuần trước lớp sử học bàn về một trận đánh nổi tiếng.,battle for; long battle; famous battle,,sample,sample,ok,,,,,,,
w-beach-noun,beach,noun,A1,Travel,Beach & Bus,/bˈitʃ/,bãi biển,a sandy or rocky place by the sea,We walked on the beach this morning.,Sáng nay chúng tôi đi dạo trên bãi biển.,The beach is quiet after lunch.,Sau bữa trưa bãi biển rất vắng.,on the beach; go to the beach; sandy beach,,warning:LEVEL_LEAK,must,ok,,,,,,,level_leak_ok
w-bean-noun,bean,noun,A1,Food,Potato & Bean,/bˈin/,đậu,a small seed used as food,I like rice with green beans.,Mình thích cơm với đậu que.,These beans need more salt.,Mấy hạt đậu này cần thêm muối.,green beans; coffee beans; baked beans,,warning:LEVEL_LEAK,must,ok,,,,,,,level_leak_ok
w-bedroom-noun,bedroom,noun,A1,Home,Kitchen & Hole,/bˈɛdɹˌum/,phòng ngủ,a room in a home where you sleep,My bedroom is small but quiet.,Phòng ngủ của mình nhỏ nhưng yên tĩnh.,We painted the bedroom last week.,Tuần trước chúng tôi sơn phòng ngủ.,master bedroom; in the bedroom; bedroom door,,sample,sample,ok,,,,,,,
w-bee-noun,bee,noun,A1,School,Copy & Poem,/bˈi/,ong,a small flying insect that makes honey,A bee sat on the classroom flower.,Một con ong đậu trên bông hoa trong lớp.,Children learn about bees at school.,Trẻ em học về ong ở trường.,honey bee; bee sting; busy as a bee,,warning:LEVEL_LEAK,must,ok,,,,,,,level_leak_ok
w-beer-noun,beer,noun,A2,Food,Food Order,/bˈɪɹ/,bia,an alcoholic drink made from grain,He ordered a cold beer with his meal.,Anh ấy gọi một ly bia lạnh kèm bữa ăn.,We do not drink beer at work events.,Ở sự kiện công ty chúng tôi không uống bia.,cold beer; a glass of beer; drink beer,,warning:LEVEL_LEAK,must,ok,,,,,,,level_leak_ok
w-before-preposition,before,preposition,A1,Grammar words,Up & Between,/bɪfˈɔɹ/,trước (về thời gian hoặc vị trí),"earlier than something, or in front of it",Please wash your hands before lunch.,Hãy rửa tay trước khi ăn trưa.,She sits before the class every day.,Cô ấy ngồi trước lớp mỗi ngày.,before lunch; before work; before the meeting,preposition: before + noun/time,sample,sample,ok,,,,,,,
w-being-noun,being,noun,A2,Communication,Communication essentials,/bˈiɪŋ/,sinh vật sống; sự tồn tại,a living person or creature that exists,Every human being needs rest and food.,Mọi con người đều cần nghỉ ngơi và ăn uống.,Kindness shows in how we treat other beings.,Lòng tốt thể hiện qua cách ta đối xử với sinh vật khác.,human being; living being; other beings,,warning:LEVEL_LEAK,must,ok,,,,,,,level_leak_ok
w-bell-noun,bell,noun,A1,Shopping,Card & Spend,/bˈɛl/,chuông,a metal object that makes a ringing sound,Please ring the bell at the shop.,Vui lòng bấm chuông ở cửa hàng.,I heard the bell at the door.,Mình nghe tiếng chuông cửa.,ring the bell; door bell; shop bell,,warning:LEVEL_LEAK,must,ok,,,,,,,level_leak_ok
w-belong-verb,belong,verb,A2,Daily life,Split & Belong,/bɪlˈɔŋ/,thuộc về; là thành viên,to be owned by someone or be part of a group,This key belongs to my sister.,Chiếc chìa khóa này thuộc về chị gái tôi.,I belong to a local book club now.,Giờ tôi là thành viên câu lạc bộ sách địa phương.,belong to; belong together; feel you belong,,sample,sample,ok,,,,,,,
w-below-adverb,below,adverb,A1,Daily life,Open & Open,/bɪlˈoʊ/,"ở dưới, bên dưới",in a lower place or to a lower level,Please read the notes below.,Vui lòng đọc ghi chú bên dưới.,The flat below is very quiet.,Căn hộ bên dưới rất yên tĩnh.,see below; from below; noted below,,warning:LEVEL_LEAK,must,ok,,,,,,,level_leak_ok
w-belt-noun,belt,noun,A2,Shopping,Suit & Mirror,/bˈɛlt/,thắt lưng,a strip worn around the waist on clothes,I bought a new leather belt yesterday.,Hôm qua tôi mua một chiếc thắt lưng da mới.,His belt is too long for these pants.,Thắt lưng của anh ấy dài quá với chiếc quần này.,leather belt; wear a belt; belt buckle,,warning:LEVEL_LEAK,must,ok,,,,,,,level_leak_ok
w-benefit-noun,benefit,noun,B1,Work,Work Leading,/bˈɛnəfɪt/,"quyền lợi, phúc lợi (công việc)",something helpful you receive from work or insurance,Health insurance is a key benefit at my company.,Bảo hiểm y tế là phúc lợi quan trọng ở công ty tôi.,The new job offers more benefits than my old one.,Công việc mới có nhiều quyền lợi hơn chỗ cũ.,employee benefits; health benefit; key benefit,,sample,sample,ok,,,,,,,
w-benefit-verb,benefit,verb,B2,Daily life,Double & Somewhat,/bˈɛnəfɪt/,"có lợi, được lợi",to receive help or advantage from something,Students benefit from regular feedback on drafts.,Sinh viên được lợi từ phản hồi thường xuyên về bản nháp.,The whole team will benefit if we share tasks.,Cả đội sẽ có lợi nếu chúng ta chia việc.,benefit from; greatly benefit; mutually benefit,,sample,sample,ok,,,,,,,
w-best-adverb,best,adverb,A1,Daily life,Become & Give,/bˈɛst/,một cách tốt nhất,in the most good or useful way,I work best in the morning.,Mình làm việc hiệu quả nhất vào buổi sáng.,This bag fits best in the car.,Cái túi này vừa nhất khi để trên xe.,work best; know best; fit best,adverb: how something is done (not ‘best friend’),sample,sample,fix,tốt nhất,in the best or most useful way,,,,,awkward_vi_and_ungrammatical_def
w-bike-noun,bike,noun,A1,Travel,Beach & Bus,/bˈaɪk/,xe đạp; xe máy (thân mật),"a bicycle, or informally a motorcycle",I go to work by bike.,Mình đi làm bằng xe đạp.,Can I borrow your bike today?,Hôm nay mượn xe của bạn được không?,by bike; ride a bike; bike ride,short for bicycle; in VN often also means motorcycle,sample,sample,ok,,,,,,,
w-biography-noun,biography,noun,B1,School,Admission & Biology,/baɪˈɑɡɹəfi/,"tiểu sử, sách viết về đời một người",a book that tells the story of someone's life,Our teacher assigned a short biography to read.,Giáo viên giao một cuốn tiểu sử ngắn để đọc.,I borrowed a biography from the school library.,Tôi mượn một cuốn tiểu sử ở thư viện trường.,read a biography; write a biography; short biography,,sample,sample,ok,,,,,,,
w-biscuit-noun,biscuit,noun,A1,Food,Potato & Bean,/bˈɪskət/,bánh quy,"a small, dry, sweet or plain baked snack",Would you like a biscuit with tea?,Bạn dùng bánh quy với trà không?,I bought a pack of biscuits.,Mình mua một gói bánh quy.,chocolate biscuit; pack of biscuits; tea and biscuits,UK biscuit ≈ US cookie,warning:LEVEL_LEAK,must,ok,,,,,,,level_leak_ok
w-bit-noun,bit,noun,A2,Communication,Communication essentials,/bˈɪt/,"một phần nhỏ, một chút",a small amount or piece of something,I need a bit more time to finish this.,Mình cần thêm chút thời gian để làm xong việc này.,She shared every bit of the news with us.,Cô ấy kể hết từng chút tin tức cho chúng tôi.,a bit more; every bit; wait a bit,,sample,sample,ok,,,,,,,
w-blackboard-noun,blackboard,noun,A2,School,Wisdom & Fail,/blˈækbˌɔɹd/,bảng đen (trong lớp học),a dark surface teachers write on with chalk,The teacher wrote the date on the blackboard.,Giáo viên viết ngày hôm nay lên bảng đen.,Please clean the blackboard after class today.,Hôm nay tan học nhớ lau bảng đen giúp nhé.,on the blackboard; clean the blackboard; write on the blackboard,,sample,sample,ok,,,,,,,
w-blood-noun,blood,noun,A2,Health,Back & Hand,/blˈʌd/,máu,the red liquid inside your body,The nurse took a small sample of blood today.,Hôm nay y tá lấy một mẫu máu nhỏ.,He cut his finger and lost some blood yesterday.,Hôm qua anh ấy đứt tay và chảy máu.,lose blood; blood test; donate blood,,warning:LEVEL_LEAK,must,ok,,,,,,,level_leak_ok
w-blue-noun,blue,noun,A1,Appearance,Color & Color,/blˈu/,màu xanh dương,the colour of a clear sky or the sea,Blue is a calm colour.,Màu xanh dương mang cảm giác dịu.,I prefer blue to green.,Mình thích xanh dương hơn xanh lá.,in blue; shades of blue; navy blue,noun sense = the colour (not the adjective),warning:LEVEL_LEAK,must,ok,,,,,,,level_leak_ok
w-board-noun,board,noun,A1,Home,World & Case,/bˈɔɹd/,tấm ván; bảng,a flat piece of wood used for a surface,Cut the vegetables on the board.,Thái rau trên cái thớt.,Please write your name on the board.,Xin hãy viết tên lên bảng.,cutting board; on the board; wooden board,,warning:LEVEL_LEAK,must,ok,,,,,,,level_leak_ok
w-boat-noun,boat,noun,A1,Travel,Way & Place,/bˈoʊt/,"thuyền, tàu nhỏ",a small vehicle that travels on water,We took a boat across the river.,Chúng tôi đi thuyền sang sông.,The boat leaves at nine o’clock.,Thuyền khởi hành lúc chín giờ.,take a boat; by boat; fishing boat,,warning:LEVEL_LEAK,must,ok,,,,,,,level_leak_ok
w-body-noun,body,noun,A1,Health,Back & Back,/bˈɑdi/,cơ thể,the whole physical form of a person,Exercise is good for your body.,Tập thể dục tốt cho cơ thể.,Listen to your body when you feel tired.,Khi mệt hãy lắng nghe cơ thể mình.,human body; body language; take care of your body,,warning:LEVEL_LEAK,must,ok,,,,,,,level_leak_ok
w-book-verb,book,verb,B1,Media,Book & Act,/bˈʊk/,"đặt chỗ, đặt trước","to arrange tickets, a room, or an appointment",I booked two tickets for the film online.,Mình đặt hai vé xem phim trực tuyến.,Can you book a table for four on Friday?,Bạn đặt bàn cho bốn người thứ Sáu được không?,book a table; book online; book in advance,,sample,sample,ok,,,,,,,
w-bookcase-noun,bookcase,noun,A2,Shopping,Spoon & Mall,/bˈʊkkˌeɪs/,tủ sách,furniture with shelves for storing reading material,We put a new bookcase in the living room.,Chúng tôi đặt tủ sách mới trong phòng khách.,The bookcase is full of old novels already.,Tủ sách đã chật cứng tiểu thuyết cũ rồi.,wooden bookcase; tall bookcase; fill a bookcase,,sample,sample,ok,,,,,,,
w-bookshelf-noun,bookshelf,noun,A2,Home,Container & Bench,/bˈʊkʃˌɛlf/,kệ sách,a shelf or shelves used to hold reading material,Put those magazines on the top bookshelf please.,Đặt mấy tạp chí lên kệ sách trên cùng giúp nhé.,Our bookshelf is next to the window at home.,Ở nhà kệ sách đặt cạnh cửa sổ.,top bookshelf; wall bookshelf; on the bookshelf,,sample,sample,ok,,,,,,,
w-bookstore-noun,bookstore,noun,A1,Shopping,Card & Spend,/bˈʊkstˌɔɹ/,hiệu sách,a shop that sells books,I found this novel at the bookstore.,Mình tìm thấy tiểu thuyết này ở hiệu sách.,The bookstore closes at eight.,Hiệu sách đóng cửa lúc tám giờ.,local bookstore; at the bookstore; bookstore near me,US spelling; UK often uses ‘bookshop’,warning:LEVEL_LEAK,must,ok,,,,,,,level_leak_ok
w-bottle-noun,bottle,noun,A1,Food,Corn & Meal,/bˈɑtəl/,chai,a container with a narrow neck for liquids,Please bring a bottle of water.,Nhờ mang theo một chai nước.,This bottle is almost empty.,Chai này gần hết rồi.,a bottle of water; plastic bottle; empty bottle,,warning:LEVEL_LEAK,must,ok,,,,,,,level_leak_ok
w-bowl-noun,bowl,noun,A1,Shopping,Card & Spend,/bˈoʊl/,"bát, tô",a round deep dish for food,I need a large bowl for soup.,Mình cần một cái tô lớn để đựng súp.,She bought two bowls yesterday.,Hôm qua cô ấy mua hai cái bát.,a bowl of soup; mixing bowl; rice bowl,,warning:LEVEL_LEAK,must,ok,,,,,,,level_leak_ok
w-box-noun,box,noun,A1,Shopping,Order & School,/bˈɑks/,"hộp, thùng","a container with flat sides, often with a lid",Put the gifts in this box.,Cho quà vào cái hộp này.,The box is too heavy to carry.,"Cái thùng này nặng quá, khó mang.",cardboard box; gift box; open the box,,warning:LEVEL_LEAK,must,ok,,,,,,,level_leak_ok
w-boyfriend-noun,boyfriend,noun,A1,People,Mrs & Aunt,/bˈɔɪfɹˌɛnd/,bạn trai,a man someone is in a romantic relationship with,Her boyfriend works in an office.,Bạn trai cô ấy làm việc ở văn phòng.,I met my boyfriend at university.,Mình gặp bạn trai ở trường đại học.,my boyfriend; have a boyfriend; ex-boyfriend,,warning:LEVEL_LEAK,must,ok,,,,,,,level_leak_ok
w-brain-noun,brain,noun,A1,Health,Back & Back,/bɹˈeɪn/,"não, bộ não",the organ in your head that thinks and controls the body,Sleep helps your brain rest.,Ngủ giúp bộ não được nghỉ ngơi.,Stress is bad for the brain.,Căng thẳng không tốt cho não.,use your brain; brain health; train your brain,,warning:LEVEL_LEAK,must,ok,,,,,,,level_leak_ok
w-bread-noun,bread,noun,A1,Food,Water & Water,/bɹˈɛd/,bánh mì,a basic food made from flour and baked,I eat bread with eggs for lunch.,Bữa trưa mình ăn bánh mì với trứng.,Fresh bread smells so good.,Bánh mì mới nướng thơm quá.,a loaf of bread; fresh bread; slice of bread,uncountable: some bread (not ‘a bread’),warning:LEVEL_LEAK,must,ok,,,,,,,level_leak_ok
w-break-verb,break,verb,A1,Daily life,Closed & Visit,/bɹˈeɪk/,"làm vỡ, làm hỏng; nghỉ ngắn","to damage something, or to pause for a short time",Be careful not to break the glass.,Cẩn thận kẻo làm vỡ cái ly.,Let’s break for lunch now.,Nghỉ ăn trưa thôi.,break a glass; break for lunch; break the rules,irregular: break / broke / broken,warning:LEVEL_LEAK,must,ok,,,,,,,level_leak_ok
w-breeding-noun,breeding,noun,B1,School,Admission & Biology,/bɹˈidɪŋ/,"sự nhân giống (động vật, thực vật)",the process of producing young animals or plants,Our class studied cattle breeding in biology this term.,Học kỳ này lớp học về nhân giống gia súc trong sinh học.,Selective breeding can produce healthier farm animals.,Nhân giống chọn lọc có thể tạo ra vật nuôi khỏe hơn.,selective breeding; cattle breeding; plant breeding,,sample,sample,ok,,,,,,,
w-bridge-noun,bridge,noun,A1,Home,Bed & Floor,/bɹˈɪdʒ/,cầu,a structure that lets people cross over water or a road,There is a bridge near our house.,Gần nhà chúng tôi có một cây cầu.,We walk across the bridge every day.,Mỗi ngày chúng tôi đi bộ qua cầu.,cross the bridge; over the bridge; build a bridge,,warning:LEVEL_LEAK,must,ok,,,,,,,level_leak_ok
w-broken-adjective,broken,adjective,A1,Daily life,Closed & Visit,/bɹˈoʊkən/,"bị hỏng, bị vỡ",damaged and not working or in pieces,My phone screen is broken.,Màn hình điện thoại mình bị vỡ.,The broken chair is in the kitchen.,Cái ghế hỏng đang ở trong bếp.,broken phone; broken glass; fix broken,from break / broke / broken,warning:LEVEL_LEAK,must,ok,,,,,,,level_leak_ok
w-brush-noun,brush,noun,A1,School,Copy & Poem,/bɹˈʌʃ/,cọ (vẽ); bàn chải,a tool with hairs used for painting or cleaning,Use a soft brush for this painting.,Dùng cọ mềm để vẽ bức này.,Please wash the brush after class.,Sau giờ học nhớ rửa cọ.,paint brush; soft brush; wash the brush,school sense often = paintbrush; also hair brush,warning:LEVEL_LEAK,must,ok,,,,,,,level_leak_ok
w-bucket-noun,bucket,noun,A1,Shopping,Card & Spend,/bˈʌkət/,"cái xô, cái thùng (có quai)",a round container with a handle for carrying liquid,I need a bucket for the floor.,Mình cần một cái xô để lau sàn.,She bought a small bucket at the shop.,Cô ấy mua một cái xô nhỏ ở cửa hàng.,a bucket of water; plastic bucket; fill a bucket,,warning:LEVEL_LEAK,must,ok,,,,,,,level_leak_ok
w-building-noun,building,noun,A1,Home,World & Case,/bˈɪldɪŋ/,"tòa nhà, công trình",a structure with walls and a roof,That building has twenty floors.,Tòa nhà đó có hai mươi tầng.,Our office is in this building.,Văn phòng chúng tôi ở tòa nhà này.,office building; tall building; old building,,warning:LEVEL_LEAK,must,ok,,,,,,,level_leak_ok
w-burger-noun,burger,noun,A1,Food,Potato & Bean,/bˈɝɡɚ/,bánh mì kẹp thịt,a flat round meat patty in a bread roll,I ordered a burger for lunch.,Trưa nay mình gọi một phần burger.,This burger is too big for me.,Cái burger này với mình hơi to.,chicken burger; eat a burger; burger and fries,,warning:LEVEL_LEAK,must,ok,,,,,,,level_leak_ok
w-bus-noun,bus,noun,A1,Travel,Beach & Bus,/bˈʌs/,xe buýt,a large road vehicle that carries many passengers,The bus stops in front of the hotel.,Xe buýt dừng trước khách sạn.,We take the bus to the airport.,Chúng tôi đi xe buýt ra sân bay.,take the bus; bus stop; by bus,,warning:LEVEL_LEAK,must,ok,,,,,,,level_leak_ok
w-bus-stop-phrase,bus stop,phrase,A2,Travel,Far & Area,/bˈʌs stˈɑp/,trạm dừng xe buýt,a marked place where public transport picks up riders,Wait for me at the bus stop after work.,Tan làm gặp mình ở trạm xe buýt nhé.,The bus stop is just across from our office.,Trạm xe buýt ở ngay đối diện văn phòng chúng tôi.,at the bus stop; near the bus stop; wait at the bus stop,,warning:LEVEL_LEAK,must,ok,,,,,,,level_leak_ok
w-bush-noun,bush,noun,A2,Travel,Crowd & Remote,/bˈʊʃ/,bụi cây,a plant that is smaller than a tree,We walked past a row of green bushes today.,Hôm nay chúng tôi đi ngang hàng bụi cây xanh.,There is a small bush near the hotel entrance.,Gần lối vào khách sạn có một bụi cây nhỏ.,green bush; small bush; row of bushes,,sample,sample,ok,,,,,,,
w-but-conjunction,but,conjunction,A1,Grammar words,Grammar words essentials,/bˈʌt/,nhưng,used to show a difference or contrast,I want tea but not coffee.,Mình muốn trà chứ không phải cà phê.,It is cheap but very good.,Rẻ mà rất ngon.,but not; but also; nothing but,,warning:LEVEL_LEAK,must,ok,,,,,,,level_leak_ok
w-button-noun,button,noun,A1,Appearance,Button & Bag,/bˈʌtən/,cúc áo; nút bấm,a small round fastener on clothes or a control you press,One button on my shirt is missing.,Áo mình thiếu một cúc.,Press the red button to start.,Bấm nút đỏ để bắt đầu.,shirt button; press a button; missing button,,warning:LEVEL_LEAK,must,ok,,,,,,,level_leak_ok
w-buyer-noun,buyer,noun,B1,People,Prayer & Mutual,/bˈaɪɚ/,người mua,a person who buys something from a seller,The buyer asked for a lower price on the flat.,Người mua hỏi giảm giá căn hộ.,We need a buyer before we can move out.,Chúng tôi cần tìm được người mua trước khi chuyển đi.,potential buyer; first-time buyer; buyer and seller,,warning:LEVEL_LEAK,must,ok,,,,,,,level_leak_ok
w-cafeteria-noun,cafeteria,noun,A2,Food,Soda & Champagne,/kˌæfətˈɪɹiə/,căng tin,a place where you choose food and pay,I had lunch in the office cafeteria today.,Hôm nay mình ăn trưa ở căng tin công ty.,The cafeteria serves hot meals at a low price.,Căng tin bán bữa nóng với giá rẻ.,office cafeteria; school cafeteria; cafeteria food,,sample,sample,ok,,,,,,,
w-camera-noun,camera,noun,A1,Travel,Beach & Bus,/kˈæmɚə/,"máy ảnh, máy quay",a device for taking photos or videos,I bring my camera on trips.,Đi chơi mình mang theo máy ảnh.,Her camera is in the bag.,Máy ảnh của cô ấy ở trong túi.,digital camera; on camera; camera bag,,sample,sample,ok,,,,,,,
w-camp-noun,camp,noun,A1,Sports,Program & Practice,/kˈæmp/,trại; trại hè (thể thao),a place where people stay in tents or for training,The team stays at a training camp.,Đội ở tại trại tập luyện.,We set up camp near the lake.,Chúng tôi dựng trại gần hồ.,training camp; summer camp; set up camp,,warning:LEVEL_LEAK,must,ok,,,,,,,level_leak_ok
w-camp-verb,camp,verb,A2,Sports,Sports essentials,/kˈæmp/,cắm trại,to stay outdoors in a tent for fun,We will camp by the lake next weekend together.,Cuối tuần tới cả nhà cắm trại bên hồ.,They camped in the hills during the summer holiday.,Kỳ nghỉ hè họ cắm trại trên đồi.,camp overnight; camp by the lake; go camping,,warning:LEVEL_LEAK,must,ok,,,,,,,level_leak_ok
w-camping-noun,camping,noun,A2,Sports,Tune & Golf,/kˈæmpɪŋ/,"cắm trại, hoạt động cắm trại ngoài trời",staying outdoors in a tent for fun or rest,We went camping by the lake last weekend.,Cuối tuần rồi chúng tôi đi cắm trại bên hồ.,Camping is cheaper than staying in hotels.,Cắm trại rẻ hơn ở khách sạn.,go camping; camping trip; camping site,,warning:LEVEL_LEAK,must,ok,,,,,,,level_leak_ok
w-campus-noun,campus,noun,A2,School,Wisdom & Fail,/kˈæmpəs/,"khuôn viên trường (đại học, cao đẳng)",the land and buildings of a college or university,The library is on the main campus.,Thư viện nằm ở khuôn viên chính.,Students meet friends on campus after class.,Sinh viên gặp bạn bè trong khuôn viên sau giờ học.,on campus; main campus; campus life,,sample,sample,ok,,,,,,,
w-candy-noun,candy,noun,A1,Food,Potato & Bean,/kˈændi/,kẹo (kiểu Mỹ),"sweet food made from sugar, often in small pieces",The kids like candy after dinner.,Các con thích ăn kẹo sau bữa tối.,Do not eat too much candy.,Đừng ăn quá nhiều kẹo.,a piece of candy; hard candy; candy shop,US ‘candy’; UK often says ‘sweets’.,sample,sample,ok,,,,,,,
w-canon-noun,canon,noun,B2,Media,Media God,/kˈænən/,tác phẩm kinh điển được công nhận,the body of works officially accepted in a field or genre,That novel is part of the national literary canon.,Cuốn tiểu thuyết đó thuộc hệ tác phẩm văn học kinh điển của đất nước.,Fans debated which films belong in the sci-fi canon.,Fan tranh luận phim nào xứng đáng vào dòng kinh điển khoa học viễn tưởng.,literary canon; part of the canon; expand the canon,,sample,sample,ok,,,,,,,
w-cap-noun,cap,noun,A1,Appearance,Button & Bag,/kˈæp/,mũ lưỡi trai; nắp,a soft hat with a front peak,He wears a cap in the sun.,Anh ấy đội mũ khi ra nắng.,I lost my cap on the bus.,Mình đánh mất mũ trên xe buýt.,baseball cap; wear a cap; sun cap,,warning:LEVEL_LEAK,must,ok,,,,,,,level_leak_ok
w-captain-noun,captain,noun,A2,Work,Company & Production,/kˈæptən/,"đội trưởng, thuyền trưởng",the person who leads a team or commands a ship,Our captain spoke to the team before the match.,Đội trưởng nói chuyện với đội trước trận đấu.,The captain gave clear orders to the crew.,Thuyền trưởng đưa lệnh rõ ràng cho thủy thủ.,team captain; ship captain; captain of the team,,sample,sample,ok,,,,,,,
w-car-noun,car,noun,A1,Travel,Way & Place,/kˈɑɹ/,"ô tô, xe hơi",a road vehicle with four wheels for a few people,We rent a car for the trip.,Chúng tôi thuê ô tô cho chuyến đi.,My car is in the parking lot.,Xe của mình ở bãi đỗ.,rent a car; by car; park the car,,warning:LEVEL_LEAK,must,ok,,,,,,,level_leak_ok
w-car-park-phrase,car park,phrase,A2,Travel,Far & Area,/kˈɑɹ pˈɑɹk/,bãi đỗ xe (Anh),a place where drivers leave their cars,The hotel has a free car park.,Khách sạn có bãi đỗ xe miễn phí.,We found a space in the car park.,Chúng tôi tìm được chỗ trong bãi đỗ xe.,hotel car park; multi-storey car park; car park space,Tiếng Anh-Anh; Mỹ thường nói parking lot.,sample,sample,ok,,,,,,,
w-card-noun,card,noun,A1,Shopping,Card & Spend,/kˈɑɹd/,thẻ (thanh toán); thiệp,a small piece of plastic for paying or a paper greeting,Can I pay by card here?,Ở đây trả bằng thẻ được không?,She sent a card for my birthday.,Cô ấy gửi thiệp chúc sinh nhật cho mình.,credit card; pay by card; birthday card,,warning:LEVEL_LEAK,must,ok,,,,,,,level_leak_ok
w-care-noun,care,noun,A1,Health,Back & Back,/kˈɛɹ/,sự chăm sóc (sức khỏe),the work of keeping someone healthy and safe,Good care helps you recover fast.,Chăm sóc tốt giúp bạn hồi phục nhanh.,He needs care after the operation.,Sau phẫu thuật anh ấy cần được chăm sóc.,health care; take care of; medical care,,warning:LEVEL_LEAK,must,ok,,,,,,,level_leak_ok
w-careful-adjective,careful,adjective,A1,Feelings,Like & Want,/kˈɛɹfəl/,"cẩn thận, thận trọng",giving attention to avoid mistakes or harm,Be careful on the wet floor.,Cẩn thận vì sàn ướt.,She is careful with money.,Cô ấy chi tiêu rất cẩn thận.,be careful; careful with; very careful,,warning:LEVEL_LEAK,must,ok,,,,,,,level_leak_ok
w-carrot-noun,carrot,noun,A2,Shopping,Spoon & Mall,/kˈæɹət/,cà rốt,a long orange root vegetable people eat cooked or raw,She added carrot to the soup today.,Hôm nay cô ấy cho cà rốt vào súp.,I bought fresh carrot at the market.,Mình mua cà rốt tươi ở chợ.,fresh carrot; carrot soup; grated carrot,,sample,sample,ok,,,,,,,
w-cartoon-noun,cartoon,noun,A1,Sports,Pop & Recreation,/kɑɹtˈun/,phim hoạt hình,a funny drawn film or TV show for children,The kids watch a cartoon after school.,Tan học các con xem phim hoạt hình.,This cartoon is on every morning.,Phim hoạt hình này chiếu mỗi sáng.,watch a cartoon; cartoon show; funny cartoon,,sample,sample,ok,,,,,,,
w-cast-noun,cast,noun,B2,People,People essentials,/kˈæst/,dàn diễn viên,"all the actors who perform in a film, play, or show",The cast met for rehearsals every evening this week.,Dàn diễn viên tập dở mỗi tối trong tuần này.,A familiar face in the cast made the story feel real.,Một gương mặt quen trong dàn diễn khiến câu chuyện chân thật hơn.,full cast; supporting cast; cast member,,sample,sample,ok,,,,,,,
w-cd-noun,cd,noun,A1,Sports,Song & Star,/sˌidˈi/,đĩa CD,a small disc that stores music or data,I bought a CD at the shop.,Mình mua một đĩa CD ở cửa hàng.,This CD has ten good songs.,Đĩa CD này có mười bài hay.,music CD; buy a CD; CD case,,warning:LEVEL_LEAK,must,ok,,,,,,,level_leak_ok
w-cd-rom-noun,cd-rom,noun,B1,Media,Ad & Copyright,/sˈidˈiɹˈɑm/,đĩa lưu dữ liệu máy tính,a disc that stores computer data you read with a drive,The software came on a CD-ROM in the box.,Phần mềm đi kèm một đĩa CD-ROM trong hộp.,I found an old CD-ROM with family photos.,Mình tìm thấy đĩa CD-ROM cũ có ảnh gia đình.,CD-ROM drive; install from CD-ROM; blank CD-ROM,,warning:LEVEL_LEAK,must,ok,,,,,,,level_leak_ok
w-cell-noun,cell,noun,B1,School,School Development,/sˈɛl/,tế bào (sinh học),the smallest basic unit of a living thing,We drew a plant cell in biology class today.,Hôm nay lớp sinh học chúng tôi vẽ tế bào thực vật.,Each cell has parts that do different jobs.,Mỗi tế bào có các bộ phận làm việc khác nhau.,plant cell; human cell; cell wall,Also means a small prison room; here the school science sense.,sample,sample,ok,,,,,,,
w-certainly-adverb,certainly,adverb,A2,Daily life,Simply & Normal,/sˈɝtənli/,"chắc chắn, tất nhiên",without doubt; used to agree politely or emphasize,"Certainly, I can help you with that.","Tất nhiên, tôi có thể giúp bạn việc đó.",She will certainly arrive before noon.,Chắc chắn cô ấy sẽ đến trước trưa.,most certainly; certainly not; almost certainly,,warning:LEVEL_LEAK,must,ok,,,,,,,level_leak_ok
w-certificate-noun,certificate,noun,B2,School,Research & Test,/sɚtˈɪfɪkət/,"giấy chứng nhận, bằng cấp",an official paper that proves something is true or completed,Please bring your birth certificate to the appointment.,Vui lòng mang giấy khai sinh đến buổi hẹn.,She received a certificate after finishing the course.,Cô ấy nhận chứng chỉ sau khi hoàn thành khóa học.,birth certificate; training certificate; issue a certificate,,sample,sample,ok,,,,,,,
w-chair-noun,chair,noun,A1,Home,Bed & Floor,/tʃˈɛɹ/,ghế (có tựa lưng),a piece of furniture for one person to sit on,Please take a chair by the table.,Mời bạn ngồi ghế cạnh bàn.,This chair is very comfortable.,Chiếc ghế này rất thoải mái.,office chair; sit on a chair; empty chair,,warning:LEVEL_LEAK,must,ok,,,,,,,level_leak_ok
w-change-noun,change,noun,A1,Shopping,Order & School,/tʃˈeɪndʒ/,"tiền thối, tiền lẻ",money you get back when you pay too much,Here is your change from the shop.,Đây là tiền thối từ cửa hàng.,I keep small change in my bag.,Mình để tiền lẻ trong túi.,small change; keep the change; get change,,sample,sample,ok,,,,,,,
w-change-verb,change,verb,A1,Shopping,Order & School,/tʃˈeɪndʒ/,"đổi (hàng, tiền); thay",to give or receive different money or goods,Can I change this shirt for a larger size?,Mình đổi áo này sang size lớn hơn được không?,Where can I change dollars to local money?,Ở đâu mình đổi đô sang tiền địa phương?,change money; change clothes; change for,Different from the noun ‘change’ (tiền thối).,warning:LEVEL_LEAK,must,ok,,,,,,,level_leak_ok
w-character-noun,character,noun,A1,People,People & Man,/kˈɛɹɪktɚ/,"nhân vật (trong truyện, phim)","a person in a story, film, or book",My favourite character is kind and brave.,Nhân vật mình thích thì tốt bụng và dũng cảm.,Who is the main character in this film?,Nhân vật chính trong phim này là ai?,main character; favourite character; film character,Also means ‘tính cách’ in other contexts; here it is story sense.,warning:LEVEL_LEAK,must,ok,,,,,,,level_leak_ok
w-check-in-noun,check-in,noun,B1,Travel,Travel Check-in,/tʃˈɛk-ɪn/,"làm thủ tục (sân bay, khách sạn)",the process of registering when you arrive for a flight or stay,Online check-in saved us time at the airport.,Làm thủ tục trực tuyến giúp tiết kiệm thời gian ở sân bay.,Hotel check-in is after three in the afternoon.,Nhận phòng khách sạn sau ba giờ chiều.,online check-in; check-in desk; early check-in,Also: check-in desk,sample,sample,ok,,,,,,,
w-check-noun,check,noun,A1,Shopping,Order & School,/tʃˈɛk/,hóa đơn thanh toán (ở quán ăn),a paper that shows what you must pay,"Could we have the check, please?",Cho mình hóa đơn với?,The check includes tax and service.,Hóa đơn đã gồm thuế và phí phục vụ.,pay the check; ask for the check; split the check,US English; UK often says ‘bill’. Not ‘séc ngân hàng’ here.,warning:LEVEL_LEAK,must,ok,,,,,,,level_leak_ok
w-cheese-noun,cheese,noun,A1,Food,Corn & Meal,/tʃˈiz/,"phô mai, pho mát",a solid food made from milk,I like cheese on my sandwich.,Mình thích có phô mai trong bánh mì kẹp.,Please buy some cheese at the market.,Nhờ mua chút phô mai ở chợ.,slice of cheese; cheese sandwich; fresh cheese,,warning:LEVEL_LEAK,must,ok,,,,,,,level_leak_ok
w-chemical-adjective,chemical,adjective,A2,School,University & Study,/kˈɛməkəl/,"thuộc hóa học, có hóa chất",related to substances used in science or industry,Wear gloves when you use chemical products.,"Khi dùng sản phẩm hóa học, hãy đeo găng tay.",The factory stores chemical materials safely.,Nhà máy cất giữ nguyên liệu hóa học an toàn.,chemical reaction; chemical products; chemical industry,,warning:LEVEL_LEAK,must,ok,,,,,,,level_leak_ok
w-chemical-noun,chemical,noun,B1,Technology,Technology Out-of-date,/kˈɛməkəl/,hóa chất,"a substance used in industry or science, often made in a lab",Store each chemical in a clearly labeled bottle.,Cất từng hóa chất trong chai có nhãn rõ ràng.,This chemical can be dangerous if you touch it.,Hóa chất này có thể nguy hiểm nếu chạm vào da.,harmful chemical; chemical reaction; industrial chemical,,sample,sample,ok,,,,,,,
w-cheque-noun,cheque,noun,A2,Shopping,Spoon & Mall,/tʃˈɛk/,séc (ngân hàng),a written order to a bank to pay money to someone,He paid the rent by cheque this month.,Tháng này anh ấy trả tiền thuê bằng séc.,Please sign the cheque before you send it.,Hãy ký séc trước khi gửi đi.,pay by cheque; write a cheque; bank cheque,Chính tả Anh cheque; Mỹ viết check (cùng phát âm với động từ kiểm tra).,warning:LEVEL_LEAK,must,ok,,,,,,,level_leak_ok
w-chess-noun,chess,noun,A2,Sports,Tune & Golf,/tʃˈɛs/,cờ vua,a board game for two players with different pieces,My brother teaches me chess on Sundays.,Chủ nhật anh trai dạy tôi chơi cờ vua.,They played chess after dinner tonight.,Tối nay họ chơi cờ vua sau bữa tối.,play chess; chess game; chess board,,sample,sample,ok,,,,,,,
w-chili-noun,chili,noun,A2,Food,Soda & Champagne,/tʃˈɪli/,ớt; món ớt,a small hot pepper used in cooking,Add one chili if you like spicy food.,Thêm một quả ớt nếu bạn thích cay.,She grows chili in a pot on the balcony.,Cô ấy trồng ớt trong chậu trên ban công.,red chili; chili sauce; fresh chili,Viết khác: chilli (Anh),warning:LEVEL_LEAK,must,ok,,,,,,,level_leak_ok
w-chimpanzee-noun,chimpanzee,noun,A2,School,Wisdom & Fail,/tʃɪmpˈænzi/,tinh tinh,a large African ape that looks somewhat like a person,We learned about the chimpanzee in biology class.,Chúng tôi học về tinh tinh trong giờ sinh học.,The chimpanzee uses tools to find food.,Tinh tinh dùng dụng cụ để tìm thức ăn.,wild chimpanzee; chimpanzee family; study chimpanzees,,warning:LEVEL_LEAK,must,ok,,,,,,,level_leak_ok
w-cigarette-noun,cigarette,noun,A2,Sports,Sports essentials,/sˌɪɡɚˈɛt/,điều thuốc lá,a thin roll of tobacco that people smoke,Smoking a cigarette is bad for your health.,Hút thuốc lá có hại cho sức khỏe.,He quit cigarettes before the marathon last year.,Anh ấy bỏ thuốc trước giải chạy marathon năm ngoái.,light a cigarette; quit cigarettes; cigarette smoke,,warning:LEVEL_LEAK,must,fix,điếu thuốc lá,,,,,,typo_meaning_vi_dieu
w-circuit-noun,circuit,noun,B2,Travel,Travel essentials,/sˈɝkət/,đường đua; chuyến lưu diễn,a closed track for racing or a regular tour route,The race cars sped around the famous city circuit.,Xe đua lao vòng quanh đường đua nổi tiếng của thành phố.,The band plays small clubs on the regional circuit.,Ban nhạc biểu diễn ở các club nhỏ trong chuỗi lưu diễn vùng.,racing circuit; on the circuit; regional circuit,,sample,sample,ok,,,,,,,
w-classic-adjective,classic,adjective,A2,Media,Well-known & Original,/klˈæsɪk/,"kinh điển, cổ điển",liked for a long time and seen as very good,It is a classic film that everyone should see.,Đó là phim kinh điển ai cũng nên xem.,She wore a classic black dress to the party.,Cô ấy mặc váy đen cổ điển đi dự tiệc.,classic example; classic style; true classic,,sample,sample,ok,,,,,,,
w-classroom-noun,classroom,noun,A1,School,Copy & Poem,/klˈæsɹˌum/,phòng học,a room in a school where lessons happen,Please wait outside the classroom.,Vui lòng đợi bên ngoài phòng học.,The classroom has desks and a board.,Phòng học có bàn ghế và bảng.,classroom door; empty classroom; back of the classroom,,sample,sample,ok,,,,,,,
w-clean-adjective,clean,adjective,A1,Home,Bed & Floor,/klˈin/,"sạch, sạch sẽ",not dirty; free from dust or marks,The kitchen looks clean today.,Hôm nay bếp trông sạch sẽ.,Please wear clean clothes to work.,Đi làm nhớ mặc đồ sạch nhé.,clean room; nice and clean; keep clean,,sample,sample,ok,,,,,,,
w-clean-verb,clean,verb,A1,Home,Bed & Floor,/klˈin/,"dọn dẹp, lau chùi cho sạch",to remove dirt and make something tidy,I clean the bathroom every weekend.,Cuối tuần mình dọn phòng tắm.,Please clean your desk after class.,Tan học nhớ dọn bàn học cho sạch.,clean the house; clean up; clean the kitchen,,warning:LEVEL_LEAK,must,ok,,,,,,,level_leak_ok
w-cleaner-noun,cleaner,noun,A2,Home,Container & Bench,/klˈinɚ/,chất tẩy rửa; người dọn dẹp,a liquid or person used to make things clean,Use a mild cleaner on the kitchen counter.,Dùng chất tẩy nhẹ cho mặt bếp.,The office cleaner comes every Friday morning.,Người dọn văn phòng đến mỗi sáng thứ Sáu.,floor cleaner; hire a cleaner; all-purpose cleaner,,warning:LEVEL_LEAK,must,ok,,,,,,,level_leak_ok
w-click-verb,click,verb,A2,Technology,Technology Out-of-date,/klˈɪk/,nhấp (chuột); bấm,to press a button on a mouse or device quickly,Click the link to open the form online.,Nhấp vào liên kết để mở biểu mẫu trực tuyến.,Just click here and wait a few seconds.,Chỉ cần bấm vào đây và đợi vài giây.,click a button; click here; double-click,,warning:LEVEL_LEAK,must,ok,,,,,,,level_leak_ok
w-climbing-noun,climbing,noun,A2,Sports,Tune & Golf,/klˈaɪmɪŋ/,"leo núi, leo trèo (môn thể thao)",the sport or activity of going up rocks or walls,Climbing is good exercise for your whole body.,Leo núi là bài tập tốt cho cả cơ thể.,He started climbing at a gym near his office.,Anh ấy tập leo ở phòng gym gần chỗ làm.,rock climbing; indoor climbing; go climbing,,sample,sample,ok,,,,,,,
w-close-adjective,close,adjective,A1,Daily life,Open & Open,/klˈoʊs/,"gần, ở gần",not far away in distance or time,The bus stop is close to my home.,Trạm xe buýt gần nhà mình.,We are close friends at work.,Chúng tôi là bạn thân ở chỗ làm.,close to; close friend; very close,Pronounced /kləʊs/; the verb ‘close’ is /kləʊz/.,warning:LEVEL_LEAK,must,ok,,,,,,,level_leak_ok
w-close-verb,close,verb,A1,Daily life,Open & Open,/klˈoʊs/,"đóng (cửa, cửa sổ)",to shut something so it is not open,Please close the door quietly.,Nhớ đóng cửa nhẹ nhàng.,The shop closes at nine tonight.,Tối nay cửa hàng đóng cửa lúc chín giờ.,close the door; close the window; close early,Different pronunciation from the adjective ‘close’ (gần).,warning:LEVEL_LEAK,must,ok,,,,,,,level_leak_ok
w-closed-adjective,closed,adjective,A1,Daily life,Closed & Visit,/klˈoʊzd/,"đóng cửa, không mở",not open for people to enter or use,The shop is closed on Sundays.,Chủ nhật cửa hàng đóng cửa.,"Sorry, this door is closed now.","Xin lỗi, cánh cửa này đã đóng rồi.",closed today; temporarily closed; keep closed,,sample,sample,ok,,,,,,,
w-closely-adverb,closely,adverb,B1,Daily life,Worth & Obtain,/klˈoʊsli/,"một cách chặt chẽ, sát sao",with careful attention to every small detail,Watch closely so you do not miss any important steps.,Quan sát kỹ để không bỏ sót bước quan trọng nào.,The two departments worked closely on the new plan.,Hai phòng ban phối hợp chặt chẽ trong kế hoạch mới.,work closely; watch closely; look closely,,sample,sample,fix,"chặt chẽ, sát sao",,,,,,boilerplate_mot_cach
w-cloth-noun,cloth,noun,A1,Shopping,Card & Spend,/klˈɔθ/,"vải, miếng vải",material used for clothes or cleaning things,She bought blue cloth for a dress.,Cô ấy mua vải xanh để may váy.,Wipe the table with a clean cloth.,Lau bàn bằng miếng vải sạch nhé.,a piece of cloth; cotton cloth; clean cloth,,warning:LEVEL_LEAK,must,ok,,,,,,,level_leak_ok
w-club-noun,club,noun,A1,Sports,Program & Practice,/klˈʌb/,câu lạc bộ (thể thao),a group that meets regularly to play a sport,He joined a football club last year.,Năm ngoái anh ấy gia nhập câu lạc bộ bóng đá.,Our club trains every Saturday morning.,Câu lạc bộ tập luyện sáng thứ Bảy hàng tuần.,join a club; football club; sports club,,warning:LEVEL_LEAK,must,ok,,,,,,,level_leak_ok
w-coach-noun,coach,noun,A1,Travel,Beach & Bus,/kˈoʊtʃ/,xe khách (đường dài),a comfortable bus used for long journeys,We took a coach to the beach.,Chúng tôi đi xe khách ra biển.,The coach leaves at eight tonight.,Xe khách khởi hành lúc tám giờ tối nay.,take a coach; coach trip; coach station,"In travel, a coach is a long-distance bus, not a sports trainer.",warning:LEVEL_LEAK,must,ok,,,,,,,level_leak_ok
w-coast-noun,coast,noun,A2,Home,Home & Nature,/kˈoʊst/,bờ biển,the land beside the sea,We drove along the coast on our holiday.,Kỳ nghỉ chúng tôi lái xe dọc bờ biển.,Their house is near the coast and very quiet.,Nhà họ gần bờ biển và rất yên tĩnh.,along the coast; west coast; coast road,,sample,sample,ok,,,,,,,
w-coast-verb,coast,verb,B1,Travel,Travel Check-in,/kˈoʊst/,"trượt, lao theo quán tính (không dùng máy)","to move without power, using gravity or momentum",We coasted down the hill on our bicycles yesterday.,Hôm qua chúng tôi đạp xe trượt xuống dốc.,The car coasted to a stop at the red traffic light.,Xe trượt theo quán tính rồi dừng ở đèn đỏ.,coast downhill; coast to a stop; coast along,,sample,sample,ok,,,,,,,
w-coat-noun,coat,noun,A1,Appearance,Button & Bag,/kˈoʊt/,áo khoác,a warm outer piece of clothing for cold weather,Wear your coat before you go out.,Mặc áo khoác rồi hãy ra ngoài nhé.,Her new coat looks very nice.,Áo khoác mới của cô ấy trông đẹp lắm.,wear a coat; winter coat; take off your coat,,warning:LEVEL_LEAK,must,ok,,,,,,,level_leak_ok
w-coke-noun,coke,noun,A1,Food,Potato & Bean,/kˈoʊk/,nước ngọt có ga (vị cola),a sweet dark fizzy drink with cola flavour,She ordered a coke with her lunch.,Cô ấy gọi thêm một ly nước ngọt với bữa trưa.,"Can I have a glass of coke, please?",Cho mình một ly nước ngọt cola được không?,glass of coke; diet coke; order a coke,Often means cola soda in general; Coca-Cola is a brand name.,warning:LEVEL_LEAK,must,fix,,a sweet dark fizzy soft drink,,,,,def_brandish_cola
w-cold-adjective,cold,adjective,A1,Health,Back & Back,/kˈoʊld/,lạnh; bị cảm,"low in temperature, or ill with a runny nose",The water feels very cold today.,Hôm nay nước cảm thấy rất lạnh.,I feel cold and need to rest.,Mình bị cảm và cần nghỉ ngơi.,feel cold; cold water; catch a cold,As an adjective: temperature or mild illness (common cold).,warning:LEVEL_LEAK,must,ok,,,,,,,level_leak_ok
w-cold-noun,cold,noun,A1,Nature,Sun & Cold,/kˈoʊld/,"cái lạnh, thời tiết lạnh","low temperature, especially in winter weather",The cold makes the trees look white.,Cái lạnh khiến cây cối trông trắng xóa.,Animals hide from the cold in winter.,Mùa đông thú trốn cái lạnh.,in the cold; feel the cold; bitter cold,,warning:LEVEL_LEAK,must,ok,,,,,,,level_leak_ok
w-collection-noun,collection,noun,A1,Sports,Program & Practice,/kəlˈɛkʃən/,bộ sưu tập,a group of similar things kept together,He has a big collection of football shirts.,Anh ấy có bộ sưu tập áo bóng đá lớn.,She showed us her medal collection.,Cô ấy cho chúng tôi xem bộ sưu tập huy chương.,stamp collection; medal collection; start a collection,,warning:LEVEL_LEAK,must,ok,,,,,,,level_leak_ok
w-come-verb,come,verb,A1,Daily life,Get & Old,/kˈʌm/,"đến, tới",to move toward the speaker or a place,Please come to my office at ten.,Mười giờ bạn đến văn phòng mình nhé.,They come home late on Fridays.,Thứ Sáu họ về nhà muộn.,come home; come here; come early,Irregular: come / came / come.,warning:LEVEL_LEAK,must,ok,,,,,,,level_leak_ok
w-commander-noun,commander,noun,B2,Work,Employer & Commander,/kəmˈændɚ/,"chỉ huy, người chỉ đạo",a person who leads soldiers or a team at work,The commander gave clear orders before the training exercise.,Chỉ huy đưa ra mệnh lệnh rõ ràng trước buổi tập.,Our project commander checks progress every Monday morning.,Người chỉ đạo dự án kiểm tra tiến độ mỗi sáng thứ Hai.,military commander; project commander; unit commander,,sample,sample,ok,,,,,,,
w-commercial-adjective,commercial,adjective,B1,Work,Work Leading,/kəmˈɝʃəl/,"thương mại, phục vụ kinh doanh","related to buying, selling, and making profit",She works in the commercial team at a large bank.,Cô ấy làm trong bộ phận thương mại ở một ngân hàng lớn.,"This floor is for commercial use, not private homes.","Tầng này dùng cho mục đích thương mại, không phải nhà ở.",commercial use; commercial area; commercial success,,warning:LEVEL_LEAK,must,ok,,,,,,,level_leak_ok
w-commonwealth-noun,commonwealth,noun,B2,Society,Province & Navy,/kˈɑmənwˌɛlθ/,khối thịnh vượng chung; cộng đồng các quốc gia,a group of countries or people with shared goals,Several nations belong to the commonwealth.,Một số quốc gia thuộc khối thịnh vượng chung.,She studied commonwealth history at university.,Cô ấy học lịch sử khối thịnh vượng chung ở đại học.,the Commonwealth; commonwealth countries; commonwealth games,often capitalised for the Commonwealth of Nations,sample,sample,ok,,,,,,,
w-communicate-verb,communicate,verb,A2,Communication,Print & Oral,/kəmjˈunəkˌeɪt/,"giao tiếp, truyền đạt",to share information or feelings with someone,We communicate by email when we work from home.,Làm việc ở nhà chúng tôi giao tiếp qua email.,Try to communicate clearly with your new manager.,Cố giao tiếp rõ ràng với quản lý mới nhé.,communicate well; communicate with; communicate clearly,,sample,sample,ok,,,,,,,
w-completely-adverb,completely,adverb,B1,Daily life,Measure & Rise,/kəmplˈitli/,"hoàn toàn, đầy đủ",in every way; totally and not partly,The meeting room was completely empty when we arrived.,"Khi chúng tôi đến, phòng họp trống hoàn toàn.",I completely forgot about our lunch plan this morning.,Sáng nay tôi quên hẳn kế hoạch ăn trưa của chúng ta.,completely different; completely wrong; completely forget,,sample,sample,ok,,,,,,,
w-computer-noun,computer,noun,A1,Home,World & Case,/kəmpjˈutɚ/,máy tính,an electronic machine for work and the internet,I use my computer for online study.,Mình dùng máy tính để học trực tuyến.,The computer is on the desk.,Máy tính đặt trên bàn làm việc.,use a computer; turn on the computer; home computer,,warning:LEVEL_LEAK,must,ok,,,,,,,level_leak_ok
w-concert-noun,concert,noun,A1,Sports,Pop & Recreation,/kˈɑnsɚt/,buổi hòa nhạc,a public show where musicians play for an audience,We bought tickets for the concert tonight.,Chúng tôi mua vé buổi hòa nhạc tối nay.,The concert was loud but very fun.,Buổi hòa nhạc ồn nhưng rất vui.,go to a concert; live concert; concert ticket,,warning:LEVEL_LEAK,must,ok,,,,,,,level_leak_ok
w-concrete-adjective,concrete,adjective,B2,Daily life,Daily life key words,/kənkɹˈit/,"cụ thể, rõ ràng",based on facts rather than ideas or guesses,Give us concrete examples so we can fix the problem faster.,Đưa ví dụ cụ thể để chúng tôi sửa lỗi nhanh hơn.,"We need concrete steps, not vague promises about next year.","Chúng ta cần bước đi cụ thể, không phải lời hứa mơ hồ cho năm sau.",concrete example; concrete steps; concrete evidence,,sample,sample,ok,,,,,,,
w-consider-verb,consider,verb,A2,Daily life,Simply & Normal,/kənsˈɪdɚ/,"cân nhắc, xem xét",to think carefully about something before you decide,Please consider my idea before you say no.,Nhờ cân nhắc ý của mình trước khi từ chối.,We are considering a trip next month.,Chúng tôi đang xem xét chuyến đi tháng sau.,consider carefully; consider doing; seriously consider,,sample,sample,ok,,,,,,,
w-consistent-adjective,consistent,adjective,B2,Daily life,Double & Somewhat,/kənsˈɪstənt/,"nhất quán, ổn định",always behaving or happening in the same way,We need consistent quality from every supplier we use.,Chúng ta cần chất lượng ổn định từ mọi nhà cung cấp.,She is consistent about arriving early for morning meetings.,Cô ấy luôn đến sớm các cuộc họp buổi sáng một cách đều đặn.,consistent quality; consistent results; remain consistent,,sample,sample,ok,,,,,,,
w-consumer-noun,consumer,noun,B1,Work,Work Leading,/kənsˈumɚ/,người tiêu dùng,a person who buys and uses goods or services,The shop listens to feedback from every consumer.,Cửa hàng lắng nghe phản hồi từ từng người tiêu dùng.,Consumers want clear prices on the label.,Người tiêu dùng muốn giá ghi rõ trên nhãn.,consumer rights; consumer demand; average consumer,,warning:LEVEL_LEAK,must,ok,,,,,,,level_leak_ok
w-cook-noun,cook,noun,A1,Work,Work & Work,/kˈʊk/,"đầu bếp, người nấu ăn",a person whose job is to prepare food,The cook makes lunch for the staff.,Đầu bếp nấu bữa trưa cho nhân viên.,She works as a cook in a hotel.,Cô ấy làm đầu bếp ở khách sạn.,head cook; work as a cook; hotel cook,Same word as the verb cook (to prepare food).,warning:LEVEL_LEAK,must,ok,,,,,,,level_leak_ok
w-cookie-noun,cookie,noun,A1,Food,Potato & Bean,/kˈʊki/,bánh quy,"a small sweet baked snack, often crisp",He ate a cookie with his tea.,Anh ấy ăn một cái bánh quy với trà.,These cookies taste very good.,Những chiếc bánh quy này ngon lắm.,chocolate cookie; eat a cookie; bake cookies,,warning:LEVEL_LEAK,must,ok,,,,,,,level_leak_ok
w-cool-adjective,cool,adjective,A1,Nature,Sun & Cold,/kˈul/,"mát, mát mẻ","slightly cold in a pleasant, comfortable way",The air feels cool this evening.,Tối nay không khí mát mẻ.,We sat in the cool shade of trees.,Chúng tôi ngồi trong bóng râm mát của cây.,cool breeze; cool weather; stay cool,Here means temperature; slang ‘cool’ (great) is a different sense.,warning:LEVEL_LEAK,must,ok,,,,,,,level_leak_ok
w-cop-noun,cop,noun,A1,Work,Work & Work,/kˈɑp/,cảnh sát (nói thân mật),"a police officer, informal spoken word",A cop asked to see my ID.,Một cảnh sát yêu cầu xem giấy tờ của tôi.,The cop helped us find the street.,Cảnh sát giúp chúng tôi tìm con đường.,local cop; call the cops; traffic cop,Informal; use police officer in formal speech or writing.,warning:LEVEL_LEAK,must,ok,,,,,,,level_leak_ok
w-copy-noun,copy,noun,A1,School,Copy & Poem,/kˈɑpi/,"bản sao, bản photocopy",something made to look the same as the original,Please bring a copy of your report.,Mang theo bản sao báo cáo của bạn nhé.,I need one copy for the teacher.,Mình cần một bản photocopy cho giáo viên.,make a copy; hard copy; copy of the form,,warning:LEVEL_LEAK,must,ok,,,,,,,level_leak_ok
w-corn-noun,corn,noun,A1,Food,Corn & Meal,/kˈɔɹn/,"ngô, bắp",a tall plant with yellow kernels people eat,We had corn soup for dinner.,Tối nay chúng tôi ăn súp ngô.,Fresh corn is cheap at the market.,Ngô tươi ở chợ rẻ lắm.,sweet corn; corn soup; fresh corn,UK often says maize; corn in the US usually means this food.,warning:LEVEL_LEAK,must,ok,,,,,,,level_leak_ok
w-cost-verb,cost,verb,A2,Shopping,Can & Half-price,/kˈɑst/,"có giá, tốn (tiền)",to need a particular amount of money to buy,This jacket costs more than I expected.,Áo khoác này đắt hơn mình nghĩ.,How much does the ticket cost for adults?,Vé người lớn giá bao nhiêu?,cost a lot; cost money; how much does it cost,Bất quy tắc: cost / cost / cost,warning:LEVEL_LEAK,must,ok,,,,,,,level_leak_ok
w-cotton-noun,cotton,noun,B1,Appearance,Color & Color,/kˈɑtən/,bông; vải cotton,a soft natural fiber used to make cloth,This shirt is made of one hundred percent cotton.,Áo này làm bằng cotton một trăm phần trăm.,Cotton feels cool in hot summer weather.,Vải cotton mặc mùa hè nóng thì mát.,cotton shirt; pure cotton; cotton fabric,,sample,sample,ok,,,,,,,
w-count-verb,count,verb,A2,Daily life,Mainly & Inner,/kˈaʊnt/,đếm,to say numbers or find how many there are,Can you count how many chairs we need?,Bạn đếm giúp cần bao nhiêu ghế nhé?,The child learned to count from one to ten.,Bé học đếm từ một đến mười.,count to ten; count the days; count carefully,,sample,sample,ok,,,,,,,
w-country-noun,country,noun,A2,Society,State & Right,/kˈʌntɹi/,"đất nước, quốc gia",a nation with its own land and government,Vietnam is a beautiful country to visit.,Việt Nam là đất nước đẹp để du lịch.,She wants to work in another country one day.,Cô ấy muốn một ngày làm việc ở nước khác.,foreign country; home country; across the country,,sample,sample,ok,,,,,,,
w-cover-noun,cover,noun,A1,Shopping,Order & School,/kˈʌvɚ/,vỏ bọc; bìa sách,something that goes over an object to protect it,I bought a phone cover online.,Mình mua ốp điện thoại trên mạng.,The book has a nice cover.,Cuốn sách có bìa đẹp.,phone cover; book cover; protective cover,,warning:LEVEL_LEAK,must,ok,,,,,,,level_leak_ok
w-cover-verb,cover,verb,A2,Daily life,Inside & Dead,/kˈʌvɚ/,"che, phủ; bao gồm",to put something over a thing to hide or protect,Please cover the food before you put it away.,Cất đồ ăn thì nhớ đậy lại nhé.,Snow covered the road early this morning.,Sáng sớm tuyết phủ kín con đường.,cover with; cover the cost; cover your mouth,,sample,sample,ok,,,,,,,
w-cream-noun,cream,noun,A1,Food,Corn & Meal,/kɹˈim/,kem (ăn); sữa kem,a thick white dairy food used in cooking,Put cream on the cake.,Phủ kem lên bánh nhé.,I like cream in my coffee.,Mình thích cho kem vào cà phê.,whipped cream; fresh cream; cream and sugar,,warning:LEVEL_LEAK,must,ok,,,,,,,level_leak_ok
w-create-verb,create,verb,A2,Daily life,Simply & Normal,/kɹiˈeɪt/,"tạo ra, sáng tạo",to make something new that did not exist before,She wants to create a blog about travel.,Cô ấy muốn lập blog về du lịch.,We created a group chat for the project.,Chúng tôi tạo nhóm chat cho dự án.,create an account; create new; help create,,warning:LEVEL_LEAK,must,ok,,,,,,,level_leak_ok
w-credit-card-phrase,credit card,phrase,A1,Shopping,Order & School,/kɹˈɛdət kˈɑɹd/,thẻ tín dụng,a plastic card used to pay without cash,I pay with my credit card here.,Ở đây mình trả bằng thẻ tín dụng.,Do you accept credit cards?,Shop có nhận thẻ tín dụng không?,pay by credit card; credit card number; use a credit card,,warning:LEVEL_LEAK,must,ok,,,,,,,level_leak_ok
w-crime-noun,crime,noun,A2,Society,Attack & Ancient,/kɹˈaɪm/,"tội phạm, hành vi phạm pháp",an act that breaks the law and can be punished,Stealing from a shop is a serious crime.,Trộm đồ trong cửa hàng là tội nặng.,The city wants to reduce crime at night.,Thành phố muốn giảm tội phạm ban đêm.,serious crime; fight crime; commit a crime,,warning:LEVEL_LEAK,must,ok,,,,,,,level_leak_ok
w-criminal-adjective,criminal,adjective,B2,Society,State & State,/kɹˈɪmənəl/,"liên quan đến tội phạm, phạm pháp",connected with crime or breaking the law,The report discussed rising criminal activity in the area.,Báo cáo bàn về hoạt động phạm pháp gia tăng trong khu vực.,Lawyers must protect clients unless criminal intent is clear.,Luật sư phải bảo vệ thân chủ trừ khi ý đồ phạm tội rõ ràng.,criminal offence; criminal record; criminal law,,sample,sample,ok,,,,,,,
w-criminal-noun,criminal,noun,B1,Society,Criminal & Democracy,/kɹˈɪmənəl/,tội phạm,a person who breaks the law,The police caught the criminal near the station.,Cảnh sát bắt được tội phạm gần nhà ga.,He works with former criminals who want a new life.,Anh ấy làm việc với những người từng phạm tội muốn đổi đời.,convicted criminal; catch a criminal; career criminal,,sample,sample,ok,,,,,,,
w-critical-adjective,critical,adjective,B1,Feelings,Easy-going & Care,/kɹˈɪtɪkəl/,then chốt; hay chỉ trích,"very important, or saying someone did badly",It is critical to save your work before you leave.,"Trước khi rời đi, lưu bài làm là điều then chốt.",She was critical of my report at the meeting.,Trong cuộc họp cô ấy chỉ trích báo cáo của tôi.,critical moment; critical of; highly critical,Không nhầm với critic (nhà phê bình).,sample,sample,ok,,,,,,,
w-crucial-adjective,crucial,adjective,B2,Daily life,Comment & Crucial,/kɹˈuʃəl/,"cực kỳ quan trọng, then chốt",extremely important for success or safety,It is crucial to save your work before you log out.,Việc lưu bài trước khi đăng xuất rất quan trọng.,Good sleep is crucial when you have a busy week ahead.,Ngủ đủ giấc then chốt khi tuần tới bạn bận rộn.,crucial role; crucial moment; absolutely crucial,,sample,sample,ok,,,,,,,
w-cruise-noun,cruise,noun,A2,Travel,Crowd & Remote,/kɹˈuz/,chuyến du thuyền,a holiday trip on a large ship across the sea,We booked a cruise around the southern islands.,Chúng tôi đặt chuyến du thuyền quanh các đảo phía nam.,The cruise leaves from the port early tomorrow.,Du thuyền rời cảng sớm ngày mai.,go on a cruise; cruise ship; book a cruise,,warning:LEVEL_LEAK,must,ok,,,,,,,level_leak_ok
w-cry-verb,cry,verb,A2,Communication,Print & Oral,/kɹˈaɪ/,khóc,to produce tears from your eyes when upset,It is okay to cry when you feel sad.,Buồn thì khóc cũng không sao.,The baby might cry if he is hungry.,Em bé có thể khóc nếu đói.,cry loudly; want to cry; make someone cry,Bất quy tắc: cry / cried / crying,sample,sample,ok,,,,,,,
w-cultural-adjective,cultural,adjective,B1,Society,General & Public,/kˈʌltʃɚəl/,thuộc văn hóa,"related to the ideas, art, and customs of a group",We visited a cultural center in the old town.,Chúng tôi thăm trung tâm văn hóa ở phố cổ.,The trip was a rich cultural experience for us.,Chuyến đi là trải nghiệm văn hóa rất phong phú.,cultural differences; cultural event; cultural heritage,,sample,sample,ok,,,,,,,
w-culture-noun,culture,noun,A1,Society,Social & Right,/kˈʌltʃɚ/,văn hóa,"the ideas, customs, and art of a group of people",Every country has its own culture.,Mỗi nước có văn hóa riêng.,We learn about local culture on trips.,Đi du lịch chúng tôi tìm hiểu văn hóa địa phương.,local culture; learn about culture; culture and history,,warning:LEVEL_LEAK,must,ok,,,,,,,level_leak_ok
w-cup-noun,cup,noun,A1,Shopping,Card & Spend,/kˈʌp/,"cốc, tách",a small container used for drinking,I need a new cup for tea.,Mình cần cái cốc mới để uống trà.,This cup was cheap at the market.,Cái cốc này mua ở chợ rẻ lắm.,a cup of tea; coffee cup; paper cup,,warning:LEVEL_LEAK,must,ok,,,,,,,level_leak_ok
w-cure-noun,cure,noun,B1,Travel,Delay & Vehicle,/kjˈʊɹ/,phương pháp chữa; thuốc chữa,a medicine or treatment that makes an illness go away,Scientists still search for a cure for the disease.,Các nhà khoa học vẫn tìm cách chữa bệnh đó.,"Rest is not a cure, but it helps you recover.","Nghỉ ngơi không phải thuốc chữa, nhưng giúp hồi phục.",find a cure; miracle cure; seek a cure,,sample,sample,ok,,,,,,,
w-curiosity-noun,curiosity,noun,B1,Sports,Sports essentials,/kjˌʊɹiˈɑsəti/,sự tò mò,a strong wish to know or learn something,Her curiosity led her to try a new sport.,Tò mò khiến cô ấy thử một môn thể thao mới.,The coach praised the team's curiosity in training.,Huấn luyện viên khen tinh thần ham học hỏi của đội trong tập luyện.,out of curiosity; natural curiosity; satisfy curiosity,,sample,sample,ok,,,,,,,
w-curse-noun,curse,noun,A2,Media,Well-known & Original,/kˈɝs/,lời nguyền; lời chửi thề nhẹ,"bad luck said to harm someone, or a swear word",The story talks about an old curse.,Câu chuyện nói về một lời nguyền cổ.,He muttered a quiet curse under breath.,Anh ấy lẩm bẩm một lời chửi nhẹ.,an old curse; under a curse; lift a curse,Keep mild: bad luck / light swear word — avoid strong offensive language.,warning:LEVEL_LEAK,must,ok,,,,,,,level_leak_ok
w-custom-noun,custom,noun,A2,Sports,Sports essentials,/kˈʌstəm/,"phong tục, tập quán",a traditional way of behaving in a society or group,It is the custom to bow before the match starts.,"Theo tập quán, trước trận đấu mọi người cúi chào.",Local custom says guests should remove their shoes.,Phong tục địa phương là khách nên cởi giày.,local custom; old custom; it is the custom,,warning:LEVEL_LEAK,must,ok,,,,,,,level_leak_ok
w-customer-noun,customer,noun,A2,Shopping,Can & Half-price,/kˈʌstəmɚ/,khách hàng,a person who buys something from a shop or business,The customer asked for a smaller size shirt.,Khách hỏi lấy áo size nhỏ hơn.,Please help every customer with a friendly smile.,Hãy phục vụ mọi khách hàng với nụ cười thân thiện.,regular customer; help the customer; customer service,,sample,sample,ok,,,,,,,
w-cut-noun,cut,noun,B1,Travel,Travel Check-in,/kˈʌt/,"sự giảm (giá, phí)",a reduction in price or amount you must pay,The airline announced a fare cut for early bookings.,Hãng bay thông báo giảm giá vé khi đặt sớm.,A small tax cut made the hotel bill cheaper.,Giảm thuế một chút nên hóa đơn khách sạn rẻ hơn.,fare cut; price cut; tax cut,,sample,sample,ok,,,,,,,
w-cut-verb,cut,verb,A1,Daily life,Live & Big,/kˈʌt/,cắt,to divide or remove something with a blade,Please cut the bread for lunch.,Cắt bánh mì cho bữa trưa giúp nhé.,I cut my hair at the salon.,Mình cắt tóc ở tiệm.,cut hair; cut in half; cut carefully,Irregular: cut / cut / cut,warning:LEVEL_LEAK,must,ok,,,,,,,level_leak_ok
w-dad-noun,dad,noun,A1,People,Girl & Address,/dˈæd/,"bố, cha",a common word for your male parent,My dad works near the office.,Bố tôi làm gần văn phòng.,Dad calls me every evening.,Bố gọi cho mình mỗi tối.,my dad; dad and mom; call dad,,warning:LEVEL_LEAK,must,ok,,,,,,,level_leak_ok
w-daily-adverb,daily,adverb,A2,Daily life,Inside & Dead,/dˈeɪli/,"hàng ngày, mỗi ngày",once every day; on each day of the week,I check my work email daily before nine o'clock.,Tôi kiểm tra email công việc mỗi ngày trước chín giờ.,The bus to the city runs daily from six am.,Xe buýt vào thành phố chạy hàng ngày từ sáu giờ sáng.,check daily; run daily; take it daily,,sample,sample,ok,,,,,,,
w-danger-noun,danger,noun,A2,Travel,Far & Area,/dˈeɪndʒɚ/,"nguy hiểm, mối nguy",the possibility that someone could be hurt or harmed,There is real danger on icy mountain roads.,Đường núi đóng băng rất nguy hiểm.,Signs warn of danger near the steep cliff edge.,Biển báo cảnh báo nguy hiểm gần vách đá dốc.,in danger; sign of danger; serious danger,,warning:LEVEL_LEAK,must,ok,,,,,,,level_leak_ok
w-daughter-in-law-noun,daughter-in-law,noun,B2,Daily life,Daily life essentials,/dˈɔtɚɪnlˌɔ/,con dâu,the wife of your son,My daughter-in-law helps cook when the whole family visits.,Con dâu tôi thường nấu ăn khi cả nhà về thăm.,They invited their daughter-in-law to stay for the holiday.,Họ mời con dâu ở lại nghỉ lễ.,my daughter-in-law; young daughter-in-law; visit the daughter-in-law,,sample,sample,ok,,,,,,,
w-daughter-noun,daughter,noun,A1,People,Girl & Address,/dˈɔtɚ/,con gái,a female child in relation to her parents,Their daughter studies at university.,Con gái họ đang học đại học.,My daughter is six years old.,Con gái tôi sáu tuổi.,young daughter; daughter and son; my daughter,,warning:LEVEL_LEAK,must,ok,,,,,,,level_leak_ok
w-dead-adjective,dead,adjective,A2,Daily life,Inside & Dead,/dˈɛd/,"chết; hết pin, không hoạt động","no longer alive, or not working because of no power",My phone is dead because I forgot to charge.,Điện thoại hết pin vì tôi quên sạc.,The flowers are dead so please throw them away.,"Hoa héo rồi, vứt đi giúp nhé.",dead battery; dead phone; dead flowers,,warning:LEVEL_LEAK,must,ok,,,,,,,level_leak_ok
w-deal-noun,deal,noun,A2,Communication,Communication essentials,/dˈil/,thỏa thuận; giao dịch,an arrangement or agreement between two or more people,We made a deal to share the small office space.,Hai bên thỏa thuận dùng chung văn phòng nhỏ.,That sounds like a fair deal to both sides.,Nghe có vẻ là thỏa thuận công bằng cho cả hai.,make a deal; good deal; fair deal,,warning:LEVEL_LEAK,must,ok,,,,,,,level_leak_ok
w-dealer-noun,dealer,noun,B1,Work,Work Assistant,/dˈilɚ/,"người buôn bán, đại lý",a person or company that buys and sells goods,The car dealer offered a test drive on Saturday.,Đại lý xe hơi cho lái thử vào thứ Bảy.,She works as a dealer at a small art gallery.,Cô ấy làm đại lý tại một phòng tranh nhỏ.,car dealer; authorized dealer; local dealer,,sample,sample,ok,,,,,,,
w-debate-noun,debate,noun,A2,School,University & Study,/dəbˈeɪt/,cuộc tranh luận,a formal discussion where people give different opinions,Our class had a debate about learning online at home.,Lớp tranh luận về học trực tuyến ở nhà.,She spoke clearly in the school debate this morning.,Sáng nay cô ấy phát biểu rõ ràng trong buổi tranh luận ở trường.,school debate; have a debate; win the debate,,warning:LEVEL_LEAK,must,ok,,,,,,,level_leak_ok
w-deck-noun,deck,noun,B2,Travel,Travel essentials,/dˈɛk/,"boong tàu, sàn tàu",the outside floor on a ship where passengers walk,We watched the sunset from the ship deck after dinner.,Sau bữa tối chúng tôi ngắm hoàng hôn trên boong tàu.,Passengers lined up on the deck before the ferry docked.,Hành khách xếp hàng trên boong trước khi phà cập bến.,ship deck; on deck; upper deck,,sample,sample,ok,,,,,,,
w-definition-noun,definition,noun,B1,School,School Development,/dˌɛfənˈɪʃən/,"định nghĩa, lời giải nghĩa",a statement that explains what a word or idea means,Write the definition of each new word in your notebook.,Ghi định nghĩa từng từ mới vào vở.,The teacher gave a clear definition with two examples.,Cô giáo đưa lời giải nghĩa rõ ràng kèm hai ví dụ.,clear definition; dictionary definition; by definition,,sample,sample,ok,,,,,,,
w-dependent-adjective,dependent,adjective,B1,People,People Individual,/dɪpˈɛndənt/,"phụ thuộc, cần ai đó",needing someone or something in order to live or succeed,Young children are dependent on their parents for care.,Trẻ nhỏ phụ thuộc bố mẹ để được chăm sóc.,The project is dependent on funding from the office.,Dự án phụ thuộc vào kinh phí từ văn phòng.,dependent on; financially dependent; heavily dependent,,sample,sample,ok,,,,,,,
w-depth-noun,depth,noun,B1,Daily life,Release & Obviously,/dˈɛpθ/,độ sâu; chiều sâu,how far down or how deep something goes,Check the depth of the pool before you jump in.,Hãy kiểm tra độ sâu của bể bơi trước khi nhảy xuống.,The book explores the depth of human feelings.,Cuốn sách đi sâu vào chiều sâu cảm xúc con người.,in depth; depth of water; great depth,,sample,sample,ok,,,,,,,
w-desire-verb,desire,verb,B2,Daily life,Issue & Western,/dɪzˈaɪɚ/,"khao khát, mong muốn mạnh mẽ",to want something strongly,Many people desire a better balance between work and rest.,Nhiều người khao khát cân bằng hơn giữa công việc và nghỉ ngơi.,She desires to improve her English before she moves abroad.,Cô ấy mong muốn cải thiện tiếng Anh trước khi ra nước ngoài.,desire change; deeply desire; desire to learn,,sample,sample,ok,,,,,,,
w-desk-noun,desk,noun,A1,Home,Kitchen & Hole,/dˈɛsk/,"bàn làm việc, bàn học",a table where you work or study,My desk is next to the window.,Bàn làm việc của tôi cạnh cửa sổ.,Please keep your desk tidy.,Hãy giữ bàn học gọn gàng nhé.,office desk; sit at your desk; desk lamp,,warning:LEVEL_LEAK,must,ok,,,,,,,level_leak_ok
w-developed-adjective,developed,adjective,A2,Society,State & Right,/dɪvˈɛləpt/,"phát triển, tiên tiến (về kinh tế, xã hội)","advanced in industry, technology, or living standards",Many people move to developed countries for work.,Nhiều người sang các nước phát triển để làm việc.,This region has a highly developed transport system.,Vùng này có hệ thống giao thông rất phát triển.,developed country; highly developed; developed economy,,warning:LEVEL_LEAK,must,ok,,,,,,,level_leak_ok
w-device-noun,device,noun,B1,Home,Home essentials,/dɪvˈaɪs/,"thiết bị, dụng cụ",a machine or tool made for a particular job,Turn off every device before the meeting starts.,Tắt mọi thiết bị trước khi cuộc họp bắt đầu.,This device helps me track my daily steps.,Thiết bị này giúp tôi theo dõi số bước mỗi ngày.,mobile device; electronic device; handheld device,,sample,sample,ok,,,,,,,
w-devoted-adjective,devoted,adjective,B2,Feelings,Feelings essentials,/dɪvˈoʊtɪd/,"tận tụy, trung thành",showing strong love and loyalty to someone,She is a devoted mother who always puts her kids first.,"Cô ấy là người mẹ tận tụy, luôn đặt con lên hàng đầu.",He remained devoted to his team through many hard seasons.,Anh ấy vẫn trung thành với đội qua nhiều mùa khó khăn.,devoted to; devoted fan; devoted parent,,sample,sample,ok,,,,,,,
w-diameter-noun,diameter,noun,B1,School,Poet & Era,/daɪˈæmətɚ/,đường kính,a straight line across a circle through its center,The teacher measured the diameter of the circle.,Giáo viên đo đường kính của hình tròn.,Each pipe has a diameter of ten centimeters.,Mỗi ống có đường kính mười centimet.,inner diameter; outer diameter; diameter of a circle,,sample,sample,ok,,,,,,,
w-diary-noun,diary,noun,A2,Shopping,Suit & Mirror,/dˈaɪɚi/,nhật ký; sổ hẹn,a book where you write daily thoughts or plans,She writes in her diary every night.,Tối nào cô ấy cũng viết nhật ký.,I checked my diary for next week's meetings.,Tôi xem sổ hẹn cho các cuộc họp tuần sau.,keep a diary; personal diary; desk diary,,sample,sample,ok,,,,,,,
w-die-verb,die,verb,A2,Daily life,Simply & Normal,/dˈaɪ/,"chết; hỏng, tắt (máy, pin)","to stop living, or to stop working completely",My old phone may die if the battery is low.,Pin yếu thì điện thoại cũ có thể tắt.,Plants die quickly without water in hot weather.,Trời nóng mà thiếu nước thì cây chết nhanh.,die young; battery dies; plants die,Bất quy tắc: die / died / dying,warning:LEVEL_LEAK,must,ok,,,,,,,level_leak_ok
w-diet-noun,diet,noun,A2,Food,Food Order,/dˈaɪət/,chế độ ăn uống,the food and drink a person usually eats,A healthy diet includes vegetables and fruit.,Chế độ ăn lành mạnh cần có rau và trái cây.,The doctor changed his diet after the check-up.,"Sau khám, bác sĩ đổi chế độ ăn cho anh ấy.",balanced diet; healthy diet; on a diet,,sample,sample,ok,,,,,,,
w-different-adjective,different,adjective,A1,Daily life,Both & Same,/dˈɪfɚənt/,"khác, khác nhau",not the same as something else,We chose a different restaurant tonight.,Tối nay chúng tôi chọn quán khác.,These two bags look very different.,Hai chiếc túi này trông khác nhau rõ.,very different; different from; something different,,sample,sample,ok,,,,,,,
w-difficult-adjective,difficult,adjective,A1,Daily life,Open & Open,/dˈɪfəkəlt/,"khó, khó khăn",hard to do or understand,This test is very difficult for me.,Bài kiểm tra này với mình khá khó.,Learning English can feel difficult sometimes.,Đôi khi học tiếng Anh cảm thấy khó.,very difficult; difficult question; feel difficult,,warning:LEVEL_LEAK,must,ok,,,,,,,level_leak_ok
w-dinner-noun,dinner,noun,A1,Food,Water & Water,/dˈɪnɚ/,bữa tối,the main meal people eat in the evening,We had dinner at home tonight.,Tối nay cả nhà ăn tối ở nhà.,What time is dinner ready?,Bữa tối mấy giờ dọn được?,have dinner; cook dinner; after dinner,,sample,sample,ok,,,,,,,
w-direct-verb,direct,verb,B1,Daily life,Involved & Complete,/dɚˈɛkt/,"chỉ đường; hướng dẫn, điều khiển",to tell someone how to get somewhere or what to do,Could you direct me to the nearest train station?,Bạn chỉ giúp tôi đường đến ga tàu gần nhất được không?,She will direct the project until the end of May.,Cô ấy sẽ điều phối dự án đến cuối tháng Năm.,direct traffic; direct someone to; direct a film,,sample,sample,ok,,,,,,,
w-directly-adverb,directly,adverb,B1,Daily life,Involved & Complete,/dɚˈɛktli/,"trực tiếp, không qua trung gian","in a straight way, without anything in between",You can pay directly on the company website.,Bạn có thể thanh toán trực tiếp trên website công ty.,Please speak directly to the manager about leave.,Hãy trao đổi trực tiếp với quản lý về nghỉ phép.,speak directly; go directly; directly responsible,,sample,sample,ok,,,,,,,
w-disco-noun,disco,noun,A2,Sports,Tune & Golf,/dˈɪskoʊ/,"quán disco, sàn nhảy",a club or party where people dance to loud music,They met at a disco near the beach.,Họ gặp nhau ở quán disco gần bãi biển.,The hotel has a small disco on weekends.,Cuối tuần khách sạn có sàn nhảy nhỏ.,go to a disco; disco music; disco night,,sample,sample,ok,,,,,,,
w-discount-noun,discount,noun,B1,Shopping,Shop & Bureau,/dɪskˈaʊnt/,"giảm giá, chiết khấu",a lower price than the usual amount,This shop offers a ten percent discount today.,Cửa hàng này hôm nay giảm giá mười phần trăm.,Students can get a discount with a valid card.,Sinh viên được giảm giá khi có thẻ hợp lệ.,get a discount; special discount; discount code,,warning:LEVEL_LEAK,must,ok,,,,,,,level_leak_ok
w-discover-verb,discover,verb,A2,Daily life,Gradually & Raise,/dɪskˈʌvɚ/,"khám phá, phát hiện",to find something that was hidden or unknown,We discovered a nice café on our walk.,Đi dạo chúng tôi tìm thấy một quán cà phê hay.,Scientists discovered a new species last year.,Năm ngoái các nhà khoa học phát hiện loài mới.,discover the truth; recently discovered; discover a place,,warning:LEVEL_LEAK,must,ok,,,,,,,level_leak_ok
w-dish-noun,dish,noun,A1,Shopping,Card & Spend,/dˈɪʃ/,"đĩa, bát đựng thức ăn",a flat plate used for food at meals,I need a clean dish for rice.,Mình cần một đĩa sạch để xới cơm.,These dishes are on sale today.,Hôm nay bộ đĩa này đang giảm giá.,wash the dishes; a side dish; dish soap,,warning:LEVEL_LEAK,must,ok,,,,,,,level_leak_ok
w-disk-noun,disk,noun,B1,Media,Ad & Copyright,/dˈɪsk/,đĩa (lưu trữ dữ liệu hoặc vật tròn mỏng),a flat round object used to store data or music,I saved the photos on an external disk.,Tôi lưu ảnh trên ổ đĩa ngoài.,The old disk still has our family videos.,Chiếc đĩa cũ vẫn còn video gia đình.,hard disk; floppy disk; slipped disk,Anh Mỹ thường viết disk; Anh Anh hay dùng disc cho đĩa nhạc.,warning:LEVEL_LEAK,must,ok,,,,,,,level_leak_ok
w-dislike-noun,dislike,noun,A2,People,Envy & Dislike,/dɪslˈaɪk/,"sự không thích, ác cảm",a feeling of not liking someone or something,She has a strong dislike of loud music.,Cô ấy rất không thích nhạc to.,His dislike of cold weather is well known.,Mọi người biết anh ấy không thích thời tiết lạnh.,strong dislike; dislike of; mutual dislike,Danh từ; động từ cùng dạng: dislike something.,warning:LEVEL_LEAK,must,ok,,,,,,,level_leak_ok
w-display-noun,display,noun,A2,Shopping,Can & Half-price,/dɪsplˈeɪ/,"màn trưng bày, khu trưng bày",an arrangement of goods for people to look at,The shoes are on display near the door.,Giày được trưng bày gần cửa ra vào.,There is a fruit display in the shop window.,Có khu trưng bày trái cây ở cửa kính cửa hàng.,window display; on display; display case,,warning:LEVEL_LEAK,must,ok,,,,,,,level_leak_ok
w-distinguished-adjective,distinguished,adjective,B2,Society,State & State,/dɪstˈɪŋɡwɪʃt/,"nổi bật, uy tín",respected and well known for important achievements,A distinguished professor gave the opening speech at the conference.,Một giáo sư uy tín phát biểu khai mạc hội nghị.,The hotel has a long history of distinguished guests.,Khách sạn có lịch sử đón nhiều vị khách danh giá.,distinguished career; distinguished service; highly distinguished,,sample,sample,ok,,,,,,,
w-dock-noun,dock,noun,B2,Home,Home Outside,/dˈɑk/,bến tàu; đế sạc thiết bị,a place where boats tie up or devices charge,We walked along the dock and watched boats return at sunset.,Chúng tôi đi dọc bến tàu và xem thuyền về lúc hoàng hôn.,Put the tablet on the dock so it can charge overnight.,Đặt máy tính bảng lên đế sạc để sạc qua đêm.,loading dock; charging dock; at the dock,,sample,sample,ok,,,,,,,
w-doctor-noun,doctor,noun,A1,Work,Work & Work,/dˈɑktɚ/,bác sĩ,a person trained to treat sick people,The doctor checked my blood pressure.,Bác sĩ đo huyết áp cho tôi.,I want to be a doctor someday.,Sau này tôi muốn làm bác sĩ.,see a doctor; family doctor; call the doctor,"Also: dr, dr.",warning:LEVEL_LEAK,must,ok,,,,,,,level_leak_ok
w-dollar-noun,dollar,noun,A1,Shopping,Card & Spend,/dˈɑlɚ/,đô la,money used in the United States and some countries,This shirt costs ten dollars.,Chiếc áo này giá mười đô la.,I paid in dollars at the shop.,Mình trả bằng đô la ở cửa hàng.,US dollar; pay in dollars; dollar bill,,warning:LEVEL_LEAK,must,ok,,,,,,,level_leak_ok
w-door-noun,door,noun,A1,Home,World & Case,/dˈɔɹ/,cửa,the part you open to enter a room or building,Please close the door quietly.,Nhớ đóng cửa nhẹ nhàng nhé.,Someone is at the door.,Có người ở cửa.,open the door; front door; knock on the door,,warning:LEVEL_LEAK,must,ok,,,,,,,level_leak_ok
w-doubt-verb,doubt,verb,B2,Feelings,Feelings essentials,/dˈaʊt/,"nghi ngờ, không chắc",to feel unsure whether something is true or will happen,I doubt we can finish this report before Friday.,Tôi nghi là chúng ta không kịp hoàn thành báo cáo trước thứ Sáu.,Do you doubt what she told you about the meeting?,Bạn có nghi ngờ điều cô ấy nói về cuộc họp không?,doubt that; without doubt; reason to doubt,,sample,sample,ok,,,,,,,
w-down-adverb,down,adverb,A1,Daily life,Both & Same,/dˈaʊn/,"xuống, phía dưới",toward a lower place or position,Please sit down and relax.,Mời bạn ngồi xuống và nghỉ ngơi.,He walked down the stairs slowly.,Anh ấy đi xuống cầu thang chậm rãi.,sit down; go down; calm down,,warning:LEVEL_LEAK,must,ok,,,,,,,level_leak_ok
w-down-preposition,down,preposition,A2,Grammar words,Grammar words essentials,/dˈaʊn/,xuống (theo hướng thấp hơn),from a higher place toward a lower place,Walk down the stairs to the kitchen.,Đi xuống cầu thang tới nhà bếp.,The ball rolled down the hill quickly.,Quả bóng lăn nhanh xuống đồi.,down the street; sit down; go down,,sample,sample,ok,,,,,,,
w-dress-noun,dress,noun,A1,Appearance,Color & Color,/dɹˈɛs/,"váy, đầm",clothing that women and girls wear on the body,She bought a new dress yesterday.,Hôm qua cô ấy mua một chiếc váy mới.,This dress fits me well.,Chiếc váy này mặc vừa với mình.,wear a dress; summer dress; long dress,Same spelling as the verb ‘put on clothes’.,sample,sample,ok,,,,,,,
w-dressed-adjective,dressed,adjective,A2,Appearance,Appearance Good-looking,/dɹˈɛst/,mặc quần áo (thường chỉ trang phục chỉnh tề),"wearing clothes, often in a neat or formal way",She was well dressed for the job interview today.,Hôm nay cô ấy ăn mặc chỉnh tề đi phỏng vấn.,He is always dressed smartly when he goes to work.,Anh ấy lúc nào đi làm cũng ăn mặc gọn gàng.,well dressed; smartly dressed; dressed for work,,warning:LEVEL_LEAK,must,ok,,,,,,,level_leak_ok
w-drink-noun,drink,noun,A1,Food,Water & Water,/dɹˈɪŋk/,đồ uống,"liquid that you can swallow, like water or tea","Can I get a cold drink, please?",Cho mình một ly đồ uống lạnh được không?,We ordered food and a drink.,Chúng tôi gọi đồ ăn và một đồ uống.,a soft drink; hot drink; have a drink,,warning:LEVEL_LEAK,must,ok,,,,,,,level_leak_ok
w-drink-verb,drink,verb,A1,Food,Water & Water,/dɹˈɪŋk/,uống,to take liquid into your mouth and swallow,I drink coffee every morning.,Sáng nào tôi cũng uống cà phê.,Please drink more water today.,Hôm nay nhớ uống nhiều nước hơn nhé.,drink water; drink tea; drink slowly,Irregular: drink / drank / drunk.,warning:LEVEL_LEAK,must,ok,,,,,,,level_leak_ok
w-drive-verb,drive,verb,A2,Travel,Far & Area,/dɹˈaɪv/,lái (xe),to control a car or other vehicle,I drive to work every morning.,Mỗi sáng mình lái xe đi làm.,Can you drive us to the airport?,Bạn có thể lái xe đưa chúng tôi ra sân bay không?,drive to work; drive carefully; learn to drive,Irregular: drive / drove / driven.,sample,sample,ok,,,,,,,
w-driver-noun,driver,noun,A1,Work,Work & Work,/dɹˈaɪvɚ/,"tài xế, người lái xe","a person who controls a car, bus, or truck",The driver stopped at the red light.,Tài xế dừng xe ở đèn đỏ.,She works as a bus driver.,Cô ấy làm tài xế xe buýt.,bus driver; taxi driver; careful driver,,sample,sample,ok,,,,,,,
w-drop-verb,drop,verb,A1,Daily life,Closed & Visit,/dɹˈɑp/,làm rơi; thả xuống,to let something fall from your hand,Be careful not to drop your phone.,Cẩn thận đừng làm rơi điện thoại.,I drop the kids at school daily.,Mỗi ngày tôi đưa các con đến trường.,drop something; drop off; drop by,,warning:LEVEL_LEAK,must,ok,,,,,,,level_leak_ok
w-drought-noun,drought,noun,B2,Society,Province & Navy,/dɹˈaʊt/,hạn hán,a long period with little or no rain,The drought destroyed crops across several farming regions.,Hạn hán làm hỏng mùa màng ở nhiều vùng nông nghiệp.,Water use was limited during the worst drought in years.,"Trong đợt hạn hán tệ nhất nhiều năm, việc dùng nước bị hạn chế.",severe drought; during a drought; drought conditions,,sample,sample,ok,,,,,,,
w-drug-noun,drug,noun,A2,Travel,Far & Area,/dɹˈʌɡ/,thuốc (dùng khi đi du lịch),medicine you take when you are ill,Pack any drug you need in your carry-on bag.,Nhớ để thuốc cần dùng vào túi xách tay.,This drug helps with pain during long flights.,Thuốc này giúp giảm đau khi bay đường dài.,prescription drug; over-the-counter drug; take a drug,Ở ngữ cảnh y tế thường dùng medicine; drug còn nghĩa ma túy — cần theo ngữ cảnh.,sample,sample,ok,,,,,,,
w-drum-noun,drum,noun,A1,Sports,Pop & Recreation,/dɹˈʌm/,trống,a round musical instrument you hit with sticks,He plays the drum in the band.,Anh ấy đánh trống trong ban nhạc.,We heard drums at the parade.,Chúng tôi nghe tiếng trống ở lễ diễu hành.,play the drum; drum beat; bass drum,,warning:LEVEL_LEAK,must,ok,,,,,,,level_leak_ok
w-due-adjective,due,adjective,A1,Daily life,Open & Open,/dˈu/,"đến hạn, phải nộp",expected to happen or be paid at a time,The rent is due on the first.,Tiền thuê nhà đến hạn vào ngày mùng một.,My report is due next Friday.,Báo cáo của tôi phải nộp thứ Sáu tuần sau.,due date; payment due; due tomorrow,,warning:LEVEL_LEAK,must,ok,,,,,,,level_leak_ok
w-during-preposition,during,preposition,A2,Grammar words,Grammar words essentials,/dˈʊɹɪŋ/,"trong suốt, trong khoảng (thời gian)",through a period of time when something happens,Please stay quiet during the online meeting today.,Hôm nay trong buổi họp trực tuyến nhờ giữ im lặng.,It rained a lot during our trip last week.,Tuần trước trong chuyến đi trời mưa khá nhiều.,during the day; during the meeting; during the trip,,sample,sample,ok,,,,,,,
w-dvd-noun,dvd,noun,A1,Sports,Pop & Recreation,/dˌivˌidˈi/,đĩa DVD,a disc that stores films or music to watch at home,We watched a film on DVD.,Cả nhà xem phim bằng đĩa DVD.,This DVD is still in the box.,Đĩa DVD này vẫn còn trong hộp.,DVD player; watch a DVD; buy a DVD,,warning:LEVEL_LEAK,must,ok,,,,,,,level_leak_ok
w-e-mail-noun,e-mail,noun,A1,Media,Media Information,/ˈimˌeɪl/,thư điện tử,a message sent through the internet,I sent you an e-mail yesterday.,Hôm qua mình gửi bạn một email.,Please check your e-mail tonight.,Tối nay nhớ kiểm tra email nhé.,send an e-mail; check your e-mail; e-mail address,also written email (without hyphen),sample,sample,ok,,,,,,,
w-ear-noun,ear,noun,A1,Health,Mouth & Sleep,/ˈiɹ/,tai,the part of the body used for hearing,My ear hurts after the flight.,Sau chuyến bay tai tôi hơi đau.,She whispered in my left ear.,Cô ấy thì thầm vào tai trái của tôi.,left ear; ear infection; cover your ears,,warning:LEVEL_LEAK,must,ok,,,,,,,level_leak_ok
w-early-adverb,early,adverb,A1,Daily life,Get & Old,/ˈɝli/,sớm,before the usual or expected time,I wake up early on weekdays.,Ngày thường tôi dậy sớm.,Please arrive early for the meeting.,Nhớ đến sớm cho buổi họp nhé.,get up early; arrive early; early morning,,warning:LEVEL_LEAK,must,ok,,,,,,,level_leak_ok
w-earnings-noun,earnings,noun,B2,Shopping,Present & Line,/ˈɝnɪŋz/,thu nhập (từ lao động),money that a person receives from their work,"Her monthly earnings cover rent, food, and basic bills.","Thu nhập hàng tháng của cô ấy đủ trả tiền thuê nhà, ăn uống và hóa đơn.",He reported his earnings honestly on the tax form.,Anh ấy khai báo thu nhập trung thực trên tờ khai thuế.,annual earnings; report earnings; earnings growth,,sample,sample,ok,,,,,,,
w-earth-noun,earth,noun,A2,Society,State & Right,/ˈɝθ/,"Trái Đất; đất, đất đai",the planet we live on; soil on the ground,We must protect the earth for future generations.,Chúng ta cần bảo vệ Trái Đất cho thế hệ sau.,Farmers grow rice in the rich earth near the river.,Nông dân trồng lúa trên đất màu mỡ ven sông.,on earth; the earth; mother earth,,warning:LEVEL_LEAK,must,ok,,,,,,,level_leak_ok
w-earthquake-noun,earthquake,noun,A2,Nature,Nature Natural,/ˈɝθkwˌeɪk/,"động đất, trận động đất",a sudden shaking of the ground,A small earthquake woke us up last night.,Đêm qua một cơn động đất nhẹ làm chúng tôi tỉnh giấc.,The news reported an earthquake in the north.,Tin tức đưa tin có động đất ở miền Bắc.,strong earthquake; earthquake damage; after an earthquake,,sample,sample,ok,,,,,,,
w-ecology-noun,ecology,noun,B1,School,Admission & Biology,/ɪkˈɑlədʒi/,sinh thái học; hệ sinh thái,the study of how living things relate to their environment,Ecology was my favorite subject in the science course.,Sinh thái học là môn tôi thích nhất trong khóa khoa học.,The book explains how forest ecology changes after a fire.,Sách giải thích hệ sinh thái rừng thay đổi thế nào sau cháy.,forest ecology; study ecology; human ecology,,sample,sample,ok,,,,,,,
w-edition-noun,edition,noun,B1,Media,Book & Act,/ədˈɪʃən/,"ấn bản, phiên bản","a particular version of a book, paper, or magazine",I bought the latest edition of the travel guide yesterday.,Hôm qua tôi mua ấn bản mới nhất của sách hướng dẫn du lịch.,The morning edition of the paper arrived before breakfast.,Ấn bản sáng của báo đến trước bữa sáng.,latest edition; new edition; morning edition,,warning:LEVEL_LEAK,must,ok,,,,,,,level_leak_ok
w-editor-noun,editor,noun,A2,Work,Company & Production,/ˈɛdətɚ/,biên tập viên,a person who checks and improves written work,The editor fixed mistakes in my article yesterday.,Hôm qua biên tập viên sửa lỗi trong bài viết của tôi.,Our editor asked for a shorter title for the report.,Biên tập viên nhờ đặt tiêu đề ngắn hơn cho báo cáo.,chief editor; magazine editor; work with an editor,,warning:LEVEL_LEAK,must,ok,,,,,,,level_leak_ok
w-education-noun,education,noun,A2,School,University & Study,/ˌɛdʒəkˈeɪʃən/,"giáo dục, sự giáo dục",teaching and learning in schools or colleges,Good education helps people find better jobs.,Giáo dục tốt giúp mọi người tìm việc làm ổn định hơn.,She works in education at a local high school.,Cô ấy làm trong lĩnh vực giáo dục ở một trường cấp ba.,higher education; quality education; in education,,warning:LEVEL_LEAK,must,ok,,,,,,,level_leak_ok
w-effective-adjective,effective,adjective,B1,Work,Full-time & Part-time,/ɪfˈɛktɪv/,có hiệu quả,producing the good result that you want or need,This method is effective for learning new words quickly.,Cách này hiệu quả để học từ mới nhanh.,The team found a simple but effective way to save time.,Nhóm tìm được cách đơn giản nhưng hiệu quả để tiết kiệm thời gian.,highly effective; effective method; cost-effective,,warning:LEVEL_LEAK,must,ok,,,,,,,level_leak_ok
w-efficient-adjective,efficient,adjective,B1,Work,Work Leading,/ɪfˈɪʃənt/,"hiệu quả, làm việc gọn","working well without wasting time, money, or energy",An efficient bus route saves commuters a lot of time.,Tuyến xe buýt hiệu quả giúp người đi làm tiết kiệm nhiều thời gian.,She is efficient and finishes her reports before lunch.,Cô ấy làm việc gọn và xong báo cáo trước giờ trưa.,highly efficient; efficient system; time-efficient,,warning:LEVEL_LEAK,must,ok,,,,,,,level_leak_ok
w-egg-noun,egg,noun,A1,Food,Corn & Meal,/ˈɛɡ/,trứng,"food from a chicken, often fried or boiled",I had two eggs for breakfast.,Sáng nay tôi ăn hai quả trứng.,She buys fresh eggs at the market.,Cô ấy mua trứng tươi ở chợ.,fried egg; boiled egg; egg white,,warning:LEVEL_LEAK,must,ok,,,,,,,level_leak_ok
w-either-adverb,either,adverb,A1,Daily life,Become & Give,/ˈiðɚ/,cũng không (trong câu phủ định),"also not, used after a negative statement",I do not like it either.,Tôi cũng không thích nó.,She is not coming either.,Cô ấy cũng không đến.,me neither; not ... either; either way,After negative sentences. For choices use ‘either … or …’.,warning:LEVEL_LEAK,must,ok,,,,,,,level_leak_ok
w-electric-adjective,electric,adjective,A2,Technology,Technology Out-of-date,/ɪlˈɛktɹɪk/,"điện, chạy bằng điện",using or producing electricity,We bought an electric kettle for the new kitchen.,Chúng tôi mua ấm điện cho nhà bếp mới.,This electric fan is quiet and saves power.,Chiếc quạt điện này chạy êm và tiết kiệm điện.,electric car; electric bill; electric fan,,warning:LEVEL_LEAK,must,ok,,,,,,,level_leak_ok
w-electron-noun,electron,noun,B1,School,Poet & Era,/ˌɪlˈɛktɹɑn/,hạt mang điện tích âm trong nguyên tử,a tiny particle with a negative charge inside an atom,Our teacher drew an electron moving around the nucleus.,Cô giáo vẽ hạt electron chuyển động quanh hạt nhân.,Each electron carries a very small amount of negative charge.,Mỗi electron mang một lượng điện tích âm rất nhỏ.,free electron; electron beam; electron charge,,warning:LEVEL_LEAK,must,ok,,,,,,,level_leak_ok
w-elementary-adjective,elementary,adjective,A1,School,Copy & Poem,/ˌɛləmˈɛntɹi/,"cơ bản, sơ đẳng (cấp tiểu học)",simple and at the first level of learning,She teaches at an elementary school nearby.,Cô ấy dạy ở một trường tiểu học gần đây.,We learn elementary words in this class.,Lớp này chúng ta học từ vựng cơ bản.,elementary school; elementary level; elementary class,,warning:LEVEL_LEAK,must,ok,,,,,,,level_leak_ok
w-emotional-adjective,emotional,adjective,B1,Feelings,Easy-going & Care,/ɪmˈoʊʃənəl/,"cảm xúc, dễ xúc động","showing strong feelings, or related to feelings",The farewell speech was very emotional.,Bài phát biểu tạm biệt rất xúc động.,Try not to make emotional decisions at work.,Cố đừng quyết định theo cảm xúc khi làm việc.,emotional support; emotional decision; get emotional,,sample,sample,ok,,,,,,,
w-empty-adjective,empty,adjective,A2,Daily life,Gradually & Raise,/ˈɛmpti/,"trống, không có gì bên trong",with nothing or nobody inside,The fridge is empty so we need to shop.,Tủ lạnh trống rỗng nên phải đi mua đồ.,The meeting room was empty when we arrived.,Khi chúng tôi tới thì phòng họp còn trống.,empty room; feel empty; half empty,,sample,sample,ok,,,,,,,
w-encourage-verb,encourage,verb,A2,Daily life,Gradually & Raise,/ɛnkˈɝɪdʒ/,"khuyến khích, động viên",to give someone support or confidence to do something,My boss encourages me to learn new skills.,Sếp khuyến khích tôi học thêm kỹ năng mới.,Teachers encourage students to ask more questions.,Giáo viên khuyến khích học sinh đặt thêm câu hỏi.,encourage someone; strongly encourage; encourage learning,,sample,sample,ok,,,,,,,
w-end-noun,end,noun,A1,Daily life,Get & Old,/ˈɛnd/,"kết thúc, phần cuối",the final part of something,We met at the end of the street.,Chúng tôi gặp nhau ở cuối con phố.,The film has a happy end.,Phim có kết thúc vui vẻ.,at the end; the end of; in the end,,warning:LEVEL_LEAK,must,ok,,,,,,,level_leak_ok
w-enemy-noun,enemy,noun,B1,People,People Individual,/ˈɛnəmi/,"kẻ thù, đối thủ",a person or group that hates you or fights against you,"In the story, the hero learns to forgive his old enemy.","Trong truyện, nhân vật chính học cách tha thứ kẻ thù cũ.",He never treats a former enemy as a close friend.,Anh ấy không bao giờ coi kẻ thù cũ là bạn thân.,old enemy; public enemy; defeat the enemy,,sample,sample,ok,,,,,,,
w-enormous-adjective,enormous,adjective,A2,Daily life,Split & Belong,/ɪnˈɔɹməs/,"rất lớn, khổng lồ",very large in size or amount,They live in an enormous house near the lake.,Họ sống trong một ngôi nhà rất lớn gần hồ.,The project took an enormous amount of time.,Dự án tốn một lượng thời gian rất lớn.,enormous amount; enormous house; enormous difference,,warning:LEVEL_LEAK,must,ok,,,,,,,level_leak_ok
w-ensure-verb,ensure,verb,B1,Daily life,Release & Obviously,/ɛnʃˈʊɹ/,"đảm bảo, bảo đảm",to make certain that something happens or is true,Please lock the door to ensure your safety at night.,Nhớ khóa cửa để đảm bảo an toàn ban đêm.,We check the list twice to ensure nothing is missing.,Chúng tôi kiểm tra danh sách hai lần để chắc không thiếu gì.,ensure that; ensure safety; ensure quality,,sample,sample,ok,,,,,,,
w-entrance-noun,entrance,noun,A2,Home,Home & Nature,/ˈɛntɹəns/,"lối vào, cửa vào",the door or place where you go inside,The main entrance is on the left side.,Cửa chính nằm bên trái.,Please wait for me at the entrance.,Hãy đợi mình ở lối vào nhé.,main entrance; front entrance; entrance fee,,sample,sample,ok,,,,,,,
w-environmental-adjective,environmental,adjective,B1,Nature,Plant & Growing,/ɪnvˌaɪɹənmˈɛntəl/,về môi trường,relating to the natural world and how people affect it,The city started a new environmental project this year.,Thành phố bắt đầu dự án môi trường mới năm nay.,We discussed environmental problems in class today.,Hôm nay lớp thảo luận các vấn đề môi trường.,environmental issues; environmental protection; environmental impact,,sample,sample,ok,,,,,,,
w-envy-noun,envy,noun,A2,People,Envy & Dislike,/ˈɛnvi/,"sự ghen tị, lòng đố kỵ",wanting what someone else has or can do,She felt envy when her friend got promoted.,Cô ấy ghen tị khi bạn được thăng chức.,Try not to let envy hurt your friendship.,Cố gắng đừng để ghen tị làm tổn thương tình bạn.,feel envy; green with envy; envy of someone,,sample,sample,ok,,,,,,,
w-escape-verb,escape,verb,B1,Daily life,Mail & Normally,/ɪskˈeɪp/,"thoát, trốn thoát",to get away from a place or a dangerous situation,They had to escape through the back door quickly.,Họ phải thoát nhanh qua cửa sau.,I escape the noise by working in a quiet room.,Mình tránh tiếng ồn bằng cách làm việc trong phòng yên tĩnh.,escape from; narrow escape; escape danger,,sample,sample,ok,,,,,,,
w-especially-adverb,especially,adverb,A2,Daily life,Century & Further,/əspˈɛʃli/,"đặc biệt, nhất là",more than usual; particularly,"I love fruit, especially mangoes in summer.","Mình thích trái cây, nhất là xoài mùa hè.","Drive slowly, especially when it rains.","Lái chậm lại, nhất là khi trời mưa.",especially important; especially when; especially for,,sample,sample,ok,,,,,,,
w-establish-verb,establish,verb,A2,Daily life,Apply & Accept,/ɪstˈæblɪʃ/,"thành lập, thiết lập",to start or create something that lasts,They established a small café near the park.,Họ mở một quán cà phê nhỏ gần công viên.,We need to establish clear rules at home.,Chúng ta cần đặt ra quy tắc rõ ràng ở nhà.,establish a business; establish rules; well established,,sample,sample,ok,,,,,,,
w-estimated-adjective,estimated,adjective,B2,Work,Work essentials,/ˈɛstəmˌeɪtəd/,"ước tính, dự kiến",based on a rough calculation before final figures,The estimated cost is higher than we planned.,Chi phí ước tính cao hơn kế hoạch.,Please send the estimated delivery date today.,Hôm nay gửi giúp ngày giao hàng dự kiến.,estimated cost; estimated time; estimated delivery,,sample,sample,ok,,,,,,,
w-even-adverb,even,adverb,A2,Daily life,It & All,/ˈivɪn/,"thậm chí, ngay cả",used to emphasize something surprising,Even my brother liked the vegetarian dish.,Ngay cả anh trai mình cũng thích món chay.,"It was cold, even inside the house.","Trời lạnh, thậm chí trong nhà cũng vậy.",even better; even if; not even,,warning:LEVEL_LEAK,must,ok,,,,,,,level_leak_ok
w-event-noun,event,noun,A1,Sports,Program & Practice,/ɪvˈɛnt/,"sự kiện (thể thao, giải đấu)",an organized activity people watch or join,The sports event starts at six.,Sự kiện thể thao bắt đầu lúc sáu giờ.,Many people came to the event.,Rất nhiều người đến dự sự kiện.,sports event; main event; special event,,warning:LEVEL_LEAK,must,ok,,,,,,,level_leak_ok
w-exhibition-noun,exhibition,noun,A2,Sports,Sports essentials,/ˌɛksəbˈɪʃən/,"triển lãm, buổi trưng bày",a public show where items are on display,We saw a sports equipment exhibition downtown.,Chúng tôi xem triển lãm dụng cụ thể thao ở trung tâm.,The exhibition opens at nine in the morning.,Triển lãm mở cửa lúc chín giờ sáng.,art exhibition; exhibition hall; visit an exhibition,,warning:LEVEL_LEAK,must,ok,,,,,,,level_leak_ok
w-eye-noun,eye,noun,A1,Health,Back & Back,/ˈaɪ/,mắt,the body part you use to see,She has brown eyes and short hair.,Cô ấy có mắt nâu và tóc ngắn.,Close your eyes and rest a bit.,Nhắm mắt nghỉ một chút đi.,blue eyes; close your eyes; eye contact,,warning:LEVEL_LEAK,must,ok,,,,,,,level_leak_ok
w-fabric-noun,fabric,noun,B2,Appearance,Button & Bag,/fˈæbɹɪk/,"vải, chất liệu vải","material used for clothes, curtains, or furniture covers",This fabric feels soft and light in summer.,"Vải này mềm và nhẹ, hợp mùa hè.",She chose a blue fabric for the new sofa.,Cô ấy chọn vải xanh cho ghế sofa mới.,cotton fabric; fabric softener; stretch fabric,,sample,sample,ok,,,,,,,
w-face-noun,face,noun,A1,Health,Back & Back,/fˈeɪs/,khuôn mặt,the front part of the head,Wash your face before you sleep.,Trước khi ngủ hãy rửa mặt.,He had a smile on his face.,Anh ấy mặt mỉm cười.,wash your face; on your face; face to face,,sample,sample,ok,,,,,,,
w-face-to-face-adjective,face-to-face,adjective,B1,Daily life,Daily life Face-to-face,/fˈeɪstufˈeɪs/,"trực tiếp, gặp mặt trực tiếp","involving people meeting in person, not online",We prefer a face-to-face meeting for important decisions.,Chúng tôi thích họp trực tiếp khi quyết định quan trọng.,Face-to-face classes resume at the community center next month.,Lớp học trực tiếp sẽ mở lại ở trung tâm cộng đồng tháng sau.,face-to-face meeting; face-to-face interview; face-to-face communication,,warning:LEVEL_LEAK,must,ok,,,,,,,level_leak_ok
w-fact-noun,fact,noun,A2,Daily life,Less & Second,/fˈækt/,"sự thật, điều có thật",something that is true and can be checked,It is a fact that the shop closes early.,Thực tế là cửa hàng đóng cửa sớm.,Please check the facts before you share the news.,Hãy kiểm tra sự thật trước khi lan truyền tin.,in fact; hard fact; check the facts,,sample,sample,ok,,,,,,,
w-fairly-adverb,fairly,adverb,A2,Daily life,Mainly & Inner,/fˈɛɹli/,"khá, tương đối",to a moderate degree; more than a little,The hotel room was fairly clean and quiet.,Phòng khách sạn khá sạch và yên tĩnh.,It is fairly cold outside this morning.,Sáng nay ngoài trời khá lạnh.,fairly good; fairly easy; fairly common,,sample,sample,ok,,,,,,,
w-fairy-noun,fairy,noun,A1,Media,Media Information,/fˈɛɹi/,tiên (nhân vật trong truyện),a small magic person in old stories,The child likes the fairy in the film.,Bé thích nhân vật tiên trong phim.,A fairy helps the girl in the story.,Trong truyện có tiên giúp cô bé.,fairy tale; tooth fairy; fairy story,,warning:LEVEL_LEAK,must,ok,,,,,,,level_leak_ok
w-famous-adjective,famous,adjective,A1,Media,Media Information,/fˈeɪməs/,nổi tiếng,known by many people,That singer is famous in our country.,Ca sĩ đó nổi tiếng ở nước ta.,The city has a famous old bridge.,Thành phố có cây cầu cổ nổi tiếng.,famous for; world famous; become famous,,warning:LEVEL_LEAK,must,ok,,,,,,,level_leak_ok
w-farm-noun,farm,noun,A1,Home,Bed & Floor,/fˈɑɹm/,"trang trại, nông trại",land used to grow food or raise animals,They have a small farm outside town.,Họ có trang trại nhỏ ngoài thị xã.,We visited a farm on the trip.,Chuyến đi chúng tôi thăm một nông trại.,family farm; on the farm; farm animals,,warning:LEVEL_LEAK,must,ok,,,,,,,level_leak_ok
w-fast-adjective,fast,adjective,A1,Sports,Program & Practice,/fˈæst/,nhanh,moving or happening at high speed,He is a very fast runner.,Anh ấy chạy rất nhanh.,The bus was fast this morning.,Sáng nay xe buýt chạy nhanh.,very fast; fast food; run fast,,warning:LEVEL_LEAK,must,ok,,,,,,,level_leak_ok
w-fat-adjective,fat,adjective,A1,Appearance,Color & Color,/fˈæt/,"béo, mập (người)",having a large or heavy body,The doctor said I am too fat.,Bác sĩ bảo mình hơi béo.,This cat looks a little fat.,Con mèo này trông hơi mập.,too fat; get fat; fat cat,Can sound rude about people; ‘overweight’ is softer in formal talk.,sample,sample,ok,,,,,,,
w-federal-adjective,federal,adjective,B2,Society,State & State,/fˈɛdɚəl/,"liên bang, thuộc chính phủ trung ương",relating to the national government of a country,Federal laws apply across the whole country.,Luật liên bang áp dụng trên cả nước.,She works for a federal agency in the capital.,Cô làm ở cơ quan liên bang tại thủ đô.,federal government; federal law; federal agency,,sample,sample,ok,,,,,,,
w-fee-noun,fee,noun,A2,Travel,Crowd & Remote,/fˈi/,"phí, lệ phí",an amount of money charged for a service,There is a small fee for extra luggage today.,Hôm nay hành lý thêm phải trả một khoản phí nhỏ.,Did you pay the booking fee online last night?,Tối qua bạn đã trả phí đặt chỗ trực tuyến chưa?,service fee; booking fee; pay a fee,,warning:LEVEL_LEAK,must,ok,,,,,,,level_leak_ok
w-feed-noun,feed,noun,A1,Food,Water & Water,/fˈid/,"thức ăn (cho gia súc, gia cầm)",food given to farm animals,We bought feed for the chickens.,Chúng tôi mua thức ăn cho gà.,The feed is stored in the barn.,Thức ăn được cất trong chuồng.,animal feed; chicken feed; buy feed,Not a meal for people; that is another word sense.,warning:LEVEL_LEAK,must,ok,,,,,,,level_leak_ok
w-feed-verb,feed,verb,B1,Daily life,Daily life Occasionally,/fˈid/,"cho ăn, nuôi dưỡng",to give someone or an animal food to eat,I feed the cat before I leave for work.,Tôi cho mèo ăn trước khi đi làm.,Please feed the baby while I cook dinner.,Nhờ bạn cho em bé ăn lúc mình nấu cơm tối.,feed the baby; feed a pet; feed on time,Bất quy tắc: feed / fed / fed,sample,sample,ok,,,,,,,
w-feel-noun,feel,noun,A2,Feelings,Need & Feel,/fˈil/,cảm giác (khi chạm); không khí,the quality something has when you touch it,I like the soft feel of this cotton shirt.,Tôi thích cảm giác mềm của chiếc áo cotton này.,The café had a warm and friendly feel inside.,"Bên trong quán cà phê có không khí ấm áp, thân thiện.",soft feel; look and feel; get the feel,Danh từ khác động từ feel (cảm thấy),warning:LEVEL_LEAK,must,ok,,,,,,,level_leak_ok
w-feel-verb,feel,verb,A1,Feelings,Like & Want,/fˈil/,cảm thấy,to experience an emotion or physical state,I feel happy when I see my family.,Mình cảm thấy vui khi gặp gia đình.,Do you feel tired after the trip?,Sau chuyến đi bạn có thấy mệt không?,feel happy; feel tired; feel better,,warning:LEVEL_LEAK,must,ok,,,,,,,level_leak_ok
w-fellow-adjective,fellow,adjective,B2,People,People essentials,/fˈɛloʊ/,"đồng, cùng (đồng nghiệp, bạn học)","belonging to the same group, job, or situation as you",She gave advice to a fellow student on campus.,Cô ấy cho bạn cùng lớp lời khuyên trong trường.,My fellow workers agreed to share the task.,Đồng nghiệp đồng ý chia sẻ công việc.,fellow student; fellow worker; fellow citizen,,sample,sample,ok,,,,,,,
w-female-adjective,female,adjective,A2,People,People essentials,/fˈimˌeɪl/,"nữ, giới tính cái",belonging to the sex that can have babies,The form asks whether you are male or female.,Mẫu đơn hỏi bạn là nam hay nữ.,She joined a female football team at her school.,Cô ấy vào đội bóng đá nữ ở trường.,female student; female worker; male or female,,warning:LEVEL_LEAK,must,ok,,,,,,,level_leak_ok
w-fence-noun,fence,noun,A2,Home,Container & Bench,/fˈɛns/,hàng rào,a structure that marks the edge of a yard,Our fence needs paint after the long rainy season.,"Sau mùa mưa dài, hàng rào nhà cần sơn lại.",The dog jumped over the fence this morning.,Sáng nay con chó nhảy qua hàng rào.,wooden fence; paint the fence; over the fence,,warning:LEVEL_LEAK,must,ok,,,,,,,level_leak_ok
w-festival-noun,festival,noun,A1,Sports,Song & Star,/fˈɛstəvəl/,lễ hội,"a special event with music, food, or sports",We went to a music festival last weekend.,Cuối tuần rồi chúng tôi đi lễ hội âm nhạc.,The sports festival starts in the morning.,Lễ hội thể thao bắt đầu buổi sáng.,music festival; food festival; summer festival,,warning:LEVEL_LEAK,must,ok,,,,,,,level_leak_ok
w-fever-noun,fever,noun,A1,Health,Mouth & Sleep,/fˈivɚ/,sốt,a high body temperature when you are ill,The child has a fever tonight.,Tối nay bé bị sốt.,Please rest if you have a fever.,Nếu bạn bị sốt thì hãy nghỉ ngơi nhé.,have a fever; high fever; fever and cough,,warning:LEVEL_LEAK,must,ok,,,,,,,level_leak_ok
w-field-noun,field,noun,A1,Home,World & Case,/fˈild/,"cánh đồng, bãi cỏ",a large open area of grass or farmland,Children play in the field near home.,Trẻ chơi ở bãi cỏ gần nhà.,We walked across the quiet green field.,Chúng tôi đi bộ qua cánh đồng xanh yên tĩnh.,open field; green field; play in the field,,warning:LEVEL_LEAK,must,ok,,,,,,,level_leak_ok
w-fight-noun,fight,noun,A1,Society,Social & Right,/fˈaɪt/,"cuộc đánh nhau, xung đột",an angry argument or physical struggle between people,There was a fight on the street last night.,Tối qua có một vụ đánh nhau trên phố.,The fight started over a small problem.,Cuộc cãi vã bắt đầu từ chuyện nhỏ.,street fight; start a fight; break up a fight,,warning:LEVEL_LEAK,must,ok,,,,,,,level_leak_ok
w-figure-noun,figure,noun,A2,Daily life,It & All,/fˈɪɡjɚ/,con số; hình dáng,a number that shows an amount or total,These figures show how sales grew last quarter.,Những con số này cho thấy doanh số tăng quý trước.,Can you check the figure on this invoice please?,Bạn kiểm tra con số trên hóa đơn này giúp nhé?,sales figures; check the figures; exact figure,,warning:LEVEL_LEAK,must,ok,,,,,,,level_leak_ok
w-file-noun,file,noun,A1,Home,World & Case,/fˈaɪl/,"tập tin, hồ sơ (trên máy tính)",a document or folder stored on a computer,Please save the file on your desk.,Nhờ lưu tập tin trên màn hình máy tính.,I cannot open this file at home.,Ở nhà mình không mở được tập tin này.,save a file; open a file; send a file,,warning:LEVEL_LEAK,must,ok,,,,,,,level_leak_ok
w-filling-noun,filling,noun,B1,Food,Bill & Fish,/fˈɪlɪŋ/,"nhân (bánh, bánh mì)","soft food put inside bread, cakes, or pastries",This sandwich has a cheese and tomato filling.,Bánh mì kẹp này có nhân phô mai và cà chua.,She changed the filling because it was too sweet.,Cô ấy đổi nhân vì quá ngọt.,meat filling; change the filling; sweet filling,,sample,sample,ok,,,,,,,
w-finally-adverb,finally,adverb,A2,Daily life,Provide & Specific,/fˈaɪnəli/,"cuối cùng, rốt cuộc",after a long time or at the last moment,We finally arrived home after a very long trip.,"Sau chuyến đi dài, cuối cùng chúng tôi cũng về nhà.",She finally answered my message this afternoon.,Chiều nay cô ấy rốt cuộc cũng trả lời tin nhắn của tôi.,finally arrived; finally finished; finally decided,,sample,sample,ok,,,,,,,
w-finance-noun,finance,noun,B2,Shopping,Present & Line,/fənˈæns/,tài chính,money matters and how people manage them,She works in finance at a large bank.,Cô ấy làm trong lĩnh vực tài chính ở một ngân hàng lớn.,We need to discuss finance before signing the lease.,Chúng ta cần bàn về tài chính trước khi ký hợp đồng thuê.,personal finance; public finance; finance department,,sample,sample,ok,,,,,,,
w-finance-verb,finance,verb,B1,Work,Work Leading,/fənˈæns/,"cấp vốn, tài trợ","to provide money for a project, business, or purchase",The bank agreed to finance our new office equipment.,Ngân hàng đồng ý tài trợ thiết bị văn phòng mới của chúng tôi.,Who will finance the training program this year?,Ai sẽ cấp vốn cho chương trình đào tạo năm nay?,finance a project; finance a purchase; partially finance,,warning:LEVEL_LEAK,must,ok,,,,,,,level_leak_ok
w-find-verb,find,verb,A1,Daily life,Get & Old,/fˈaɪnd/,tìm thấy,to discover something you were looking for,I cannot find my keys this morning.,Sáng nay mình không tìm thấy chìa khóa.,Did you find a good place to eat?,Bạn tìm được chỗ ăn ngon chưa?,find your keys; try to find; find a place,Irregular: find / found / found.,sample,sample,ok,,,,,,,
w-fine-verb,fine,verb,B2,Society,State & State,/fˈaɪn/,phạt tiền,to make someone pay money as a punishment,The city may fine drivers who park badly.,Thành phố có thể phạt tiền tài xế đỗ xe sai.,They fined him for dropping litter outside.,Họ phạt tiền anh ấy vì vứt rác ra ngoài.,fine someone for; heavily fined; fined for,verb sense (punish with money); not the adjective ‘ok’,sample,sample,ok,,,,,,,
w-flag-noun,flag,noun,A1,Shopping,Card & Spend,/flˈæɡ/,cờ,a piece of cloth with colours that represents a country,The shop has a red flag outside.,Cửa hàng treo cờ đỏ bên ngoài.,I bought a small flag at the market.,Mình mua một lá cờ nhỏ ở chợ.,national flag; red flag; wave a flag,,warning:LEVEL_LEAK,must,ok,,,,,,,level_leak_ok
w-flat-adverb,flat,adverb,B2,Home,Home Outside,/flˈæt/,"phẳng, nằm sát mặt phẳng",in a level position without curving upward,"Lay the boxes flat against the wall, please.",Nhờ xếp các hộp sát tường cho phẳng nhé.,The bread baked flat because the oven was too cool.,Bánh mì nướng bị dẹt vì lò không đủ nóng.,lie flat; fall flat; spread flat,,sample,sample,ok,,,,,,,
w-float-noun,float,noun,A2,Travel,Crowd & Remote,/flˈoʊt/,phao bơi; xe hoa (diễu hành),"a light object on water, or a decorated parade vehicle",She bought a float for the beach trip.,Cô ấy mua phao bơi cho chuyến đi biển.,We watched a colorful float in the parade.,Chúng tôi xem một xe hoa rực rỡ trong diễu hành.,pool float; parade float; inflatable float,,warning:LEVEL_LEAK,must,ok,,,,,,,level_leak_ok
w-floor-noun,floor,noun,A1,Home,Bed & Floor,/flˈɔɹ/,"sàn nhà, tầng",the flat surface you walk on inside a room,Please do not walk on the wet floor.,Đừng đi trên sàn nhà còn ướt nhé.,The floor in our kitchen is clean.,Sàn bếp nhà mình sạch sẽ.,on the floor; clean the floor; wooden floor,,warning:LEVEL_LEAK,must,ok,,,,,,,level_leak_ok
w-fly-noun,fly,noun,A1,Travel,Beach & Bus,/flˈaɪ/,con ruồi,a small insect with wings that can buzz around,A fly landed on my food at lunch.,Một con ruồi đậu lên đồ ăn lúc trưa.,There is a fly in the hotel room.,Trong phòng khách sạn có một con ruồi.,a fly on food; swat a fly; buzzing fly,Not the same as ‘fly’ the verb (travel by plane).,warning:LEVEL_LEAK,must,ok,,,,,,,level_leak_ok
w-following-adjective,following,adjective,A1,Daily life,Get & Old,/fˈɑloʊɪŋ/,"sau đây, tiếp theo",the ones that come next in a list or time,Please read the following sentences aloud.,Hãy đọc to các câu sau đây.,We meet on the following Monday morning.,Chúng ta gặp vào sáng thứ Hai tuần sau.,the following day; the following week; following items,,warning:LEVEL_LEAK,must,ok,,,,,,,level_leak_ok
w-football-noun,football,noun,A1,Sports,Song & Star,/fˈʊtbˌɔl/,bóng đá,a team game where players kick a ball to score,We watch football on TV on Sundays.,Chủ nhật chúng tôi xem bóng đá trên TV.,The children play football after school.,Tan học các em chơi bóng đá.,play football; watch football; football match,"In the US, ‘football’ often means American football; soccer is the kicking game.",sample,sample,ok,,,,,,,
w-footballer-noun,footballer,noun,A2,People,Envy & Dislike,,cầu thủ bóng đá,a person who plays football as a job or hobby,My brother wants to be a footballer one day.,Em trai tôi muốn một ngày là cầu thủ bóng đá.,The footballer scored a goal in the last minute.,Cầu thủ ghi bàn ở phút cuối trận.,professional footballer; young footballer; local footballer,Anh: footballer; Mỹ thường nói soccer player,warning:IPA_MISSING,must,ok,,,,,,,ipa_missing_ok
w-foreign-adjective,foreign,adjective,A1,Travel,Way & Place,/fˈɔɹən/,nước ngoài,from or relating to another country,She works for a foreign company.,Cô ấy làm ở công ty nước ngoài.,We tried foreign food on our trip.,Trong chuyến đi chúng tôi thử món nước ngoài.,foreign country; foreign language; foreign food,,warning:LEVEL_LEAK,must,ok,,,,,,,level_leak_ok
w-foreigner-noun,foreigner,noun,A1,People,Mrs & Aunt,/fˈɔɹənɚ/,người nước ngoài,a person from a country that is not yours,The tour guide helps foreigners in the city.,Hướng dẫn viên giúp khách nước ngoài trong thành phố.,"As a foreigner, I learn local customs slowly.","Là người nước ngoài, mình học phong tục địa phương từ từ.",meet a foreigner; help foreigners; live as a foreigner,Neutral word; in speech some prefer ‘international visitor’.,warning:LEVEL_LEAK,must,ok,,,,,,,level_leak_ok
w-form-noun,form,noun,A1,Daily life,Get & Old,/fˈɔɹm/,"mẫu đơn, biểu mẫu",a paper or online document with blank spaces to fill,Please sign this form at the desk.,Vui lòng ký mẫu đơn này ở quầy.,I fill in the form with my details.,Mình điền thông tin cá nhân vào biểu mẫu.,fill in a form; sign a form; application form,,warning:LEVEL_LEAK,must,ok,,,,,,,level_leak_ok
w-form-verb,form,verb,B1,Daily life,Daily life Face-to-face,/fˈɔɹm/,"hình thành, tạo thành","to start or create something, or to take a particular shape",They formed a small group to plan the community event.,Họ lập một nhóm nhỏ để lên kế hoạch sự kiện cộng đồng.,Ice will form on the windows if it gets colder tonight.,Tối nay lạnh hơn thì băng sẽ hình thành trên cửa sổ.,form a habit; form a group; form a line,,warning:LEVEL_LEAK,must,ok,,,,,,,level_leak_ok
w-free-adjective,free,adjective,A1,Daily life,Become & Give,/fɹˈi/,miễn phí; rảnh (có thời gian),"not costing money, or available to do something",The Wi-Fi here is completely free.,Wi-Fi ở đây hoàn toàn miễn phí.,Are you free on Sunday evening?,Chủ nhật tối bạn rảnh không?,for free; free time; free of charge,,warning:LEVEL_LEAK,must,ok,,,,,,,level_leak_ok
w-fridge-noun,fridge,noun,A2,Home,Container & Bench,/fɹˈɪdʒ/,tủ lạnh,a cold box that keeps food and drinks cool,Put the milk in the fridge after you buy it.,Mua sữa xong cho vào tủ lạnh nhé.,There is not much food left in the fridge.,Trong tủ lạnh không còn nhiều đồ ăn.,in the fridge; fridge door; clean the fridge,Viết đầy đủ: refrigerator,sample,sample,ok,,,,,,,
w-friend-noun,friend,noun,A1,People,People & Man,/fɹˈɛnd/,"bạn bè, người bạn",a person you like and spend time with,She is my best friend at work.,Cô ấy là bạn thân nhất của mình ở công ty.,I met an old friend yesterday.,Hôm qua mình gặp lại một người bạn cũ.,best friend; close friend; make friends,,sample,sample,ok,,,,,,,
w-friendship-noun,friendship,noun,A2,People,Wealth & Queen,/fɹˈɛndʃɪp/,tình bạn,a close and caring relationship between friends,Their friendship grew stronger after they worked together.,Làm chung việc khiến tình bạn họ bền hơn.,Good friendship needs trust and honest talk.,Tình bạn tốt cần tin tưởng và nói chuyện thật.,close friendship; long friendship; value friendship,,warning:LEVEL_LEAK,must,ok,,,,,,,level_leak_ok
w-from-preposition,from,preposition,A1,Grammar words,Grammar words essentials,/fɹˈʌm/,"từ (nơi chốn, thời gian)",shows where or when something starts,We all come from Hanoi originally.,Chúng tôi đều đến từ Hà Nội.,I work from eight to five daily.,Tôi làm việc từ tám đến năm giờ mỗi ngày.,from home; from work; far from,,warning:LEVEL_LEAK,must,ok,,,,,,,level_leak_ok
w-front-adjective,front,adjective,A1,Daily life,Open & Open,/fɹˈʌnt/,phía trước,at or near the forward part of something,Please use the front door tonight.,Tối nay hãy dùng cửa trước nhé.,I like to sit in the front seat.,Tôi thích ngồi ghế phía trước.,front door; front seat; front page,,warning:LEVEL_LEAK,must,ok,,,,,,,level_leak_ok
w-fuel-noun,fuel,noun,B1,Society,Criminal & Democracy,/fjˈuəl/,nhiên liệu,material burned to produce power or heat,Fuel prices rose again this month.,Giá nhiên liệu tháng này lại tăng.,The truck needs fuel before the long trip.,Xe tải cần đổ nhiên liệu trước chuyến đi dài.,fuel prices; run out of fuel; fossil fuel,,sample,sample,ok,,,,,,,
w-full-adjective,full,adjective,A1,Daily life,Become & Give,/fˈʊl/,"đầy, no",holding as much as possible; not empty,The bus is full this morning.,Sáng nay xe buýt chật cứng.,My plate is full of rice now.,Đĩa của tôi đầy cơm rồi.,full of; a full day; completely full,,warning:LEVEL_LEAK,must,ok,,,,,,,level_leak_ok
w-fun-adjective,fun,adjective,A1,Feelings,Like & Want,/fˈʌn/,"vui, thú vị",enjoyable and making you feel happy,The company trip was really fun.,Chuyến đi công ty thật vui.,Learning English together can be fun.,Học tiếng Anh cùng nhau cũng vui lắm.,have fun; so much fun; fun activity,,warning:LEVEL_LEAK,must,ok,,,,,,,level_leak_ok
w-fund-noun,fund,noun,B1,Society,Criminal & Democracy,/fˈʌnd/,quỹ (tiền dành cho mục đích riêng),money saved or collected for a special purpose,The school set up a fund for poor students.,Trường lập quỹ hỗ trợ học sinh khó khăn.,Donations went into the local relief fund.,Tiền quyên góp được chuyển vào quỹ cứu trợ địa phương.,relief fund; pension fund; set up a fund,,sample,sample,ok,,,,,,,
w-fund-verb,fund,verb,B1,Daily life,Release & Obviously,/fˈʌnd/,"cấp kinh phí, tài trợ",to provide money for a plan or activity,They will fund the new community project.,Họ sẽ tài trợ dự án cộng đồng mới.,Who will fund our research this year?,Năm nay ai sẽ cấp kinh phí cho nghiên cứu của chúng ta?,fund a project; publicly funded; fund research,,warning:LEVEL_LEAK,must,ok,,,,,,,level_leak_ok
w-garage-noun,garage,noun,A2,Home,Container & Bench,/ɡɚˈɑʒ/,nhà để xe; gara sửa xe,"a building for keeping a car, or for car repairs",He parks his motorbike in the garage at night.,Anh ấy để xe máy trong nhà để xe ban đêm.,The garage fixed my car brake in one day.,Gara sửa phanh xe tôi trong một ngày.,garage door; attached garage; car garage,,warning:LEVEL_LEAK,must,ok,,,,,,,level_leak_ok
w-garden-noun,garden,noun,A1,Home,Bed & Floor,/ɡˈɑɹdən/,vườn,land near a home where plants grow,My mother works in the garden daily.,Mẹ tôi làm vườn mỗi ngày.,We grow herbs in our small garden.,Chúng tôi trồng rau thơm trong vườn nhỏ.,in the garden; garden plants; back garden,,warning:LEVEL_LEAK,must,ok,,,,,,,level_leak_ok
w-get-verb,get,verb,A1,Daily life,Get & Old,/ɡˈɛt/,"nhận, lấy; đến nơi","to receive, obtain, or reach a place",I get up at six every weekday.,Ngày thường tôi dậy lúc sáu giờ.,Can you get some milk on the way?,Trên đường về bạn mua sữa giúp nhé?,get up; get home; get ready,Irregular: get / got / got (US gotten).,warning:LEVEL_LEAK,must,ok,,,,,,,level_leak_ok
w-gift-noun,gift,noun,A1,Shopping,Card & Spend,/ɡˈɪft/,"quà, món quà",something you give to show kindness,She bought a gift for her colleague.,Cô ấy mua quà cho đồng nghiệp.,Thank you for the lovely gift today.,Cảm ơn món quà đẹp hôm nay nhé.,birthday gift; give a gift; gift shop,,warning:LEVEL_LEAK,must,ok,,,,,,,level_leak_ok
w-girl-noun,girl,noun,A1,People,Girl & Address,/ɡˈɝl/,"cô gái, bé gái",a female child or young woman,The girl next door is very friendly.,Cô gái nhà bên cạnh rất thân thiện.,A young girl waited at the bus stop.,Một cô gái trẻ đợi ở trạm xe buýt.,young girl; little girl; baby girl,,warning:LEVEL_LEAK,must,ok,,,,,,,level_leak_ok
w-girlfriend-noun,girlfriend,noun,A1,People,Mrs & Aunt,/ɡˈɝlfɹˌɛnd/,bạn gái,a woman someone has a romantic relationship with,He called his girlfriend last night.,Tối qua anh ấy gọi cho bạn gái.,My girlfriend works near the office.,Bạn gái tôi làm gần văn phòng.,my girlfriend; call your girlfriend; meet his girlfriend,,warning:LEVEL_LEAK,must,ok,,,,,,,level_leak_ok
w-given-adjective,given,adjective,A2,Daily life,It & All,/ɡˈɪvən/,"đã nêu, đã cho trước",already stated or fixed at a particular time,Meet me at the given time tomorrow.,Gặp mình vào giờ đã hẹn ngày mai.,Use the given address on the letter.,Dùng địa chỉ đã ghi trên thư.,given time; given address; given amount,,warning:LEVEL_LEAK,must,ok,,,,,,,level_leak_ok
w-glad-adjective,glad,adjective,A1,Feelings,Like & Want,/ɡlˈæd/,"vui, mừng",happy and pleased about something,I am glad you could come today.,Mừng vì hôm nay bạn đến được.,She was glad to hear the good news.,Cô ấy mừng khi nghe tin tốt.,glad to hear; glad to help; so glad,,sample,sample,ok,,,,,,,
w-glasses-noun,glasses,noun,A1,Home,Kitchen & Hole,/ɡlˈæsəz/,kính (đeo mắt),lenses in frames worn to help you see,I need my glasses to read small text.,Tôi cần đeo kính mới đọc chữ nhỏ được.,Her glasses broke on the train today.,Hôm nay kính cô ấy bị gãy trên tàu.,wear glasses; a pair of glasses; reading glasses,Always plural; one pair of glasses.,warning:LEVEL_LEAK,must,ok,,,,,,,level_leak_ok
w-glove-noun,glove,noun,A2,Appearance,Appearance Good-looking,/ɡlˈʌv/,găng tay,a covering for the hand and fingers,Wear a glove when you wash dishes.,Đeo găng tay khi rửa bát nhé.,I lost my left glove on the bus.,Mình làm mất găng tay trái trên xe buýt.,pair of gloves; winter gloves; rubber glove,,sample,sample,ok,,,,,,,
w-go-verb,go,verb,A1,Daily life,Get & Old,/ɡˈoʊ/,đi,to move or travel to a place,I go to work by bus daily.,Hàng ngày tôi đi làm bằng xe buýt.,Shall we go home after dinner?,Ăn tối xong chúng ta về nhà nhé?,go home; go to work; go by bus,Irregular: go / went / gone.,sample,sample,ok,,,,,,,
w-goal-noun,goal,noun,A1,Sports,Program & Practice,/ɡˈoʊl/,bàn thắng (thể thao),a point scored in sports like football,Our team scored a goal this morning.,Sáng nay đội chúng tôi ghi một bàn.,The keeper saved the last goal easily.,Thủ môn cản được quả cuối dễ dàng.,score a goal; win a goal; team goal,Also means a target in life; here it is the sports sense.,warning:LEVEL_LEAK,must,ok,,,,,,,level_leak_ok
w-good-adjective,good,adjective,A1,Daily life,Both & Same,/ɡˈʊd/,"tốt, giỏi",of high quality or morally right,This is a good idea for our team.,Đây là ý hay cho nhóm chúng ta.,She is a good worker at the shop.,Cô ấy làm việc giỏi ở cửa hàng.,good idea; good job; feel good,,warning:LEVEL_LEAK,must,ok,,,,,,,level_leak_ok
w-good-afternoon-interjection,good afternoon,interjection,A1,Grammar words,Up & Between,/ɡˈʊd ˌæftɚnˈun/,chào buổi chiều,a polite greeting used after midday,"Good afternoon, how can I help you?","Chào buổi chiều, mình có thể giúp gì ạ?","Good afternoon, everyone in the meeting.",Chào buổi chiều mọi người trong cuộc họp.,good afternoon everyone; say good afternoon,treat as one greeting phrase,warning:LEVEL_LEAK,must,ok,,,,,,,level_leak_ok
w-good-morning-interjection,good morning,interjection,A1,Grammar words,Up & Between,/ɡˈʊd mˈɔɹnɪŋ/,chào buổi sáng,a polite greeting used early in the day,"Good morning, did you sleep well?","Chào buổi sáng, bạn ngủ ngon không?",I always say good morning at work.,Mình luôn chào buổi sáng khi đến công ty.,good morning everyone; say good morning,treat as one greeting phrase,warning:LEVEL_LEAK,must,ok,,,,,,,level_leak_ok
w-grandpa-noun,grandpa,noun,A1,People,Mrs & Aunt,/ɡɹˈændpˌɑ/,ông (ngoại hoặc nội),your mother or father's father,Grandpa tells stories after dinner.,Ông kể chuyện sau bữa tối.,I walk with my grandpa every morning.,Mỗi sáng tôi đi dạo cùng ông.,visit grandpa; my grandpa; grandpa and grandma,,sample,sample,ok,,,,,,,
w-grant-verb,grant,verb,B1,Daily life,Release & Obviously,/ɡɹˈænt/,"cấp, ban cho; chấp thuận",to officially give or allow something,The bank may grant you a small loan.,Ngân hàng có thể cấp cho bạn một khoản vay nhỏ.,They granted permission to use the meeting room.,Họ đã chấp thuận cho phép dùng phòng họp.,grant permission; grant a request; grant access,,sample,sample,ok,,,,,,,
w-greatly-adverb,greatly,adverb,A2,Daily life,Mainly & Inner,/ɡɹˈeɪtli/,"rất nhiều, đáng kể",very much or by a large amount,Your help greatly improved my English.,Sự giúp đỡ của bạn cải thiện tiếng Anh tôi rất nhiều.,Prices greatly changed after the holiday.,Sau kỳ nghỉ giá thay đổi đáng kể.,greatly appreciate; greatly improved; greatly reduced,,warning:LEVEL_LEAK,must,ok,,,,,,,level_leak_ok
w-green-adjective,green,adjective,A1,Appearance,Brand-new & Well-built,/ɡɹˈin/,màu xanh lá,having the colour of grass and leaves,She bought a green dress online.,Cô ấy mua một chiếc váy xanh online.,The trees are green in spring.,Mùa xuân cây cối xanh tươi.,green light; green tea; dark green,,sample,sample,ok,,,,,,,
w-ground-noun,ground,noun,A1,Sports,Program & Practice,/ɡɹˈaʊnd/,"mặt đất, sân",the solid surface under your feet outdoors,The ball is on the ground now.,Quả bóng đang nằm trên mặt đất.,We sat on the ground to rest.,Chúng tôi ngồi xuống đất nghỉ một lát.,on the ground; hit the ground; play on the ground,,warning:LEVEL_LEAK,must,ok,,,,,,,level_leak_ok
w-grow-verb,grow,verb,A1,Nature,Sun & Cold,/ɡɹˈoʊ/,"lớn lên; trồng, phát triển","to become bigger, or to raise plants",Children grow so fast these days.,Trẻ con ngày nay lớn nhanh thật.,We grow tomatoes on the balcony.,Chúng tôi trồng cà chua trên ban công.,grow up; grow plants; grow quickly,irregular: grow / grew / grown,warning:LEVEL_LEAK,must,ok,,,,,,,level_leak_ok
w-guidance-noun,guidance,noun,B1,School,Poet & Era,/ɡˈaɪdəns/,"sự hướng dẫn, chỉ dẫn",help and advice about what to do,Ask the office for guidance on your course choices.,Hãy hỏi văn phòng để được hướng dẫn chọn môn học.,She gave clear guidance during my first week at school.,Cô ấy chỉ dẫn rõ ràng trong tuần đầu tôi đi học.,under guidance; seek guidance; career guidance,,sample,sample,ok,,,,,,,
w-guitar-noun,guitar,noun,A1,Home,Kitchen & Hole,/ɡɪtˈɑɹ/,đàn ghi ta,a musical instrument with strings you play,He plays the guitar after work.,Anh ấy chơi guitar sau giờ làm.,My guitar is in the living room.,Cây guitar của tôi để ở phòng khách.,play the guitar; acoustic guitar; learn guitar,,warning:LEVEL_LEAK,must,ok,,,,,,,level_leak_ok
w-hall-noun,hall,noun,A1,Home,Bed & Floor,/hˈɔl/,hành lang; sảnh,a long narrow space inside a building,Please wait in the hall for me.,Nhờ bạn đợi ở hành lang giúp tôi.,The hall leads to the kitchen.,Hành lang dẫn vào nhà bếp.,down the hall; in the hall; hall door,,warning:LEVEL_LEAK,must,ok,,,,,,,level_leak_ok
w-hamburger-noun,hamburger,noun,A1,Food,Potato & Bean,/hˈæmbɚɡɚ/,bánh mì kẹp thịt,a flat meat patty in a bread roll,I ordered a hamburger for lunch.,Bữa trưa tôi gọi một phần hamburger.,This hamburger is too salty for me.,Miếng hamburger này với tôi hơi mặn.,eat a hamburger; cheese hamburger; order a hamburger,,warning:LEVEL_LEAK,must,ok,,,,,,,level_leak_ok
w-hammer-noun,hammer,noun,B1,Shopping,Shop & Bureau,/hˈæmɚ/,búa (dụng cụ),a tool with a heavy head for hitting nails,I bought a small hammer to hang pictures at home.,Mình mua một cái búa nhỏ để treo tranh ở nhà.,Keep the hammer in the toolbox after you finish.,"Sau khi xong, cất búa vào hộp đồ nghề nhé.",claw hammer; hammer and nails; use a hammer,,sample,sample,ok,,,,,,,
w-hand-verb,hand,verb,A2,Health,Back & Hand,/hˈænd/,"đưa, trao tay",to pass something to someone directly,Please hand me the bandage from the box.,Nhờ đưa mình băng gạc trong hộp.,The nurse will hand you your medicine now.,Y tá sẽ đưa thuốc cho bạn ngay.,hand someone; hand over; hand back,,warning:LEVEL_LEAK,must,ok,,,,,,,level_leak_ok
w-handle-verb,handle,verb,B1,Daily life,Daily life Occasionally,/hˈændəl/,"xử lý, giải quyết (việc, tình huống)","to deal with a job, problem, or situation",Can you handle the customer calls this afternoon?,Chiều nay bạn xử lý các cuộc gọi khách hàng được không?,She handled the delay calmly and kept everyone informed.,Cô ấy xử lý sự chậm trễ bình tĩnh và thông báo cho mọi người.,handle a problem; handle pressure; handle carefully,"Khác nghĩa danh từ: tay cầm, quai.",sample,sample,ok,,,,,,,
w-happen-verb,happen,verb,A1,Daily life,Closed & Visit,/hˈæpən/,xảy ra,"to take place or occur, often without planning",What will happen if we are late?,Nếu mình đến muộn thì chuyện gì xảy ra?,Accidents can happen on busy roads.,Trên đường đông xe tai nạn có thể xảy ra.,what happened; happen to; things happen,,warning:LEVEL_LEAK,must,ok,,,,,,,level_leak_ok
w-happy-adjective,happy,adjective,A1,Feelings,Like & Want,/hˈæpi/,"vui, hạnh phúc",feeling pleased or glad about something,I am happy to see you again.,Gặp lại bạn tôi rất vui.,She looks happy at work today.,Hôm nay cô ấy trông rất vui ở chỗ làm.,feel happy; happy birthday; make someone happy,,sample,sample,ok,,,,,,,
w-hard-adverb,hard,adverb,A1,Daily life,Open & Open,/hˈɑɹd/,"chăm chỉ; mạnh, dữ dội",with a lot of effort or force,She works hard every day at school.,Cô ấy học chăm chỉ mỗi ngày ở trường.,It rained hard last night here.,Đêm qua ở đây mưa rất to.,work hard; try hard; rain hard,,warning:LEVEL_LEAK,must,ok,,,,,,,level_leak_ok
w-head-noun,head,noun,A1,Health,Back & Back,/hˈɛd/,đầu,the upper part of your body above the neck,I have a pain in my head.,Tôi bị đau đầu.,She nodded her head and smiled.,Cô ấy gật đầu và mỉm cười.,shake your head; nod your head; head injury,,warning:LEVEL_LEAK,must,ok,,,,,,,level_leak_ok
w-head-verb,head,verb,A2,Daily life,Century & Further,/hˈɛd/,"hướng tới, đi về (một nơi)",to move or travel toward a particular place,We head to the market after breakfast.,Sau bữa sáng chúng tôi đi về phía chợ.,I will head home when the meeting ends.,Hết cuộc họp tôi sẽ về nhà.,head home; head to work; head for the station,,sample,sample,ok,,,,,,,
w-headphone-noun,headphone,noun,A2,Home,Container & Bench,/hˈɛdfˌoʊn/,tai nghe (một bên hoặc thiết bị nghe),a device worn on the ear to listen to sound,My left headphone stopped working yesterday.,Hôm qua tai nghe bên trái của mình hỏng.,Please plug the headphone into your laptop.,Cắm tai nghe vào laptop giúp mình nhé.,wireless headphone; headphone jack; wear a headphone,Thường dùng số nhiều headphones khi nói cả cặp.,warning:LEVEL_LEAK,must,ok,,,,,,,level_leak_ok
w-headquarters-noun,headquarters,noun,B2,Shopping,Present & Line,/hˈɛdkwˌɔɹtɚz/,trụ sở chính,the main office of a company or organisation,The brand moved its headquarters last year.,Thương hiệu đó chuyển trụ sở chính năm ngoái.,She works at company headquarters downtown.,Cô ấy làm việc tại trụ sở công ty ở trung tâm.,company headquarters; move headquarters; at headquarters,plural in form; often singular in meaning,sample,sample,ok,,,,,,,
w-headteacher-noun,headteacher,noun,A2,People,Envy & Dislike,,hiệu trưởng (trường phổ thông),the person who leads and manages a school,The headteacher spoke at the school meeting.,Hiệu trưởng phát biểu trong buổi họp toàn trường.,Parents can email the headteacher with questions.,Phụ huynh có thể gửi email hỏi hiệu trưởng.,school headteacher; meet the headteacher; headteacher's office,Tiếng Anh-Anh; Mỹ thường nói principal.,warning:IPA_MISSING,must,ok,,,,,,,ipa_missing_ok
w-healthy-adjective,healthy,adjective,A1,Health,Mouth & Sleep,/hˈɛlθi/,khỏe mạnh,"in good physical condition, not often ill",I try to eat healthy food.,Tôi cố ăn thức ăn tốt cho sức khỏe.,He looks healthy after the trip.,Sau chuyến đi anh ấy trông khỏe hơn.,healthy food; stay healthy; healthy lifestyle,,warning:LEVEL_LEAK,must,ok,,,,,,,level_leak_ok
w-hear-verb,hear,verb,A1,Communication,Say & Question,/hˈiɹ/,nghe,to receive sound through your ears,I can hear the bus now.,Giờ tôi nghe thấy xe buýt rồi.,Did you hear what she said?,Bạn có nghe cô ấy nói gì không?,hear clearly; hard to hear; hear from someone,,warning:LEVEL_LEAK,must,ok,,,,,,,level_leak_ok
w-heart-noun,heart,noun,A1,Health,Back & Back,/hˈɑɹt/,tim,the organ in your chest that pumps blood,Exercise is good for your heart.,Tập thể dục tốt cho tim.,The doctor listened to my heart.,Bác sĩ nghe tim của tôi.,heart rate; heart disease; break your heart,,warning:LEVEL_LEAK,must,ok,,,,,,,level_leak_ok
w-heavy-adjective,heavy,adjective,A1,Daily life,Live & Big,/hˈɛvi/,nặng,"weighing a lot, hard to lift or carry",This bag is too heavy for me.,"Chiếc túi này nặng quá, tôi không xách nổi.",The box feels very heavy today.,Hôm nay cái thùng này nặng kinh khủng.,too heavy; heavy rain; heavy traffic,,sample,sample,ok,,,,,,,
w-helpful-adjective,helpful,adjective,A2,Feelings,Need & Feel,/hˈɛlpfəl/,"hay giúp đỡ, có ích",willing to assist others or useful in a situation,The staff were very helpful at the hotel.,Nhân viên khách sạn rất nhiệt tình giúp đỡ.,This guide is helpful for new learners.,Cuốn hướng dẫn này hữu ích cho người mới học.,very helpful; helpful advice; helpful staff,,warning:LEVEL_LEAK,must,ok,,,,,,,level_leak_ok
w-high-adjective,high,adjective,A1,Daily life,Both & Same,/hˈaɪ/,cao,far above the ground or above normal,The price is too high today.,Hôm nay giá cao quá.,We live on a high floor.,Chúng tôi sống ở tầng cao.,high price; high level; high temperature,,warning:LEVEL_LEAK,must,ok,,,,,,,level_leak_ok
w-high-adverb,high,adverb,A2,Daily life,It & All,/hˈaɪ/,"cao, ở độ cao lớn",at or to a great height or level,The ball flew high over the fence.,Quả bóng bay cao vượt qua hàng rào.,She jumped high during the warm-up.,Cô ấy nhảy cao trong phần khởi động.,fly high; jump high; aim high,,sample,sample,ok,,,,,,,
w-hill-noun,hill,noun,A1,Home,Bed & Floor,/hˈɪl/,đồi,"raised land, smaller than a mountain",We walked up the hill slowly.,Chúng tôi leo lên đồi từ từ.,Their house is on a hill.,Nhà họ nằm trên một ngọn đồi.,up the hill; on a hill; steep hill,,warning:LEVEL_LEAK,must,ok,,,,,,,level_leak_ok
w-hold-verb,hold,verb,A2,Daily life,Simply & Normal,/hˈoʊld/,"cầm, giữ; tổ chức (cuộc họp)",to keep something in your hands or have an event,Please hold the door for a moment.,Giữ cửa giúp mình một lát nhé.,We will hold a short meeting after lunch.,Sau bữa trưa chúng tôi họp ngắn.,hold a meeting; hold hands; hold on,Bất quy tắc: hold / held / held.,sample,sample,ok,,,,,,,
w-hole-noun,hole,noun,A1,Home,Kitchen & Hole,/hˈoʊl/,"lỗ, hố",an empty space or opening in something,There is a hole in my sock.,Tất của tôi bị thủng một lỗ.,The dog dug a hole in the yard.,Con chó đào một cái hố trong sân.,black hole; dig a hole; hole in the wall,,warning:LEVEL_LEAK,must,ok,,,,,,,level_leak_ok
w-home-adverb,home,adverb,A2,Home,Home & Nature,/hˈoʊm/,"về nhà, ở nhà (không đi ra ngoài)",to or at the place where you live,I want to go home after work today.,Hôm nay tan làm mình muốn về nhà.,She stayed home because she felt tired.,Cô ấy ở nhà vì thấy mệt.,go home; stay home; work from home,,sample,sample,ok,,,,,,,
w-hospital-noun,hospital,noun,A1,Health,Back & Back,/hˈɑspˌɪtəl/,bệnh viện,a place where sick people get medical care,She works at the hospital nearby.,Cô ấy làm việc ở bệnh viện gần đây.,He went to the hospital yesterday.,Hôm qua anh ấy vào bệnh viện.,go to hospital; local hospital; hospital staff,,warning:LEVEL_LEAK,must,ok,,,,,,,level_leak_ok
w-ice-noun,ice,noun,A1,Food,Water & Water,/ˈaɪs/,đá,"frozen water, used to keep drinks cold",Please put ice in my drink.,Cho thêm đá vào đồ uống của tôi nhé.,The ice melts fast in the sun.,Đá tan nhanh dưới nắng.,ice cube; put ice in; melt ice,,warning:LEVEL_LEAK,must,ok,,,,,,,level_leak_ok
w-ideal-adjective,ideal,adjective,A1,Feelings,Like & Want,/aɪdˈil/,"lý tưởng, hoàn hảo",perfect or the best possible for something,This beach is ideal for a quiet holiday.,Bãi biển này lý tưởng cho kỳ nghỉ yên tĩnh.,A small bag is ideal for daily travel.,Túi nhỏ rất lý tưởng khi đi làm hàng ngày.,ideal place; ideal for; ideal choice,,warning:LEVEL_LEAK,must,ok,,,,,,,level_leak_ok
w-if-conjunction,if,conjunction,A1,Grammar words,Grammar words essentials,/ˈɪf/,nếu,used to talk about a possible situation,"If it rains, we will stay at home.","Nếu trời mưa, chúng ta sẽ ở nhà.",Call me if you need any help today.,Hôm nay cần giúp gì thì gọi cho mình nhé.,if not; if so; what if,,warning:LEVEL_LEAK,must,ok,,,,,,,level_leak_ok
w-important-adjective,important,adjective,A1,Daily life,Both & Same,/ˌɪmpˈɔɹtənt/,quan trọng,having great meaning or value for someone,Sleep is important for your health every day.,Ngủ đủ giấc rất quan trọng với sức khỏe hàng ngày.,This meeting is very important for our team.,Cuộc họp này rất quan trọng với nhóm chúng ta.,very important; important for; most important,,warning:LEVEL_LEAK,must,ok,,,,,,,level_leak_ok
w-impossible-adjective,impossible,adjective,A2,Feelings,Need & Feel,/ˌɪmpˈɑsəbəl/,"không thể, không làm được",not able to happen or be done,Finishing this today is impossible for me.,"Với mình, xong việc này trong hôm nay là không thể.","The door was locked, so entry seemed impossible.",Cửa khóa nên có vẻ không vào được.,seem impossible; nearly impossible; absolutely impossible,,warning:LEVEL_LEAK,must,ok,,,,,,,level_leak_ok
w-improve-verb,improve,verb,A2,Daily life,Mainly & Inner,/ˌɪmpɹˈuv/,"cải thiện, làm tốt hơn",to make something better or become better,I want to improve my English this year.,Năm nay mình muốn cải thiện tiếng Anh.,Small changes can improve your daily routine.,Thay đổi nhỏ có thể làm cuộc sống hàng ngày tốt hơn.,improve skills; improve health; improve over time,,sample,sample,ok,,,,,,,
w-in-adverb,in,adverb,A2,Daily life,It & All,/ɪn/,"vào trong, ở trong",toward the inside of a place or room,Please come in and take a seat.,Mời vào và ngồi nhé.,"It is cold outside, so let's stay in.","Ngoài trời lạnh, ở trong nhà thôi.",come in; stay in; bring in,,sample,sample,ok,,,,,,,
w-in-preposition,in,preposition,A1,Grammar words,Grammar words essentials,/ɪn/,"trong, ở bên trong","inside a place, area, or container",Your keys are in my bag right now.,Chìa khóa của bạn đang ở trong túi mình.,We live in a small city near the sea.,Chúng tôi sống ở một thành phố nhỏ gần biển.,in the morning; in the room; in time,,warning:LEVEL_LEAK,must,ok,,,,,,,level_leak_ok
w-inch-verb,inch,verb,B2,Daily life,Comment & Crucial,/ˈɪntʃ/,"tiến từng chút, lách từng bước",to move forward very slowly in small steps,Traffic inched forward after the accident cleared from the road.,Xe chỉ lách từng chút sau khi tai nạn được dọn khỏi đường.,We inched closer to the front of the long queue.,Chúng tôi tiến dần lên gần đầu hàng dài.,inch forward; inch closer; inch by inch,,sample,sample,ok,,,,,,,
w-increase-verb,increase,verb,A2,Daily life,Provide & Specific,/ˌɪnkɹˈis/,"tăng, làm tăng",to become or make something larger in amount,They plan to increase prices next month.,Họ dự định tăng giá vào tháng sau.,Walking can increase your energy during the day.,Đi bộ có thể giúp bạn tràn đầy năng lượng ban ngày.,increase prices; increase sales; increase gradually,,warning:LEVEL_LEAK,must,ok,,,,,,,level_leak_ok
w-indeed-adverb,indeed,adverb,A2,Grammar words,Grammar words essentials,/ˌɪndˈid/,"quả thật, thực sự (nhấn mạnh)",used to emphasize that something is true or certain,It was indeed a long and tiring day.,Quả thật là một ngày dài và mệt.,Thank you indeed for all your support.,Thật sự cảm ơn vì sự hỗ trợ của bạn.,yes indeed; very indeed; indeed true,,warning:LEVEL_LEAK,must,ok,,,,,,,level_leak_ok
w-industrial-adjective,industrial,adjective,B1,Work,Full-time & Part-time,/ˌɪndˈʌstɹiəl/,"thuộc công nghiệp, sản xuất quy mô lớn",connected with factories and large-scale production,The city grew around an industrial zone by the river.,Thành phố phát triển quanh khu công nghiệp ven sông.,Industrial noise made it hard to sleep at night.,Tiếng ồn công nghiệp khiến ban đêm khó ngủ.,industrial area; industrial waste; industrial equipment,,sample,sample,ok,,,,,,,
w-information-noun,information,noun,A1,Media,Media Information,/ˌɪnfɚmˈeɪʃən/,thông tin,facts or details you learn about something,I need more information about the hotel booking.,Mình cần thêm thông tin về việc đặt khách sạn.,This page has useful information for new students.,Trang này có thông tin hữu ích cho sinh viên mới.,more information; useful information; personal information,Không đếm được; không nói 'an information'.,warning:LEVEL_LEAK,must,ok,,,,,,,level_leak_ok
w-initial-adjective,initial,adjective,B2,Daily life,Issue & Western,/ˌɪnˈɪʃəl/,"ban đầu, lúc đầu",happening at the beginning or the first stage,My initial plan was to leave early on Friday.,Kế hoạch ban đầu của tôi là về sớm thứ Sáu.,The initial cost covers training and the first month of rent.,Chi phí lúc đầu gồm đào tạo và tháng thuê đầu tiên.,initial stage; initial reaction; initial payment,,sample,sample,ok,,,,,,,
w-initial-noun,initial,noun,B1,School,School Development,/ˌɪnˈɪʃəl/,chữ cái đầu (của tên),"the first letter of a name, often written alone",Please write your initial next to each page number.,Vui lòng ký chữ cái đầu cạnh số từng trang.,"The form asks for your initial, not your full signature.","Mẫu yêu cầu chữ cái đầu, không phải chữ ký đầy đủ.",first initial; middle initial; sign your initial,Danh từ; không nhầm với tính từ “ban đầu”.,sample,sample,ok,,,,,,,
w-inspector-noun,inspector,noun,B2,Work,Employer & Commander,/ˌɪnspˈɛktɚ/,"thanh tra viên, kiểm tra viên",an official person who checks that rules are followed,The health inspector visited our café yesterday morning.,Thanh tra y tế ghé quán cà phê chúng tôi sáng hôm qua.,An inspector checked safety rules at the factory last week.,Tuần trước một thanh tra kiểm tra an toàn tại nhà máy.,health inspector; school inspector; fire inspector,,sample,sample,ok,,,,,,,
w-instant-adjective,instant,adjective,A2,Daily life,Split & Belong,/ˈɪnstənt/,"tức thì, ngay lập tức",happening or ready in a very short time,I made instant noodles for a quick lunch.,Mình nấu mì ăn liền cho bữa trưa nhanh.,She sent an instant reply to my message.,Cô ấy trả lời tin nhắn của mình ngay lập tức.,instant coffee; instant noodles; instant message,,sample,sample,ok,,,,,,,
w-instruction-noun,instruction,noun,B1,School,School Development,/ˌɪnstɹˈʌkʃən/,"hướng dẫn, chỉ dẫn cách làm",detailed information telling you how to do something,Read the instruction on the box before you assemble it.,Đọc hướng dẫn trên hộp trước khi lắp ráp.,The teacher gave clear instruction for the group project.,Giáo viên đưa hướng dẫn rõ ràng cho dự án nhóm.,follow the instruction; step-by-step instruction; written instruction,Thường dùng số nhiều instructions khi nói bản hướng dẫn đầy đủ.,warning:LEVEL_LEAK,must,ok,,,,,,,level_leak_ok
w-instructor-noun,instructor,noun,B1,School,Admission & Biology,/ˌɪnstɹˈʌktɚ/,"giảng viên, người hướng dẫn",a person who teaches a skill or subject,Our yoga instructor corrected my posture gently.,Huấn luyện viên yoga nhẹ nhàng chỉnh tư thế cho mình.,The driving instructor explained the test route clearly.,Giáo viên dạy lái giải thích lộ trình thi rõ ràng.,fitness instructor; driving instructor; course instructor,,warning:LEVEL_LEAK,must,ok,,,,,,,level_leak_ok
w-interesting-adjective,interesting,adjective,A1,Feelings,Like & Want,/ˈɪntɹəstɪŋ/,"thú vị, hấp dẫn",making you want to pay attention or learn,The book is very interesting to read at night.,Cuốn sách rất thú vị để đọc buổi tối.,We watched an interesting film last weekend.,Cuối tuần rồi chúng tôi xem một bộ phim hay.,very interesting; interesting story; find it interesting,interested = bạn thích; interesting = vật hay.,warning:LEVEL_LEAK,must,ok,,,,,,,level_leak_ok
w-internet-noun,internet,noun,A1,Media,Media Information,/ˈɪntɚnˌɛt/,mạng toàn cầu,a global system that connects computers and phones,I found the answer on the internet last night.,Tối qua mình tìm được câu trả lời trên mạng.,The internet is slow in my room today.,Hôm nay mạng trong phòng mình chậm quá.,on the internet; internet connection; use the internet,Also: internet,warning:LEVEL_LEAK,must,ok,,,,,,,level_leak_ok
w-interviewer-noun,interviewer,noun,A1,People,Mrs & Aunt,/ˈɪntɚvjˌuɚ/,người phỏng vấn,a person who asks questions in an interview,The interviewer asked about my work experience.,Người phỏng vấn hỏi về kinh nghiệm làm việc của tôi.,My interviewer was friendly and spoke slowly.,Người phỏng vấn thân thiện và nói chậm rãi.,the interviewer asked; friendly interviewer; meet the interviewer,,warning:LEVEL_LEAK,must,ok,,,,,,,level_leak_ok
w-into-preposition,into,preposition,A1,Grammar words,Up & Between,/ˈɪntu/,vào trong,moving from outside to inside something,She walked into the shop after work today.,Hôm nay tan làm cô ấy bước vào cửa hàng.,Put the milk into the fridge please now.,Nhờ cho sữa vào tủ lạnh giúp mình nhé.,go into; walk into; look into,,warning:LEVEL_LEAK,must,ok,,,,,,,level_leak_ok
w-investigator-noun,investigator,noun,B2,People,Residence & Divorce,/ˌɪnvˈɛstəɡˌeɪtɚ/,điều tra viên,a person whose job is to find facts about a case,The investigator asked careful questions about the missing files.,Điều tra viên hỏi kỹ về các hồ sơ bị mất.,An investigator reviewed the scene before the office reopened.,Một điều tra viên khám hiện trường trước khi văn phòng mở cửa lại.,private investigator; lead investigator; chief investigator,,sample,sample,ok,,,,,,,
w-iron-verb,iron,verb,B1,Home,Home essentials,/ˈaɪɚn/,ủi (quần áo),to make clothes smooth using a hot device,I iron my work shirt every Sunday evening.,Tôi ủi áo sơ mi đi làm mỗi tối Chủ nhật.,Could you iron these trousers before the trip?,Bạn ủi giúp chiếc quần này trước chuyến đi được không?,iron a shirt; iron clothes; need to iron,,sample,sample,ok,,,,,,,
w-island-noun,island,noun,A1,Society,Social & Right,/ˈaɪlənd/,đảo,a piece of land with water all around it,We spent a week on a small island.,Chúng tôi ở một hòn đảo nhỏ được một tuần.,The island has clean beaches and good food.,Hòn đảo có bãi biển sạch và đồ ăn ngon.,small island; on the island; island holiday,,sample,sample,ok,,,,,,,
w-italicize-verb,italicize,verb,B2,School,Prose & Conquest,,in nghiêng (chữ),to print or write words in slanted type,Please italicize the foreign words in your essay.,Hãy in nghiêng các từ nước ngoài trong bài luận của bạn.,The editor asked us to italicize book titles.,Biên tập viên yêu cầu chúng tôi in nghiêng tên sách.,italicize a title; italicize foreign words,US spelling; UK often uses italicise.,warning:IPA_MISSING,must,ok,,,,,,,ipa_missing_ok
w-jacket-noun,jacket,noun,A1,Appearance,Button & Bag,/dʒˈækət/,áo khoác,a short coat you wear over other clothes,Take a jacket because it is cold outside.,"Trời lạnh ngoài trời, mang theo áo khoác nhé.",He bought a new jacket for work this month.,Tháng này anh ấy mua áo khoác mới đi làm.,wear a jacket; leather jacket; warm jacket,,sample,sample,ok,,,,,,,
w-jewelry-noun,jewelry,noun,A1,Shopping,Card & Spend,/dʒˈuəlɹi/,trang sức,"rings, necklaces, and other things you wear",She sold some old jewelry online last week.,Tuần trước cô ấy bán vài món trang sức cũ trên mạng.,The shop has beautiful jewelry on display today.,Hôm nay cửa hàng trưng bày nhiều trang sức đẹp.,gold jewelry; wear jewelry; piece of jewelry,Anh Mỹ: jewelry; Anh Anh thường viết jewellery.,warning:LEVEL_LEAK,must,ok,,,,,,,level_leak_ok
w-job-noun,job,noun,A1,Work,Work & Work,/dʒˈɑb/,công việc,paid work that you do regularly,He got a new job at the bank last month.,Tháng trước anh ấy có công việc mới ở ngân hàng.,My job starts at eight every weekday morning.,Công việc của mình bắt đầu lúc tám giờ các ngày trong tuần.,new job; get a job; job interview,,warning:LEVEL_LEAK,must,ok,,,,,,,level_leak_ok
w-join-verb,join,verb,A1,Daily life,Closed & Visit,/dʒˈɔɪn/,"tham gia, gia nhập",to become part of a group or activity,Would you like to join us for lunch today?,Hôm nay bạn muốn tham gia ăn trưa với bọn mình không?,I want to join the English class this term.,Học kỳ này mình muốn tham gia lớp tiếng Anh.,join us; join a club; join the team,,warning:LEVEL_LEAK,must,ok,,,,,,,level_leak_ok
w-joint-adjective,joint,adjective,B1,Work,Work Leading,/dʒˈɔɪnt/,"chung, liên doanh","shared by two or more people, groups, or organizations together",The two companies signed a joint agreement this morning.,Sáng nay hai công ty ký thỏa thuận chung.,It was a joint decision made by both department heads.,Đó là quyết định chung của hai trưởng phòng.,joint effort; joint account; joint project,,sample,sample,ok,,,,,,,
w-journal-noun,journal,noun,B1,Home,Home essentials,/dʒˈɝnəl/,nhật ký,a notebook where you write private thoughts and daily events,She writes in her journal before going to bed.,Cô ấy viết nhật ký trước khi đi ngủ.,I keep a small journal on my desk at home.,Tôi để một cuốn nhật ký nhỏ trên bàn làm việc ở nhà.,keep a journal; write in a journal; personal journal,Cũng có thể chỉ tạp chí học thuật (academic journal).,sample,sample,ok,,,,,,,
w-juice-noun,juice,noun,A1,Food,Corn & Meal,/dʒˈus/,nước ép,a drink made from fruit or vegetables,I drink orange juice every morning at home.,Mỗi sáng ở nhà mình uống nước cam ép.,Would you like some juice with your lunch?,Ăn trưa bạn có muốn uống nước ép không?,orange juice; fruit juice; glass of juice,,sample,sample,ok,,,,,,,
w-junk-food-phrase,junk food,phrase,B2,Food,Water & Water,/dʒˈʌŋk fˈud/,đồ ăn nhanh không lành mạnh,cheap food that is quick to eat but unhealthy,I cut down on junk food after work.,Tan làm xong mình đã cắt giảm đồ ăn vặt không lành.,Junk food is convenient but rarely healthy.,Đồ ăn nhanh tiện nhưng hiếm khi lành mạnh.,eat junk food; junk food habit; cut down on junk food,multi-word phrase,sample,sample,ok,,,,,,,
w-key-adjective,key,adjective,A1,Daily life,Live & Big,/kˈi/,"quan trọng, chủ yếu",very important for success or understanding,This is a key point in the talk.,Đây là điểm quan trọng trong buổi nói chuyện.,The key person is not here today.,Người then chốt hôm nay không có mặt.,key role; key point; key factor,,warning:LEVEL_LEAK,must,ok,,,,,,,level_leak_ok
w-key-noun,key,noun,A1,Home,World & Case,/kˈi/,chìa khóa,a small metal object that opens a lock,I lost my key this morning.,Sáng nay mình làm mất chìa khóa.,Please put the key on the table.,Hãy để chìa khóa trên bàn nhé.,front door key; car key; spare key,,warning:LEVEL_LEAK,must,ok,,,,,,,level_leak_ok
w-keyboard-noun,keyboard,noun,B1,Home,Grave & Avenue,/kˈibˌɔɹd/,bàn phím,the set of keys used to type letters on a computer,"My keyboard stopped working, so I borrowed one from work.",Bàn phím của tôi hỏng nên tôi mượn cái ở công ty.,Please wipe the keyboard after you finish eating lunch.,Nhớ lau bàn phím sau khi ăn trưa xong.,wireless keyboard; keyboard and mouse; clean the keyboard,,sample,sample,ok,,,,,,,
w-kill-verb,kill,verb,A1,Daily life,Closed & Visit,/kˈɪl/,giết; làm chết,"to cause a person, animal, or plant to die",This cold weather killed our plants.,Trời lạnh thế này làm chết cây của chúng tôi.,We killed time before the bus came.,Chúng tôi giết thời gian chờ xe buýt.,kill time; kill plants; kill bacteria,"kill time = giết thời gian, chờ đợi.",warning:LEVEL_LEAK,must,ok,,,,,,,level_leak_ok
w-killer-noun,killer,noun,A2,Society,Attack & Ancient,/kˈɪlɚ/,"thứ cực khó, thử thách nặng (thân mật)",something that is very hard or tiring to deal with,The final exam was a real killer this term.,Kỳ thi cuối kỳ này thật sự cực khó.,That long hill is a killer on hot days.,Ngày nóng leo con dốc dài ấy mệt lắm.,real killer; exam killer; a killer workout,"Nghĩa thân mật, không dùng cho bạo lực; killer còn có nghĩa kẻ giết người.",warning:LEVEL_LEAK,must,ok,,,,,,,level_leak_ok
w-kingdom-noun,kingdom,noun,A2,Society,Attack & Ancient,/kˈɪŋdəm/,vương quốc,a country ruled by a king or queen,We read a story about an old kingdom in Europe.,Chúng tôi đọc truyện về một vương quốc xưa ở châu Âu.,The kingdom had strong laws and busy markets.,Vương quốc ấy có luật chặt và chợ đông đúc.,ancient kingdom; united kingdom; ruling kingdom,,sample,sample,ok,,,,,,,
w-knee-noun,knee,noun,A1,Health,Mouth & Sleep,/nˈi/,đầu gối,the middle joint in your leg,My knee hurts after I run.,"Sau khi chạy, đầu gối mình đau.",Please bend your knee slowly.,Hãy gập đầu gối từ từ nhé.,hurt your knee; on one knee; knee pain,,warning:LEVEL_LEAK,must,ok,,,,,,,level_leak_ok
w-knife-noun,knife,noun,A1,Shopping,Card & Spend,/nˈaɪf/,dao,a tool with a sharp blade for cutting,I need a knife to cut bread.,Mình cần dao để cắt bánh mì.,Be careful with that sharp knife.,Cẩn thận với con dao sắc đó.,kitchen knife; sharp knife; cut with a knife,Số nhiều: knives.,warning:LEVEL_LEAK,must,ok,,,,,,,level_leak_ok
w-know-verb,know,verb,A1,School,Know & Study,/nˈoʊ/,"biết, quen biết",to have information or be familiar with someone,Do you know the answer?,Bạn có biết đáp án không?,I know her from university.,Mình quen cô ấy từ thời đại học.,know about; get to know; know someone,irregular: know / knew / known,warning:LEVEL_LEAK,must,ok,,,,,,,level_leak_ok
w-lady-noun,lady,noun,A1,People,Girl & Address,/lˈeɪdi/,"phụ nữ, quý bà","a woman, especially in polite speech",The lady at the desk helped me.,Chị phụ nữ ở quầy đã giúp mình.,An old lady lives next door.,Có một bà cụ sống nhà bên cạnh.,young lady; nice lady; ladies and gentlemen,,warning:LEVEL_LEAK,must,ok,,,,,,,level_leak_ok
w-lake-noun,lake,noun,A2,Home,Home & Nature,/lˈeɪk/,hồ,a large area of water surrounded by land,We had a picnic by the lake on Sunday.,Chủ nhật chúng tôi picnic bên hồ.,The lake looks calm early in the morning.,Sáng sớm mặt hồ trông rất yên.,by the lake; lake water; small lake,,sample,sample,ok,,,,,,,
w-land-verb,land,verb,A2,Travel,Far & Area,/lˈænd/,"hạ cánh, đáp xuống",to come down onto the ground after flying,Our plane will land in Hanoi at noon.,Máy bay chúng ta sẽ hạ cánh ở Hà Nội lúc trưa.,The pilot landed the plane safely in the rain.,Phi công hạ cánh an toàn dù trời mưa.,land safely; about to land; land at the airport,Land còn là danh từ (đất); ở đây là động từ trong du lịch.,warning:LEVEL_LEAK,must,ok,,,,,,,level_leak_ok
w-landlord-noun,landlord,noun,B1,Work,Work Assistant,/lˈændlˌɔɹd/,chủ nhà cho thuê,a person who owns a building and rents rooms or flats to tenants,Our landlord fixed the broken heater within one day.,Chủ nhà sửa máy sưởi hỏng trong vòng một ngày.,I called the landlord to ask about renewing the lease.,Tôi gọi chủ nhà để hỏi về việc gia hạn hợp đồng thuê.,call the landlord; private landlord; landlord and tenant,,warning:LEVEL_LEAK,must,ok,,,,,,,level_leak_ok
w-last-adverb,last,adverb,B1,Daily life,Daily life Face-to-face,/lˈæst/,lần cuối; gần đây nhất,on the most recent occasion in the past,I last saw my cousin at a family dinner in April.,Lần cuối tôi gặp anh họ là ở bữa tối gia đình tháng Tư.,When did you last speak to your manager about the schedule?,Lần gần nhất bạn trao đổi với quản lý về lịch là khi nào?,last saw; last spoke; when did you last,Trạng từ; khác tính từ last (cuối cùng) và động từ last (kéo dài).,sample,sample,ok,,,,,,,
w-late-adverb,late,adverb,A1,Daily life,Open & Open,/lˈeɪt/,"muộn, trễ",after the usual or expected time,Please do not stay up too late.,Đừng thức quá khuya nhé.,He came home late last night.,Tối qua anh ấy về nhà muộn.,stay up late; arrive late; work late,,warning:LEVEL_LEAK,must,ok,,,,,,,level_leak_ok
w-lawyer-noun,lawyer,noun,A2,Work,Lawyer & Manage,/lˈɔjɚ/,luật sư,a person trained to advise people on legal matters,My cousin works as a lawyer in the city.,Anh họ tôi làm luật sư ở thành phố.,We need a lawyer to read this contract.,Chúng ta cần luật sư đọc hợp đồng này.,hire a lawyer; family lawyer; talk to a lawyer,,warning:LEVEL_LEAK,must,ok,,,,,,,level_leak_ok
w-lead-adjective,lead,adjective,B1,Work,Full-time & Part-time,/lˈɛd/,"chính, hàng đầu (vai trò, vị trí)",most important or main in a group or project,She is the lead designer on our team.,Cô ấy là nhà thiết kế chính trong nhóm chúng tôi.,He took a lead role in the new campaign.,Anh ấy đảm nhận vai trò then chốt trong chiến dịch mới.,lead role; lead position; lead engineer,Phát âm /led/ như kim loại chì; khác /liːd/ của động từ đi đầu.,warning:LEVEL_LEAK,must,ok,,,,,,,level_leak_ok
w-lead-verb,lead,verb,B1,Work,Full-time & Part-time,/lˈɛd/,"lãnh đạo, dẫn dắt",to guide a group or be in charge of something,She will lead the new marketing team.,Cô ấy sẽ dẫn dắt nhóm marketing mới.,Good managers lead by clear example.,Quản lý giỏi dẫn dắt bằng tấm gương rõ ràng.,lead a team; lead by example; lead a project,irregular: lead / led / led · rhymes with need (not the metal),sample,sample,ok,,,,,,,
w-leaf-noun,leaf,noun,A1,Shopping,Card & Spend,/lˈif/,chiếc lá,a flat green part that grows on a plant,A yellow leaf fell on my bag.,Một chiếc lá vàng rơi lên túi của tôi.,I found a dry leaf in the book.,Tôi thấy một chiếc lá khô trong sách.,green leaf; fallen leaf; tea leaf,Số nhiều bất quy tắc: leaves.,warning:LEVEL_LEAK,must,ok,,,,,,,level_leak_ok
w-league-noun,league,noun,B1,Society,Criminal & Democracy,/lˈiɡ/,"liên đoàn, giải (thể thao); liên minh",a group of teams or organizations with shared rules,Our city has a new football league this year.,Thành phố chúng tôi có giải bóng đá mới năm nay.,They formed a league to protect local workers.,Họ lập liên minh để bảo vệ người lao động địa phương.,football league; in the league; form a league,,sample,sample,ok,,,,,,,
w-learner-noun,learner,noun,A2,School,Wisdom & Fail,/lˈɝnɚ/,"người học, học viên",someone who is learning a skill or subject,Every learner in the class gets a workbook.,Mỗi học viên trong lớp đều có sách bài tập.,She is a fast learner with new software.,Cô ấy học phần mềm mới rất nhanh.,language learner; fast learner; adult learner,,sample,sample,ok,,,,,,,
w-leave-verb,leave,verb,A1,Daily life,Live & Big,/lˈiv/,"rời khỏi, bỏ đi",to go away from a place or person,I leave home at seven o'clock.,Mình rời nhà lúc bảy giờ.,Please leave your bag here.,Hãy để túi ở đây nhé.,leave home; leave work; leave early,Bất quy tắc: leave / left / left.,sample,sample,ok,,,,,,,
w-left-adjective,left,adjective,A1,Daily life,Get & Old,/lˈɛft/,bên trái,on the side opposite to the right,Turn left at the next corner.,Rẽ trái ở ngã rẽ tới.,My left hand holds the cup.,Tay trái mình cầm cốc.,on the left; left hand; turn left,,warning:LEVEL_LEAK,must,ok,,,,,,,level_leak_ok
w-leg-noun,leg,noun,A1,Health,Mouth & Sleep,/lˈɛɡ/,chân,a part of the body used for walking,My leg hurts after the long walk.,Đi bộ lâu nên chân mình đau.,He broke his leg last year.,Năm ngoái anh ấy gãy chân.,hurt your leg; left leg; broken leg,,warning:LEVEL_LEAK,must,ok,,,,,,,level_leak_ok
w-lemonade-noun,lemonade,noun,A2,Food,Soda & Champagne,/lˈɛmənˈeɪd/,nước chanh,a sweet cold drink made from lemon juice,Would you like a glass of lemonade?,Bạn uống một ly nước chanh nhé?,We made lemonade for the guests yesterday.,Hôm qua chúng tôi pha nước chanh mời khách.,glass of lemonade; fresh lemonade; make lemonade,,sample,sample,ok,,,,,,,
w-lesson-noun,lesson,noun,A1,School,Copy & Poem,/lˈɛsən/,bài học,a period of teaching or learning at school,We have an English lesson today.,Hôm nay có tiết tiếng Anh.,The lesson starts at nine o'clock.,Bài học bắt đầu lúc chín giờ.,English lesson; piano lesson; first lesson,,warning:LEVEL_LEAK,must,ok,,,,,,,level_leak_ok
w-level-noun,level,noun,A2,Daily life,Less & Second,/lˈɛvəl/,"mức, cấp độ","a particular height, amount, or standard in something",Water rose to a dangerous level overnight.,"Qua đêm, mực nước dâng lên mức nguy hiểm.",What level is your English class this year?,Năm nay lớp tiếng Anh của bạn ở cấp nào?,high level; water level; entry level,,warning:LEVEL_LEAK,must,ok,,,,,,,level_leak_ok
w-life-noun,life,noun,A1,Daily life,Not & There,/lˈaɪf/,cuộc sống; đời sống,the time when a person or animal is alive,Life in this city is very busy.,Cuộc sống ở thành phố này rất bận rộn.,I want a happy life with my family.,Tôi muốn một cuộc sống hạnh phúc bên gia đình.,daily life; family life; for life,,sample,sample,ok,,,,,,,
w-light-noun,light,noun,A1,Home,World & Case,/lˈaɪt/,ánh sáng; đèn,energy from the sun or a lamp that you see,Please turn on the light.,Làm ơn bật đèn lên.,The light in this room is good.,Ánh sáng trong phòng này rất tốt.,turn on the light; bright light; natural light,,warning:LEVEL_LEAK,must,ok,,,,,,,level_leak_ok
w-like-preposition,like,preposition,A1,Grammar words,Up & Between,/lˈaɪk/,giống như,similar to something or someone else,She looks like her mother.,Cô ấy trông giống mẹ.,It tastes like fresh fruit.,Nó có vị giống trái cây tươi.,look like; feel like; just like,,warning:LEVEL_LEAK,must,ok,,,,,,,level_leak_ok
w-list-noun,list,noun,A1,Home,World & Case,/lˈɪst/,danh sách,a set of names or things written one under another,I made a list for the market.,Mình lập danh sách đi chợ.,Your name is on the list.,Tên bạn có trong danh sách.,shopping list; make a list; on the list,,warning:LEVEL_LEAK,must,ok,,,,,,,level_leak_ok
w-living-adjective,living,adjective,A1,Home,World & Case,/lˈɪvɪŋ/,đang sống; sinh hoạt,"alive now, or used for daily life at home",All living things need clean water.,Mọi sinh vật sống đều cần nước sạch.,The living area is very comfortable.,Khu sinh hoạt rất thoải mái.,living things; living area; living space,,warning:LEVEL_LEAK,must,ok,,,,,,,level_leak_ok
w-living-room-phrase,living room,phrase,A1,Home,World & Case,/lˈɪvɪŋ ɹˈum/,phòng khách,the main room in a home for relaxing,We watch TV in the living room.,Chúng tôi xem TV ở phòng khách.,The living room has a big sofa.,Phòng khách có ghế sofa lớn.,in the living room; living room sofa; clean the living room,,warning:LEVEL_LEAK,must,ok,,,,,,,level_leak_ok
w-load-verb,load,verb,B2,Daily life,Double & Somewhat,/lˈoʊd/,"chất, tải (hàng, dữ liệu)",to put goods or data into something,"Help me load these boxes into the car, please.",Giúp mình chất mấy thùng này lên xe với.,The app takes a minute to load on slow Wi‑Fi.,App mất khoảng một phút để tải khi Wi‑Fi chậm.,load the car; load data; load quickly,,sample,sample,ok,,,,,,,
w-local-adjective,local,adjective,A2,Travel,Far & Area,/lˈoʊkəl/,"địa phương, ở gần",belonging to the nearby area or community,We tried a local restaurant near the hotel.,Chúng tôi thử quán địa phương gần khách sạn.,Ask a local person for directions to the beach.,Hỏi người địa phương chỉ đường ra biển.,local food; local people; local market,,warning:LEVEL_LEAK,must,ok,,,,,,,level_leak_ok
w-lodge-noun,lodge,noun,B1,Home,Grave & Avenue,/lˈɑdʒ/,"nhà gỗ, lều (nghỉ dưỡng); hội quán","a small house or cabin, often in the countryside",We stayed in a lodge near the national park.,Chúng tôi ở một nhà gỗ gần vườn quốc gia.,The ski lodge serves hot soup in winter.,Nhà nghỉ trượt tuyết phục vụ súp nóng mùa đông.,ski lodge; mountain lodge; hunting lodge,,sample,sample,ok,,,,,,,
w-look-verb,look,verb,A1,Appearance,Brand-new & Well-built,/lˈʊk/,nhìn; trông có vẻ,to use your eyes; to seem or appear,You look nice in that coat.,Bạn trông đẹp trong chiếc áo khoác đó.,She looks at herself in the mirror.,Cô ấy nhìn mình trong gương.,look at; look nice; look in the mirror,,warning:LEVEL_LEAK,must,ok,,,,,,,level_leak_ok
w-loose-adjective,loose,adjective,A2,Appearance,Appearance Good-looking,/lˈus/,"rộng, không vừa; lỏng",not tight or fixed firmly in place,These jeans feel loose around the waist.,Quần jean này rộng ở eo.,Check the loose button on your shirt.,Kiểm tra cúc áo bị lỏng nhé.,loose clothes; come loose; loose change,Không nhầm với lose (mất).,warning:LEVEL_LEAK,must,ok,,,,,,,level_leak_ok
w-lover-noun,lover,noun,A2,People,Wealth & Queen,/lˈʌvɚ/,người yêu; người say mê,"a person you love romantically, or who loves something",She invited her lover to meet her parents.,Cô ấy mời người yêu gặp bố mẹ.,He is a music lover and plays guitar.,Anh ấy say mê âm nhạc và chơi guitar.,music lover; animal lover; young lovers,,sample,sample,ok,,,,,,,
w-magazine-noun,magazine,noun,A1,Home,Bed & Floor,/mˈæɡəzˌin/,tạp chí,"a thin book with articles and pictures, sold weekly or monthly",She reads a magazine on the sofa.,Cô ấy đọc tạp chí trên ghế sofa.,I bought a travel magazine yesterday.,Hôm qua tôi mua một tạp chí du lịch.,read a magazine; fashion magazine; monthly magazine,,warning:LEVEL_LEAK,must,ok,,,,,,,level_leak_ok
w-mail-verb,mail,verb,B1,Daily life,Mail & Normally,/mˈeɪl/,"gửi thư, gửi bưu kiện",to send a letter or package through the post,I will mail the documents to you tomorrow.,Ngày mai mình sẽ gửi tài liệu cho bạn qua bưu điện.,Did you mail the payment last week?,Tuần trước bạn đã gửi khoản thanh toán chưa?,mail a letter; mail documents; mail a package,Mỹ: mail; Anh thường dùng post (động từ).,sample,sample,ok,,,,,,,
w-major-adjective,major,adjective,A2,School,University & Study,/mˈeɪdʒɚ/,"chính, quan trọng; lớn","very important, or larger than others of its kind",English is my major subject this year.,Năm nay tiếng Anh là môn chính của tôi.,The exam covers three major topics.,Bài thi gồm ba chủ đề chính.,major subject; major problem; major change,,sample,sample,ok,,,,,,,
w-make-up-noun,make-up,noun,A2,Daily life,It & All,/mˈeɪkˌʌp/,"đồ trang điểm, mỹ phẩm",coloured products that people put on the face,She wears light make-up to work.,Cô ấy trang điểm nhẹ khi đi làm.,I bought new make-up at the shop.,Mình mua đồ trang điểm mới ở cửa hàng.,wear make-up; put on make-up; remove make-up,,sample,sample,ok,,,,,,,
w-make-verb,make,verb,A1,Daily life,Both & Same,/mˈeɪk/,làm; tạo ra,to create or produce something,I make dinner for my family.,Tôi nấu bữa tối cho gia đình.,Can you make a cup of tea?,Bạn pha một tách trà được không?,make dinner; make a call; make sure,Bất quy tắc: make / made / made,warning:LEVEL_LEAK,must,ok,,,,,,,level_leak_ok
w-maker-noun,maker,noun,A2,Work,Lawyer & Manage,/mˈeɪkɚ/,người làm; nhà sản xuất,a person or company that produces something,The coffee maker broke this morning.,Máy pha cà phê hỏng sáng nay.,She works as a film maker in Hanoi.,Cô ấy làm nhà làm phim ở Hà Nội.,decision maker; coffee maker; film maker,,sample,sample,ok,,,,,,,
w-male-noun,male,noun,A2,People,People essentials,/mˈeɪl/,"nam giới, con trai (trên giấy tờ)",a person who is a man or a boy,Please tick male or female on the form.,Vui lòng đánh dấu nam hoặc nữ trên mẫu đơn.,Each male participant received a free shirt.,Mỗi người tham gia nam được tặng một áo.,male or female; adult male; male staff,,warning:LEVEL_LEAK,must,ok,,,,,,,level_leak_ok
w-man-noun,man,noun,A1,People,People & Man,/mˈæn/,đàn ông; người đàn ông,an adult male person,That man works at the bank.,Người đàn ông đó làm ở ngân hàng.,A kind man helped me find the way.,Một người đàn ông tốt bụng chỉ đường giúp tôi.,young man; old man; a man,,warning:LEVEL_LEAK,must,ok,,,,,,,level_leak_ok
w-manage-verb,manage,verb,A2,Work,Lawyer & Manage,/mˈænədʒ/,quản lý; xoay xở được,"to be in charge of something, or to succeed in doing it",I manage a small team at work.,Tôi quản lý một nhóm nhỏ ở công ty.,Can you manage this project alone?,Bạn tự xoay xở dự án này được không?,manage a team; manage time; manage to finish,,warning:LEVEL_LEAK,must,ok,,,,,,,level_leak_ok
w-marry-verb,marry,verb,A2,People,Wealth & Queen,/mˈɛɹi/,"kết hôn, cưới",to become someone's husband or wife in a ceremony,They plan to marry next spring.,Họ dự định cưới vào mùa xuân năm sau.,He married his girlfriend last month.,Anh ấy cưới bạn gái tháng trước.,marry young; marry someone; get married,Quy tắc: marry / married / married.,sample,sample,ok,,,,,,,
w-master-noun,master,noun,B2,People,People essentials,/mˈæstɚ/,"bậc thầy, người giỏi nhất",a person who is very skilled at something,He is a master of negotiation at work.,Anh ấy là bậc thầy đàm phán ở công ty.,The master showed us how to fix the lock.,Bậc thầy chỉ chúng tôi cách sửa ổ khóa.,master of; chess master; learn from a master,,sample,sample,ok,,,,,,,
w-mean-adjective,mean,adjective,A2,Appearance,Appearance Good-looking,/mˈin/,"keo kiệt; độc ác, xấu tính",unkind or not willing to share or give,Do not be mean to your friends.,Đừng đối xử xấu với bạn bè.,He is too mean with his money.,Anh ấy quá keo kiệt với tiền bạc.,mean to someone; a mean remark; too mean,Adjective sense: unkind / not generous — not the verb “mean”.,warning:LEVEL_LEAK,must,ok,,,,,,,level_leak_ok
w-mean-verb,mean,verb,A1,Appearance,Brand-new & Well-built,/mˈin/,nghĩa là; có ý định,to have a certain sense or intention,What does this word mean?,Từ này nghĩa là gì?,I did not mean to be late.,Mình không cố ý đến muộn.,mean to; what does it mean; mean something,verb sense only (not the adjective ‘unkind’),warning:LEVEL_LEAK,must,ok,,,,,,,level_leak_ok
w-meat-noun,meat,noun,A1,Food,Water & Water,/mˈit/,thịt,the flesh of animals that people cook and eat,Do you eat meat or only vegetables?,Bạn ăn thịt hay chỉ ăn rau thôi?,Please put the meat in the fridge now.,Nhờ cất thịt vào tủ lạnh giúp mình.,red meat; eat meat; fresh meat,,warning:LEVEL_LEAK,must,ok,,,,,,,level_leak_ok
w-medical-adjective,medical,adjective,A2,Health,Back & Hand,/mˈɛdəkəl/,"y tế, thuộc y học",related to treating illness or injury,She needs medical treatment for her back.,Cô ấy cần điều trị y tế cho lưng.,The form asks about your medical history.,Mẫu đơn hỏi về tiền sử bệnh của bạn.,medical care; medical history; medical treatment,,warning:LEVEL_LEAK,must,ok,,,,,,,level_leak_ok
w-medicine-noun,medicine,noun,A1,Health,Mouth & Sleep,/mˈɛdəsən/,thuốc,something you take when you are ill or in pain,Take this medicine after you eat lunch.,Uống thuốc này sau khi ăn trưa nhé.,The doctor gave me new medicine yesterday.,Hôm qua bác sĩ kê thuốc mới cho tôi.,take medicine; cold medicine; prescription medicine,,warning:LEVEL_LEAK,must,ok,,,,,,,level_leak_ok
w-mere-adjective,mere,adjective,B1,Daily life,Mail & Normally,/mˈɪɹ/,"chỉ là, thuần túy (nhấn mạnh ít quan trọng)",nothing more than; used to stress something is small,"It was a mere mistake, not a serious crime.","Đó chỉ là sai sót, không phải tội nặng.",A mere ten minutes late made him miss the bus.,Chỉ trễ mười phút mà anh ấy lỡ xe buýt.,mere fact; mere mention; a mere child,Thường đứng trước danh từ để nhấn mạnh mức độ nhỏ.,sample,sample,ok,,,,,,,
w-message-noun,message,noun,A1,Media,Media Information,/mˈɛsədʒ/,tin nhắn,words you send to someone by phone or online,I left a message on your phone earlier.,Lúc nãy mình để lại tin nhắn trên điện thoại bạn.,Please read my message when you are free.,Rảnh thì đọc tin nhắn của mình nhé.,send a message; text message; leave a message,,warning:LEVEL_LEAK,must,ok,,,,,,,level_leak_ok
w-middle-adjective,middle,adjective,A1,Daily life,Open & Open,/mˈɪdəl/,ở giữa,in the centre part of something,The keys are on the middle shelf in the kitchen.,Chìa khóa ở kệ giữa trong bếp.,She sat in the middle row at the talk.,Cô ấy ngồi hàng giữa trong buổi nói chuyện.,middle row; middle shelf; middle seat,,warning:LEVEL_LEAK,must,ok,,,,,,,level_leak_ok
w-military-adjective,military,adjective,A2,Society,State & Right,/mˈɪlətˌɛɹi/,"quân sự, thuộc quân đội",connected with the army or armed forces,He worked at a military hospital for years.,Anh ấy làm ở bệnh viện quân đội nhiều năm.,Military service is required for young men.,Nam giới trẻ phải thực hiện nghĩa vụ quân sự.,military service; military hospital; military training,,warning:LEVEL_LEAK,must,ok,,,,,,,level_leak_ok
w-mirror-noun,mirror,noun,A2,Shopping,Suit & Mirror,/mˈɪɹɚ/,gương,a piece of glass that shows your reflection,The mirror in the bathroom is broken.,Gương trong phòng tắm bị vỡ.,I checked my hair in the mirror.,Tôi soi tóc trong gương.,look in the mirror; bathroom mirror; full-length mirror,,sample,sample,ok,,,,,,,
w-miss-noun,miss,noun,A1,People,Girl & Address,/mˈɪs/,cô (danh xưng),a polite title for an unmarried woman,"Good morning, Miss, how are you today?","Chào cô, hôm nay cô khỏe không ạ?",Please ask Miss for the form at the desk.,Nhờ hỏi cô ở quầy lấy mẫu đơn giúp mình.,"Good morning, Miss; Dear Miss; Miss Smith",Dùng viết hoa khi gọi trực tiếp; thường đi với họ.,warning:LEVEL_LEAK,must,ok,,,,,,,level_leak_ok
w-missing-adjective,missing,adjective,A2,Daily life,Split & Belong,/mˈɪsɪŋ/,"mất, thiếu, không thấy",not present or unable to be found,My wallet is missing from the bag.,Ví tôi không còn trong túi nữa.,The report is missing one important page.,Báo cáo thiếu một trang quan trọng.,go missing; missing person; missing page,,warning:LEVEL_LEAK,must,ok,,,,,,,level_leak_ok
w-mobile-adjective,mobile,adjective,A2,Technology,Technology Out-of-date,/mˈoʊbəl/,di động (dùng khi di chuyển),"able to be used while moving, not fixed in one place",I saved my files on a mobile device.,Tôi lưu file trên thiết bị di động.,Mobile internet is slow in this area.,Mạng di động ở khu này chậm.,mobile phone; mobile device; mobile internet,,warning:LEVEL_LEAK,must,ok,,,,,,,level_leak_ok
w-molecule-noun,molecule,noun,B1,School,Admission & Biology,/mˈɑləkjˌul/,phân tử,the smallest part of a substance that keeps its properties,We drew a water molecule in science class today.,Hôm nay ở lớp khoa học chúng tôi vẽ phân tử nước.,Each molecule moves faster when the liquid gets hot.,"Khi chất lỏng nóng lên, từng phân tử chuyển động nhanh hơn.",water molecule; single molecule; molecule structure,,sample,sample,ok,,,,,,,
w-monastery-noun,monastery,noun,B2,Home,Home Outside,/mˈɑnəstˌɛɹi/,tu viện,a building where monks or nuns live and pray,Visitors must stay quiet inside the old monastery.,Du khách phải giữ im lặng trong tu viện cổ.,The monastery sits on a quiet mountain road.,Tu viện nằm trên con đường núi yên tĩnh.,Buddhist monastery; old monastery; visit a monastery,,sample,sample,ok,,,,,,,
w-money-noun,money,noun,A1,Shopping,Order & School,/mˈʌni/,tiền,coins and notes you use to buy things,I do not have enough money for lunch today.,Hôm nay mình không đủ tiền ăn trưa.,She saves money for the trip next month.,Cô ấy đang để dành tiền cho chuyến đi tháng sau.,save money; enough money; spend money,,warning:LEVEL_LEAK,must,ok,,,,,,,level_leak_ok
w-monument-noun,monument,noun,B1,Shopping,Shop & Bureau,/mˈɑnjumənt/,"đài tưởng niệm, di tích",a structure built to remember an important person or event,We bought souvenirs near the city monument after lunch.,Sau bữa trưa chúng tôi mua quà lưu niệm gần đài tưởng niệm thành phố.,The monument is closed today for repair work.,Hôm nay di tích đóng cửa để sửa chữa.,historic monument; war monument; visit a monument,,sample,sample,ok,,,,,,,
w-mother-noun,mother,noun,A1,People,People & Man,/mˈʌðɚ/,mẹ,a woman who has a child; your female parent,My mother lives in another city far away.,"Mẹ tôi sống ở thành phố khác, khá xa.",I help my mother with the shopping on Sundays.,Chủ nhật tôi giúp mẹ đi mua sắm.,my mother; mother and father; help my mother,,warning:LEVEL_LEAK,must,ok,,,,,,,level_leak_ok
w-motor-noun,motor,noun,B1,Travel,Travel Check-in,/mˈoʊtɚ/,động cơ,a machine that makes something move or work,The boat motor broke down in the middle of the lake.,Động cơ thuyền hỏng giữa hồ.,They checked the motor before our long road trip.,Họ kiểm tra động cơ trước chuyến đi đường dài của chúng tôi.,electric motor; motor failure; start the motor,,sample,sample,ok,,,,,,,
w-motorway-noun,motorway,noun,A2,Travel,Crowd & Remote,,đường cao tốc (Anh),a wide fast road for long trips between cities,We took the motorway to reach the airport quickly.,Chúng tôi đi đường cao tốc để tới sân bay nhanh.,There was heavy traffic on the motorway this morning.,Sáng nay trên đường cao tốc kẹt xe khá nặng.,on the motorway; motorway traffic; join the motorway,Tiếng Anh-Anh; Mỹ thường nói freeway hoặc highway.,warning:IPA_MISSING,must,ok,,,,,,,ipa_missing_ok
w-mountain-noun,mountain,noun,A1,Home,Bed & Floor,/mˈaʊntən/,núi,"a very high hill, often with rocks and trees",We can see a mountain from our window today.,Hôm nay từ cửa sổ nhà mình nhìn thấy một ngọn núi.,They walked up the mountain very slowly.,Họ leo núi rất chậm.,high mountain; mountain road; up the mountain,,sample,sample,ok,,,,,,,
w-mouth-noun,mouth,noun,A1,Health,Mouth & Sleep,/mˈaʊθ/,miệng,the part of the face you use to eat and speak,"Open your mouth for the doctor, please.",Nhờ mở miệng cho bác sĩ khám ạ.,Do not talk with food in your mouth.,Đừng nói chuyện khi miệng còn đồ ăn.,open your mouth; in your mouth; mouth and teeth,,sample,sample,ok,,,,,,,
w-movie-noun,movie,noun,A1,Media,Media Information,/mˈuvi/,phim,a story on a screen that you watch for fun,We watched a movie at home last night.,Tối qua cả nhà xem phim ở nhà.,That movie was fun for the whole family.,Bộ phim đó cả nhà xem đều thấy vui.,watch a movie; go to the movies; action movie,Anh thường nói film thay cho movie.,warning:LEVEL_LEAK,must,ok,,,,,,,level_leak_ok
w-mr-noun,mr,noun,A1,People,Girl & Address,/mˈɪstɚ/,ông (danh xưng),"a polite title for a man, before his family name",Please call him Mr when you meet him.,Gặp anh ấy thì xưng Mr cho lịch sự nhé.,The letter says Mr on the front of the envelope.,Trên mặt phong bì có ghi Mr.,Mr Smith; Dear Mr; Mr and Mrs,Viết tắt của Mister; luôn viết hoa.,warning:LEVEL_LEAK,must,ok,,,,,,,level_leak_ok
w-mrs-noun,mrs,noun,A1,People,Mrs & Aunt,/mˈɪsɪz/,bà (danh xưng),a polite title for a married woman,She wants people to call her Mrs at work.,Ở công ty cô ấy muốn mọi người gọi là Mrs.,Please write Mrs on the wedding card for her.,Nhờ ghi Mrs trên thiệp cưới cho cô ấy.,Mrs Nguyen; Dear Mrs; Mr and Mrs,Viết tắt của Mistress; luôn viết hoa.,warning:LEVEL_LEAK,must,ok,,,,,,,level_leak_ok
w-multiple-adjective,multiple,adjective,B2,Daily life,Double & Somewhat,/mˈʌltəpəl/,"nhiều, đa dạng",more than one; involving several different things,She juggles multiple tasks during busy weeks.,Tuần bận cô ấy xoay xở nhiều việc cùng lúc.,There are multiple ways to solve this problem.,Có nhiều cách để giải bài toán này.,multiple tasks; multiple options; multiple times,,sample,sample,ok,,,,,,,
w-murder-noun,murder,noun,A2,Society,Attack & Ancient,/mˈɝdɚ/,tội giết người,the crime of killing a person on purpose,The news reported a murder case in another city.,Tin tức đưa tin một vụ giết người ở thành phố khác.,Police are still investigating the murder from last year.,Cảnh sát vẫn điều tra vụ giết người năm ngoái.,murder case; commit murder; investigate a murder,,warning:BANNED,must,drop,,,,,,,sensitive_murder
w-murder-verb,murder,verb,B1,Society,Criminal & Democracy,/mˈɝdɚ/,giết người (trái pháp luật),to kill someone unlawfully and on purpose,The law says no one may murder another person.,Luật quy định không ai được giết người.,Police believe someone tried to murder the shop owner.,Cảnh sát cho rằng có người đã cố giết chủ cửa hàng.,attempt to murder; murder case; charged with murder,,warning:BANNED,must,drop,,,,,,,sensitive_murder
w-muscle-noun,muscle,noun,B1,Health,Back & Patient,/mˈʌsəl/,"cơ, bắp thịt",body tissue that helps you move and stay strong,My leg muscle hurt after I ran too fast yesterday.,Cơ chân đau sau khi hôm qua tôi chạy quá nhanh.,Stretching can help keep your muscle healthy after exercise.,Giãn cơ giúp cơ khỏe hơn sau khi tập.,muscle pain; build muscle; muscle strength,,sample,sample,ok,,,,,,,
w-museum-noun,museum,noun,A2,Media,Well-known & Original,/mjuzˈiəm/,bảo tàng,a place where art or history is shown to the public,We visited the museum on a free entry day.,Chúng tôi tham quan bảo tàng vào ngày miễn phí vé.,The museum closes early on Monday afternoons.,Buổi chiều thứ Hai bảo tàng đóng cửa sớm.,visit the museum; local museum; museum ticket,,sample,sample,ok,,,,,,,
w-music-noun,music,noun,A1,Sports,Program & Practice,/mjˈuzɪk/,âm nhạc,sounds and songs that people listen to for pleasure,I listen to music while I study at home.,Ở nhà học bài mình hay nghe nhạc.,Soft music helps me sleep at night sometimes.,Đôi khi nhạc nhẹ giúp mình ngủ ngon hơn.,listen to music; live music; soft music,,warning:LEVEL_LEAK,must,ok,,,,,,,level_leak_ok
w-musical-adjective,musical,adjective,A2,Media,Well-known & Original,/mjˈuzɪkəl/,thuộc về âm nhạc,related to music or having pleasant sounds,She joined a musical club at the community center.,Cô ấy tham gia câu lạc bộ âm nhạc ở trung tâm cộng đồng.,The film has a beautiful musical score at the end.,Phim có đoạn nhạc phim rất hay ở cuối.,musical instrument; musical film; musical club,,warning:LEVEL_LEAK,must,ok,,,,,,,level_leak_ok
w-mutual-adjective,mutual,adjective,B1,People,Prayer & Mutual,/mjˈutʃuəl/,"lẫn nhau, hai chiều",felt or done by each of two people toward the other,"We have mutual respect, so we work together well.",Chúng tôi tôn trọng lẫn nhau nên làm việc ăn ý.,Their mutual friend introduced them at the party.,Bạn chung của họ giới thiệu họ với nhau ở buổi tiệc.,mutual respect; mutual friend; mutual agreement,,sample,sample,ok,,,,,,,
w-nail-noun,nail,noun,B1,Health,Nurse & Breast,/nˈeɪl/,"móng tay, móng chân",the hard part at the end of a finger or toe,I cut my nail too short and it started to hurt.,Tôi cắt móng quá ngắn nên bắt đầu đau.,She painted her nail before the wedding last weekend.,Cuối tuần trước cô ấy sơn móng trước đám cưới.,fingernail; toenail; nail polish,,sample,sample,ok,,,,,,,
w-nationality-noun,nationality,noun,A1,Society,Social & Right,/nˌæʃənˈæləti/,quốc tịch,the country you legally belong to,"Write your nationality on the form, please.",Nhờ ghi quốc tịch của bạn vào mẫu đơn.,My nationality is Vietnamese but I live abroad now.,Quốc tịch của tôi là Việt Nam nhưng giờ sống ở nước ngoài.,country of nationality; dual nationality; nationality and passport,,warning:LEVEL_LEAK,must,ok,,,,,,,level_leak_ok
w-natural-adjective,natural,adjective,A2,Nature,Nature Natural,/nˈætʃɚəl/,tự nhiên,not made by people; found in the world,This park has clean air and natural trees.,Công viên này không khí trong và cây tự nhiên.,She prefers natural light when she reads at home.,Cô ấy thích đọc sách ở nhà dưới ánh sáng tự nhiên.,natural light; natural food; natural beauty,,sample,sample,ok,,,,,,,
w-navy-noun,navy,noun,B2,Society,Province & Navy,/nˈeɪvi/,hải quân,the part of a country's armed forces that fights at sea,Her brother joined the navy after finishing school.,Em trai cô ấy gia nhập hải quân sau khi học xong.,The navy sent ships to help after the storm.,Hải quân điều tàu đến hỗ trợ sau cơn bão.,join the navy; navy ship; navy officer,,sample,sample,ok,,,,,,,
w-necessary-adjective,necessary,adjective,A2,Daily life,Century & Further,/nˈɛsəsˌɛɹi/,cần thiết,needed for a purpose and not optional,A passport is necessary for travel abroad this year.,Năm nay đi nước ngoài cần có hộ chiếu.,It is necessary to rest when you feel very tired.,Khi mệt lử thì nghỉ ngơi là cần thiết.,necessary for; absolutely necessary; necessary documents,,warning:LEVEL_LEAK,must,ok,,,,,,,level_leak_ok
w-neck-noun,neck,noun,A1,Health,Mouth & Sleep,/nˈɛk/,cổ (giữa đầu và vai),the body part between your head and shoulders,My neck hurts after I sleep badly.,Cổ mình đau sau khi ngủ không thoải mái.,She wore a scarf around her neck.,Cô ấy quàng khăn quanh cổ.,stiff neck; neck pain; around your neck,,warning:LEVEL_LEAK,must,ok,,,,,,,level_leak_ok
w-need-verb,need,verb,A2,Feelings,Need & Feel,/nˈid/,cần,to require something because it is important,I need more time to finish this report tonight.,Tối nay mình cần thêm thời gian để hoàn thành báo cáo.,Do you need help carrying these bags upstairs?,Bạn có cần giúp xách mấy túi lên trên không?,need help; need time; need to,,sample,sample,ok,,,,,,,
w-neighbor-noun,neighbor,noun,A1,People,Mrs & Aunt,/nˈeɪbɚ/,"hàng xóm, người lân cận",a person who lives near your home,My neighbor helped me carry the bags.,Hàng xóm giúp mình xách túi.,Our neighbors are very friendly people.,Những người hàng xóm của chúng tôi rất thân thiện.,next-door neighbor; friendly neighbor; meet the neighbors,Also: neighbour,sample,sample,ok,,,,,,,
w-neighborhood-noun,neighborhood,noun,B1,People,Prayer & Mutual,/nˈeɪbɚhˌʊd/,"khu phố, vùng lân cận",the area around where you live or work,"Our neighborhood is quiet, with many small cafés.","Khu phố chúng tôi yên tĩnh, có nhiều quán cà phê nhỏ.",She knows most people in the neighborhood by name.,Cô ấy biết tên hầu hết người trong khu phố.,safe neighborhood; local neighborhood; in the neighborhood,US spelling; UK: neighbourhood,sample,sample,ok,,,,,,,
w-net-adjective,net,adjective,A2,Sports,Sports essentials,/nˈɛt/,"ròng, thực nhận (sau khi trừ)",left after costs or points are taken away,The net score after two games is still level.,Tỷ số ròng sau hai trận vẫn hòa.,Check the net price before you pay for club membership.,Trả phí hội viên câu lạc bộ trước hãy xem giá ròng.,net score; net price; net result,Khác với net (danh từ) là lưới trong thể thao.,warning:LEVEL_LEAK,must,ok,,,,,,,level_leak_ok
w-net-noun,net,noun,B1,Shopping,Shopping Second-hand,/nˈɛt/,trọng lượng tịnh; giá thuần,the final amount after deductions or extra costs,Check the net weight on the label before you pay.,"Trước khi trả tiền, hãy xem trọng lượng tịnh trên nhãn.",The net price is lower after the shop discount.,Giá thuần thấp hơn sau khi trừ giảm giá của cửa hàng.,net weight; net price; net amount,,warning:LEVEL_LEAK,must,ok,,,,,,,level_leak_ok
w-new-adjective,new,adjective,A1,Daily life,Not & There,/nˈu/,mới,not old; made or bought recently,I bought a new phone last week.,Tuần trước mình mua điện thoại mới.,They moved into a new house.,Họ chuyển vào nhà mới.,new job; brand new; something new,,warning:LEVEL_LEAK,must,ok,,,,,,,level_leak_ok
w-nice-adjective,nice,adjective,A1,Feelings,Like & Want,/nˈaɪs/,"dễ thương, tốt bụng","pleasant, kind, or enjoyable",You are very nice to me.,Bạn đối với mình rất tốt bụng.,We had a nice day at the park.,Chúng tôi có một ngày vui ở công viên.,nice day; very nice; nice to meet,,warning:LEVEL_LEAK,must,ok,,,,,,,level_leak_ok
w-no-adverb,no,adverb,A1,Daily life,Not & There,/nˈoʊ/,"không còn, không nữa",not anymore; used to show something stopped,I can no longer wait for the bus.,Tôi không thể đợi xe buýt thêm nữa.,There is no more milk in the fridge.,Trong tủ lạnh không còn sữa nữa.,no longer; no more; say no,,warning:LEVEL_LEAK,must,ok,,,,,,,level_leak_ok
w-non-smoking-adjective,non-smoking,adjective,B2,Health,Health essentials,/nɑnsmˈoʊkɪŋ/,cấm hút thuốc; không hút thuốc,where people are not allowed to smoke cigarettes,We booked a non-smoking room on the third floor.,Chúng tôi đặt phòng không hút thuốc ở tầng ba.,This café has a non-smoking area near the window.,Quán cà phê có khu vực cấm hút thuốc gần cửa sổ.,non-smoking room; non-smoking area; non-smoking flight,,sample,sample,ok,,,,,,,
w-normal-adjective,normal,adjective,A2,Daily life,Simply & Normal,/nˈɔɹməl/,"bình thường, thông thường","usual or typical, not strange or special",This feels like a normal day at work.,Hôm nay ở công ty mọi thứ bình thường.,Is it normal to feel tired after lunch?,Sau bữa trưa mệt có phải chuyện bình thường không?,normal life; perfectly normal; back to normal,,sample,sample,ok,,,,,,,
w-normally-adverb,normally,adverb,B1,Daily life,Mail & Normally,/nˈɔɹməli/,"thường, thông thường",in the usual way most of the time,I normally have coffee before work.,Thường thì tôi uống cà phê trước khi đi làm.,The shop normally closes at nine.,Cửa hàng thường đóng cửa lúc chín giờ.,normally open; behave normally; normally takes,,sample,sample,ok,,,,,,,
w-north-adverb,north,adverb,A2,Travel,Far & Area,/nˈɔɹθ/,về phía bắc,toward the direction shown at the top of most maps,They drove north for three hours yesterday.,Hôm qua họ lái xe về phía bắc ba tiếng.,Many birds fly north again in the spring.,Mùa xuân nhiều loài chim bay về phía bắc.,head north; drive north; go north,,sample,sample,ok,,,,,,,
w-nose-noun,nose,noun,A1,Health,Mouth & Sleep,/nˈoʊz/,mũi,the part of the face used for smelling,My nose feels cold in the wind.,Trong gió mũi mình thấy lạnh.,She touched her nose and smiled.,Cô ấy chạm vào mũi và cười.,runny nose; stuffy nose; blow your nose,,warning:LEVEL_LEAK,must,ok,,,,,,,level_leak_ok
w-not-adverb,not,adverb,A1,Daily life,Not & There,/nˈɑt/,không (phủ định),used to make a sentence negative,I am not ready to leave yet.,Tôi chưa sẵn sàng đi.,"This is not my bag, sorry.","Xin lỗi, đây không phải túi của tôi.",not yet; do not; is not,,warning:LEVEL_LEAK,must,ok,,,,,,,level_leak_ok
w-note-verb,note,verb,A1,Shopping,Order & School,/nˈoʊt/,"ghi chú; để ý, nhận thấy","to write something down, or to notice it",Please note the price on the tag.,Xin hãy ghi chú giá trên nhãn.,I noted a small mistake in the bill.,Mình nhận thấy hóa đơn có chỗ sai nhỏ.,note down; please note; note that,verb sense (not the noun ‘a note’),warning:LEVEL_LEAK,must,ok,,,,,,,level_leak_ok
w-notebook-noun,notebook,noun,A1,Shopping,Card & Spend,/nˈoʊtbˌʊk/,vở ghi,a book with empty pages for writing,I need a new notebook for class.,Mình cần vở mới cho lớp học.,She wrote the list in her notebook.,Cô ấy ghi danh sách vào vở.,school notebook; open your notebook; notebook and pen,,warning:LEVEL_LEAK,must,ok,,,,,,,level_leak_ok
w-novel-noun,novel,noun,A2,School,University & Study,/nˈɑvəl/,tiểu thuyết,a long written story about imaginary people and events,She is reading a novel on her phone.,Cô ấy đọc tiểu thuyết trên điện thoại.,I borrowed a novel from the city library.,Mình mượn một cuốn tiểu thuyết ở thư viện thành phố.,read a novel; historical novel; write a novel,,warning:LEVEL_LEAK,must,ok,,,,,,,level_leak_ok
w-nuclear-adjective,nuclear,adjective,B1,Technology,Technology Out-of-date,/nˈukliɚ/,"hạt nhân, liên quan đến năng lượng hạt nhân",related to energy from splitting atoms,Some countries still use nuclear power plants.,Một số nước vẫn dùng nhà máy điện hạt nhân.,They discussed nuclear safety at the conference.,Họ bàn về an toàn hạt nhân tại hội nghị.,nuclear power; nuclear energy; nuclear safety,,warning:LEVEL_LEAK,must,ok,,,,,,,level_leak_ok
w-nurse-noun,nurse,noun,A1,Work,Work & Work,/nˈɝs/,"y tá, điều dưỡng",a person trained to care for sick people,The nurse checked my temperature today.,Hôm nay y tá đo nhiệt độ cho tôi.,My aunt works as a nurse downtown.,Dì tôi làm y tá ở trung tâm thành phố.,hospital nurse; school nurse; work as a nurse,,warning:LEVEL_LEAK,must,ok,,,,,,,level_leak_ok
w-nutrient-noun,nutrient,noun,B1,Food,Bill & Fish,/nˈutɹiənt/,chất dinh dưỡng,a substance in food that helps the body stay healthy,Vegetables provide important nutrients for your body.,Rau củ cung cấp chất dinh dưỡng quan trọng cho cơ thể.,This label lists each nutrient in the meal.,Nhãn này liệt kê từng chất dinh dưỡng trong bữa ăn.,essential nutrient; key nutrients; nutrient intake,,warning:LEVEL_LEAK,must,ok,,,,,,,level_leak_ok
w-object-verb,object,verb,B2,Daily life,Issue & Western,/ˈɑbdʒɛkt/,"phản đối, không đồng ý",to say you disagree with a plan or decision,Several residents object to the new parking fees.,Một số cư dân phản đối khoản phí đỗ xe mới.,"If you object, please tell the manager today.","Nếu bạn không đồng ý, hãy nói với quản lý trong hôm nay.",object to; strongly object; object loudly,,sample,sample,ok,,,,,,,
w-occasion-verb,occasion,verb,B1,Daily life,Mail & Normally,/əkˈeɪʒən/,"gây ra, dẫn đến",to cause something to happen,The storm occasioned long delays at the airport.,Cơn bão gây ra tình trạng chậm trễ kéo dài ở sân bay.,His rude remark occasioned an awkward silence.,Lời nói thô lỗ của anh ấy dẫn đến một khoảng lặng khó xử.,occasion delay; occasion concern; occasion debate,"Động từ hiếm gặp hơn danh từ dịp, sự kiện.",sample,sample,ok,,,,,,,
w-of-preposition,of,preposition,A1,Grammar words,Grammar words essentials,/ˈʌv/,của; thuộc về,"showing belonging, part, or connection",Can I have a cup of tea?,Cho tôi một tách trà được không?,The color of the car is red.,Màu của chiếc xe là đỏ.,a lot of; a cup of; out of,,warning:LEVEL_LEAK,must,ok,,,,,,,level_leak_ok
w-off-adjective,off,adjective,A1,Daily life,Get & Old,/ˈɔf/,tắt; nghỉ (ngày làm),"not working, or away from work",The light in the room is off.,Đèn trong phòng đang tắt.,"I am off work today, thankfully.",May mà hôm nay tôi được nghỉ làm.,day off; time off; switch is off,,sample,sample,ok,,,,,,,
w-offer-verb,offer,verb,A2,Shopping,Can & Half-price,/ˈɔfɚ/,"đề nghị, đưa ra; cung cấp",to ask if someone wants something or give it freely,They offer free delivery on large orders.,Họ giao hàng miễn phí với đơn lớn.,Can I offer you some tea before you leave?,"Trước khi bạn về, mình mời bạn uống trà nhé?",offer help; offer a discount; offer someone a job,,warning:LEVEL_LEAK,must,ok,,,,,,,level_leak_ok
w-officer-noun,officer,noun,A1,Work,Work & Work,/ˈɔfəsɚ/,cảnh sát; nhân viên chức vụ,a person with an official job in police or army,The police officer showed us the way.,Cảnh sát chỉ đường cho chúng tôi.,He is an officer at the local bank.,Anh ấy là nhân viên ở ngân hàng địa phương.,police officer; bank officer; officer in charge,,warning:LEVEL_LEAK,must,ok,,,,,,,level_leak_ok
w-official-noun,official,noun,B2,Work,Work essentials,/əfˈɪʃəl/,"cán bộ, viên chức",a person with authority in a government or organization,A city official answered questions at the meeting.,Một cán bộ thành phố trả lời câu hỏi tại cuộc họp.,The official checked our documents at the desk.,Viên chức kiểm tra giấy tờ của chúng tôi tại quầy.,government official; senior official; local official,,sample,sample,ok,,,,,,,
w-oil-noun,oil,noun,A2,Home,Home & Nature,/ˈɔɪl/,"dầu (ăn, máy)",thick liquid used for cooking or in engines,Heat a little oil in the pan first.,Trước tiên đun một ít dầu trong chảo.,We need more oil for the car engine.,Xe cần thêm dầu cho động cơ.,olive oil; cooking oil; change the oil,,warning:LEVEL_LEAK,must,ok,,,,,,,level_leak_ok
w-on-adverb,on,adverb,A2,Daily life,It & All,/ˈɑn/,"bật, đang mở","in a working or active state, not switched off",The heating is on because it is cold.,Trời lạnh nên hệ thống sưởi đang bật.,Please leave the porch light on tonight.,Tối nay nhớ để đèn hiên sáng nhé.,switch on; leave on; turn on,,warning:LEVEL_LEAK,must,ok,,,,,,,level_leak_ok
w-on-to-preposition,on to,preposition,B1,Grammar words,Grammar words essentials,/ˈɑn tˈu/,sang (bước/việc tiếp theo); lên trên,moving forward to the next thing or place,Let’s move on to the next topic.,Chúng ta chuyển sang chủ đề tiếp theo nhé.,She held on to the handrail carefully.,Cô ấy nắm chặt tay vịn một cách cẩn thận.,move on to; hold on to; go on to,often written as onto when meaning onto a surface,warning:LEVEL_LEAK,must,ok,,,,,,,level_leak_ok
w-online-adjective,online,adjective,A2,Technology,Technology Out-of-date,/ˈɔnlˌaɪn/,"trực tuyến, trên mạng",connected to the internet; done on the internet,I take an online English class.,Mình học một lớp tiếng Anh trực tuyến.,Is this shop still online today?,Hôm nay cửa hàng này còn mở trên mạng không?,online class; online shopping; go online,,sample,sample,ok,,,,,,,
w-open-adjective,open,adjective,A1,Daily life,Open & Open,/ˈoʊpən/,"mở, đang mở cửa","not closed, or allowing people to enter",The shop is open until nine tonight.,Cửa hàng mở cửa đến chín giờ tối nay.,Is the door open or closed now?,Cửa bây giờ đang mở hay đóng vậy?,wide open; open late; stay open,,sample,sample,ok,,,,,,,
w-open-verb,open,verb,A1,Daily life,Open & Open,/ˈoʊpən/,mở,to move something so it is not shut,Please open the window a little bit.,Làm ơn mở cửa sổ một chút nhé.,Can you open this box for me?,Bạn mở hộp này giúp mình được không?,open the door; open a window; open wide,,warning:LEVEL_LEAK,must,ok,,,,,,,level_leak_ok
w-opera-noun,opera,noun,A1,Sports,Song & Star,/ˈɑpɹə/,nhạc kịch,a show with singing and music on a stage,We watched an opera on TV last night.,Tối qua chúng tôi xem nhạc kịch trên TV.,My aunt loves opera and classical music.,Dì tôi rất thích nhạc kịch và nhạc cổ điển.,go to the opera; opera house; watch an opera,,warning:LEVEL_LEAK,must,ok,,,,,,,level_leak_ok
w-or-conjunction,or,conjunction,A1,Grammar words,Grammar words essentials,/ˈɔɹ/,"hoặc, hay",used to link two different choices together,Do you want tea or coffee today?,Hôm nay bạn uống trà hay cà phê?,We can walk or take the bus.,Chúng ta có thể đi bộ hoặc đi xe buýt.,now or never; more or less; sooner or later,,warning:LEVEL_LEAK,must,ok,,,,,,,level_leak_ok
w-orange-noun,orange,noun,A1,Food,Corn & Meal,/ˈɔɹəndʒ/,quả cam,a round sweet citrus fruit with thick skin,I eat an orange every morning at home.,Mỗi sáng ở nhà tôi ăn một quả cam.,Please buy some oranges at the market.,Nhờ mua vài quả cam ở chợ nhé.,fresh orange; peel an orange; glass of orange,,warning:LEVEL_LEAK,must,ok,,,,,,,level_leak_ok
w-order-noun,order,noun,A1,Shopping,Order & School,/ˈɔɹdɚ/,đơn hàng; món gọi,a request to buy food or goods,The waiter brought our order to the table.,Nhân viên phục vụ mang món chúng tôi gọi ra bàn.,I placed an order online last week.,Tuần trước mình đặt hàng trực tuyến.,place an order; take an order; online order,,warning:LEVEL_LEAK,must,ok,,,,,,,level_leak_ok
w-order-verb,order,verb,A2,Food,Food Order,/ˈɔɹdɚ/,gọi món; đặt hàng,to ask for food or goods to be brought,"Can we order some soup, please?",Cho chúng tôi gọi một ít súp được không?,I ordered coffee online this morning.,Sáng nay mình đặt cà phê trên mạng.,order food; order online; order for takeaway,Verb sense: request food or goods — not “give orders”.,sample,sample,ok,,,,,,,
w-organized-adjective,organized,adjective,A2,Work,Company & Production,/ˈɔɹɡənˌaɪzd/,"ngăn nắp, có tổ chức",arranged neatly and able to plan well,Her desk is always neat and organized.,Bàn làm việc của cô ấy lúc nào cũng gọn gàng.,We need an organized plan for the trip.,Chúng ta cần kế hoạch chuyến đi có tổ chức.,well organized; highly organized; stay organized,US organized; UK also organised.,warning:LEVEL_LEAK,must,ok,,,,,,,level_leak_ok
w-original-adjective,original,adjective,A2,Media,Well-known & Original,/ɚˈɪdʒənəl/,"gốc, bản gốc; độc đáo","existing from the start, not a copy or fake",Keep the original receipt for your warranty.,Giữ hóa đơn gốc để được bảo hành nhé.,This is the original version of the song.,Đây là bản gốc của bài hát.,original copy; original idea; original version,,warning:LEVEL_LEAK,must,ok,,,,,,,level_leak_ok
w-over-preposition,over,preposition,A1,Grammar words,Up & Between,/ˈoʊvɚ/,ở trên; qua,across the top of something or above it,The cat jumped over the small fence.,Con mèo nhảy qua hàng rào thấp.,There is a bridge over the river here.,Ở đây có cầu bắc qua sông.,over there; all over; over the river,,warning:LEVEL_LEAK,must,ok,,,,,,,level_leak_ok
w-pacific-adjective,pacific,adjective,A2,Society,Attack & Ancient,/pəsˈɪfɪk/,"ôn hòa, hiền hòa","calm and peaceful, not angry or violent","He spoke in a calm, pacific tone today.","Hôm nay anh ấy nói giọng điềm tĩnh, ôn hòa.",A pacific solution is better than a loud fight.,Giải pháp hòa bình tốt hơn cãi vã ồn ào.,pacific nature; pacific settlement; pacific mood,Not the same as the name Pacific Ocean.,warning:LEVEL_LEAK,must,ok,,,,,,,level_leak_ok
w-pain-noun,pain,noun,B1,Health,Back & Patient,/pˈeɪn/,"cơn đau, sự đau đớn",an unpleasant feeling in your body when hurt,The pain in my back started after long sitting.,Đau lưng bắt đầu sau khi ngồi lâu.,Tell the doctor if the pain gets worse.,Nói với bác sĩ nếu cơn đau trầm trọng hơn.,feel pain; sharp pain; relieve pain,,sample,sample,ok,,,,,,,
w-paint-noun,paint,noun,A1,School,Copy & Poem,/pˈeɪnt/,sơn; màu vẽ,coloured liquid used to cover walls or art,We need blue paint for the classroom wall.,Chúng ta cần sơn xanh cho tường lớp học.,The paint on the desk is still wet.,Lớp sơn trên bàn vẫn còn ướt.,wet paint; can of paint; wall paint,,warning:LEVEL_LEAK,must,ok,,,,,,,level_leak_ok
w-painting-noun,painting,noun,A1,Sports,Song & Star,/pˈeɪntɪŋ/,bức tranh,a picture made using colour on paper or canvas,There is a painting on the wall upstairs.,Trên tường tầng trên có một bức tranh.,She sold her first painting last month.,Tháng trước cô ấy bán bức tranh đầu tiên.,oil painting; landscape painting; famous painting,,warning:LEVEL_LEAK,must,ok,,,,,,,level_leak_ok
w-palace-noun,palace,noun,A1,Home,Kitchen & Hole,/pˈæləs/,cung điện,a very large grand house for a king or queen,Tourists visit the palace every summer day.,Du khách ghé thăm cung điện mỗi ngày hè.,The old palace has many beautiful rooms.,Cung điện cổ có nhiều phòng đẹp.,royal palace; visit the palace; palace garden,,warning:LEVEL_LEAK,must,ok,,,,,,,level_leak_ok
w-pan-noun,pan,noun,A2,Shopping,Suit & Mirror,/pˈæn/,"chảo, nồi (đun trên bếp)",a metal container used for cooking on a stove,Heat the oil in a pan first.,Trước tiên đun dầu trong chảo.,This pan is too small for the soup.,"Chảo này nhỏ quá, không nấu được súp.",frying pan; heat a pan; non-stick pan,,sample,sample,ok,,,,,,,
w-paper-noun,paper,noun,A1,Home,World & Case,/pˈeɪpɚ/,giấy,thin material used for writing or wrapping,"Can I have a piece of paper, please?",Cho mình một tờ giấy được không?,She wrote the list on paper at home.,Ở nhà cô ấy viết danh sách ra giấy.,piece of paper; sheet of paper; on paper,,warning:LEVEL_LEAK,must,ok,,,,,,,level_leak_ok
w-paragraph-noun,paragraph,noun,A1,School,Copy & Poem,/pˈæɹəɡɹˌæf/,đoạn văn,a group of sentences about one main idea,Please write one paragraph about your family.,Hãy viết một đoạn văn về gia đình bạn.,The first paragraph is short and clear.,Đoạn đầu ngắn gọn và dễ hiểu.,opening paragraph; short paragraph; write a paragraph,,warning:LEVEL_LEAK,must,ok,,,,,,,level_leak_ok
w-park-noun,park,noun,A1,Home,Bed & Floor,/pˈɑɹk/,công viên,a public green area in a town for leisure,We walk in the park every Sunday morning.,Mỗi sáng Chủ nhật chúng tôi đi bộ trong công viên.,The children play football in the park.,Các bé chơi bóng đá ở công viên.,national park; city park; in the park,,warning:LEVEL_LEAK,must,ok,,,,,,,level_leak_ok
w-part-verb,part,verb,B2,Daily life,Daily life essentials,/pˈɑɹt/,"chia tay, rời nhau",to leave each other or stop being together,We part at the station and meet again on Monday.,Chúng tôi chia tay ở ga và gặp lại vào thứ Hai.,They parted as friends after a long talk.,Họ chia tay trong hòa bình sau một cuộc trò chuyện dài.,part as friends; part ways; part company,,sample,sample,ok,,,,,,,
w-partly-adverb,partly,adverb,A2,Daily life,Mainly & Inner,/pˈɑɹtli/,"một phần, phần nào",not completely; only to some degree,The road is partly closed this week.,Tuần này con đường đóng một phần.,I am partly to blame for the mistake.,Lỗi này tôi cũng phải chịu trách nhiệm một phần.,partly because; partly closed; partly true,,sample,sample,ok,,,,,,,
w-partner-noun,partner,noun,A1,People,Girl & Address,/pˈɑɹtnɚ/,bạn đời; đối tác,someone you do an activity or job with,My dance partner helps me learn new steps.,Bạn nhảy cùng giúp tôi học động tác mới.,She is my partner in our small shop.,Cô ấy là đối tác của tôi ở cửa hàng nhỏ.,business partner; dance partner; life partner,,sample,sample,ok,,,,,,,
w-path-noun,path,noun,A2,Travel,Far & Area,/pˈæθ/,"lối đi, đường mòn",a track that people walk on outdoors,Follow the path through the trees to the lake.,Đi theo lối mòn qua rừng cây đến hồ.,The path was muddy after the rain.,Sau mưa con đường mòn lầy lội.,follow the path; narrow path; nature path,,warning:LEVEL_LEAK,must,ok,,,,,,,level_leak_ok
w-pear-noun,pear,noun,A2,Food,Soda & Champagne,/pˈɛɹ/,quả lê,a sweet fruit that is narrow at the top,She bought a ripe pear at the market.,Cô ấy mua một quả lê chín ở chợ.,Would you like a pear with your lunch?,Bạn có muốn ăn lê với bữa trưa không?,ripe pear; pear juice; fresh pear,,warning:LEVEL_LEAK,must,ok,,,,,,,level_leak_ok
w-pen-noun,pen,noun,A1,Shopping,Card & Spend,/pˈɛn/,bút mực,a tool used for writing with ink,I need a pen to sign this.,Tôi cần một cây bút để ký vào đây.,She lost her pen at the store.,Cô ấy làm mất bút ở cửa hàng.,ballpoint pen; pen and paper; borrow a pen,,warning:LEVEL_LEAK,must,ok,,,,,,,level_leak_ok
w-pencil-noun,pencil,noun,A1,Shopping,Card & Spend,/pˈɛnsəl/,bút chì,a tool for writing or drawing with lead,Draw a line with a sharp pencil.,Vẽ một đường bằng bút chì sắc.,Can I borrow your pencil please?,Cho mình mượn bút chì được không?,sharp pencil; pencil case; pencil and paper,,warning:LEVEL_LEAK,must,ok,,,,,,,level_leak_ok
w-people-noun,people,noun,A1,People,People & Man,/pˈipəl/,"mọi người, người ta",more than one person; humans in general,Many people wait at the bus stop.,Nhiều người đang đợi ở trạm xe buýt.,I like meeting new people at work.,Tôi thích gặp người mới ở chỗ làm.,many people; young people; people around,,sample,sample,ok,,,,,,,
w-pepper-noun,pepper,noun,A2,Food,Food Order,/pˈɛpɚ/,hạt tiêu (gia vị),a spice that makes food taste hot or strong,Add a little pepper to the salad please.,Cho thêm chút tiêu vào salad nhé.,Black pepper is on the table over there.,Tiêu đen ở trên bàn kia kìa.,black pepper; a little pepper; salt and pepper,Còn có nghĩa ớt chuông; ở đây là hạt tiêu.,warning:LEVEL_LEAK,must,ok,,,,,,,level_leak_ok
w-period-noun,period,noun,A1,Daily life,Become & Give,/pˈɪɹiəd/,khoảng thời gian,a length of time with a start and end,We rest after this work period.,Chúng tôi nghỉ sau khoảng thời gian làm việc này.,That was a busy period for me.,Đó là một giai đoạn bận rộn với tôi.,short period; long period; time period,,warning:LEVEL_LEAK,must,ok,,,,,,,level_leak_ok
w-personality-noun,personality,noun,A2,People,People essentials,/pˌɝsənˈælɪti/,"tính cách, nhân cách",the way a person usually thinks and acts,"She has a warm, friendly personality.","Cô ấy có tính cách ấm áp, thân thiện.",Work can change your personality slowly.,Công việc có thể dần làm đổi tính cách.,strong personality; friendly personality; personality type,,sample,sample,ok,,,,,,,
w-petrol-station-phrase,petrol station,phrase,A2,Home,Home & Nature,/pˈɛtɹoʊl stˈeɪʃən/,trạm xăng,a place where drivers buy fuel for cars,We stopped at a petrol station nearby.,Chúng tôi ghé một trạm xăng gần đó.,Is there a petrol station on this road?,Trên đường này có trạm xăng không?,stop at a petrol station; near the petrol station,Whole phrase. UK “petrol”; US often says “gas station”.,warning:LEVEL_LEAK,must,ok,,,,,,,level_leak_ok
w-phone-noun,phone,noun,A1,Home,Bed & Floor,/fˈoʊn/,điện thoại,a device used to talk to people far away,My phone is on the kitchen table.,Điện thoại của tôi để trên bàn bếp.,Please call me on the phone tonight.,Tối nay gọi cho tôi qua điện thoại nhé.,mobile phone; phone call; on the phone,,warning:LEVEL_LEAK,must,ok,,,,,,,level_leak_ok
w-photographer-noun,photographer,noun,A2,Work,Lawyer & Manage,/fətˈɑɡɹəfɚ/,nhiếp ảnh gia,a person who takes pictures as a job,The photographer took many photos at the party.,Nhiếp ảnh gia chụp rất nhiều ảnh ở buổi tiệc.,She wants to become a photographer after school.,Sau khi học xong cô ấy muốn làm nhiếp ảnh gia.,wedding photographer; professional photographer; hire a photographer,,sample,sample,ok,,,,,,,
w-phrase-noun,phrase,noun,B1,School,Poet & Era,/fɹˈeɪz/,"cụm từ, thành ngữ ngắn",a small group of words with one meaning,Write down each new phrase from the lesson.,Ghi lại từng cụm từ mới trong bài học.,This phrase is common in everyday conversation.,Cụm từ này hay dùng trong giao tiếp hàng ngày.,common phrase; key phrase; learn a phrase,,sample,sample,ok,,,,,,,
w-physical-adjective,physical,adjective,A2,Health,Back & Hand,/fˈɪzɪkəl/,thuộc về cơ thể; thể chất,relating to the body rather than the mind,Daily physical activity can help you stay healthy.,Vận động thể chất hàng ngày giúp bạn khỏe hơn.,The doctor asked about my physical pain today.,Bác sĩ hỏi về cơn đau thể chất của tôi hôm nay.,physical activity; physical health; physical exercise,,sample,sample,ok,,,,,,,
w-piano-noun,piano,noun,A1,Sports,Song & Star,/piˈænoʊ/,đàn piano,a large musical instrument with black and white keys,She plays the piano after work.,Sau giờ làm cô ấy chơi đàn piano.,There is a piano in that room.,Trong phòng đó có một cây đàn piano.,play the piano; piano lesson; piano music,,warning:LEVEL_LEAK,must,ok,,,,,,,level_leak_ok
w-picnic-noun,picnic,noun,A1,Sports,Pop & Recreation,/pˈɪknˌɪk/,bữa dã ngoại,"a meal eaten outdoors, often in a park",We had a picnic in the park.,Chúng tôi dã ngoại ở công viên.,Bring food for our picnic tomorrow.,Mang thức ăn cho buổi dã ngoại ngày mai nhé.,have a picnic; family picnic; picnic basket,,sample,sample,ok,,,,,,,
w-picture-noun,picture,noun,A1,Sports,Program & Practice,/pˈɪktʃɚ/,"bức tranh, hình ảnh",an image you can see on paper or a screen,He drew a picture of the game.,Cậu ấy vẽ một bức tranh về trận đấu.,Look at this picture on the wall.,Nhìn bức tranh treo trên tường kia.,take a picture; draw a picture; picture on the wall,,warning:LEVEL_LEAK,must,ok,,,,,,,level_leak_ok
w-pill-noun,pill,noun,A2,Health,Back & Hand,/pˈɪl/,viên thuốc (uống),a small piece of medicine that you swallow,Take one pill after breakfast each morning.,Mỗi sáng uống một viên sau bữa sáng.,She forgot to take her pill last night.,Tối qua cô ấy quên uống thuốc.,take a pill; sleeping pill; pain pill,,sample,sample,ok,,,,,,,
w-pilot-noun,pilot,noun,A2,People,Wealth & Queen,/pˈaɪlət/,phi công,a person who flies an aircraft for work,The pilot welcomed us on board the plane.,Phi công chào mừng chúng tôi lên máy bay.,My uncle works as a pilot for an airline.,Chú tôi làm phi công cho một hãng hàng không.,airline pilot; train as a pilot; experienced pilot,,warning:LEVEL_LEAK,must,ok,,,,,,,level_leak_ok
w-pizza-noun,pizza,noun,A1,Food,Potato & Bean,/pˈitsə/,bánh pizza,a flat round food with cheese and toppings,We ordered pizza for dinner tonight.,Tối nay chúng tôi gọi pizza ăn tối.,The pizza is hot and very fresh.,Bánh pizza còn nóng và rất tươi.,order pizza; slice of pizza; pizza delivery,,warning:LEVEL_LEAK,must,ok,,,,,,,level_leak_ok
w-place-noun,place,noun,A1,Travel,Way & Place,/plˈeɪs/,"nơi, chỗ","a particular area, city, or spot",This is a nice place to visit.,Đây là một nơi đáng ghé thăm.,We found a quiet place for lunch.,Chúng tôi tìm được chỗ yên tĩnh để ăn trưa.,nice place; quiet place; take place,,warning:LEVEL_LEAK,must,ok,,,,,,,level_leak_ok
w-playground-noun,playground,noun,A2,Home,Container & Bench,/plˈeɪɡɹˌaʊnd/,sân chơi (của trẻ),an outdoor area where children can play safely,The kids play at the playground after school.,Tan học các em chơi ở sân chơi.,Our apartment has a small playground downstairs.,Chung cư có sân chơi nhỏ ở tầng dưới.,school playground; at the playground; playground equipment,,warning:LEVEL_LEAK,must,ok,,,,,,,level_leak_ok
w-pleasant-adjective,pleasant,adjective,A2,Feelings,Need & Feel,/plˈɛzənt/,"dễ chịu, thoải mái",nice and enjoyable in a calm way,We had a pleasant walk in the park.,Chúng tôi đi dạo trong công viên rất dễ chịu.,The weather was pleasant on our trip.,"Chuyến đi trời đẹp, dễ chịu.",pleasant surprise; pleasant weather; pleasant evening,,warning:LEVEL_LEAK,must,ok,,,,,,,level_leak_ok
w-please-verb,please,verb,B1,Daily life,Bar & Contain,/plˈiz/,"làm hài lòng, làm vui lòng",to make someone feel happy or satisfied,Good news always seems to please my parents.,Tin vui luôn khiến bố mẹ tôi vui.,I hope this small gift will please you.,Hy vọng món quà nhỏ này làm bạn hài lòng.,please someone; hard to please; glad to please,,sample,sample,ok,,,,,,,
w-poem-noun,poem,noun,A1,School,Copy & Poem,/pˈoʊəm/,bài thơ,"a short piece of writing in lines, often with rhyme",We read a short poem in class.,Trên lớp chúng tôi đọc một bài thơ ngắn.,She wrote a poem for the teacher.,Cô ấy viết một bài thơ tặng thầy cô.,write a poem; read a poem; short poem,,warning:LEVEL_LEAK,must,ok,,,,,,,level_leak_ok
w-poetry-noun,poetry,noun,B1,School,School Development,/pˈoʊətɹi/,"thơ ca, thi ca",literature written in verse with rhythm and imagery,I enjoy reading poetry before bed.,Tôi thích đọc thơ trước khi đi ngủ.,Our teacher asked us to study Vietnamese poetry.,Cô giáo yêu cầu chúng tôi học thơ Việt Nam.,read poetry; write poetry; love poetry,,warning:LEVEL_LEAK,must,ok,,,,,,,level_leak_ok
w-point-noun,point,noun,A1,Daily life,Get & Old,/pˈɔɪnt/,mục đích; đầu nhọn,the main idea or sharp end of something,What is the point of this meeting?,Cuộc họp này để làm gì vậy?,Be careful with the point of the knife.,Cẩn thận với đầu nhọn của con dao nhé.,main point; good point; sharp point,,warning:LEVEL_LEAK,must,ok,,,,,,,level_leak_ok
w-poison-noun,poison,noun,B1,Health,Nurse & Breast,/pˈɔɪzən/,"chất độc, thuốc độc",a substance that can cause illness or death if swallowed,Keep poison away from children and pets.,Giữ chất độc xa trẻ em và thú cưng.,The label says this liquid is poison.,Nhãn ghi rằng chất lỏng này là thuốc độc.,deadly poison; swallow poison; rat poison,,warning:LEVEL_LEAK,must,ok,,,,,,,level_leak_ok
w-pollution-noun,pollution,noun,A1,Home,Kitchen & Hole,/pəlˈuʃən/,ô nhiễm,dirty harmful substances in air or water,There is too much pollution near our home.,Gần nhà mình ô nhiễm quá nhiều.,Cars can cause a lot of pollution.,Xe ô tô có thể gây rất nhiều ô nhiễm.,air pollution; water pollution; reduce pollution,,warning:LEVEL_LEAK,must,ok,,,,,,,level_leak_ok
w-poor-adjective,poor,adjective,A1,Shopping,Order & School,/pˈuɹ/,"kém, tệ; nghèo",not good in quality; or having little money,This shirt looks poor quality to me.,Với tôi chiếc áo này chất lượng kém.,The service at that shop was poor.,Dịch vụ ở cửa hàng đó rất tệ.,poor quality; poor service; feel poor,,warning:LEVEL_LEAK,must,ok,,,,,,,level_leak_ok
w-population-noun,population,noun,A2,Society,State & Right,/pˌɑpjəlˈeɪʃən/,dân số,all the people living in a country or area,The population of our city is growing fast.,Dân số thành phố chúng tôi đang tăng nhanh.,The chart shows the population each year.,Biểu đồ thể hiện dân số từng năm.,growing population; city population; world population,,sample,sample,ok,,,,,,,
w-possible-adjective,possible,adjective,A2,Daily life,Less & Second,/pˈɑsəbəl/,"có thể, khả thi",able to happen or be done,Is it possible to meet earlier on Friday?,Thứ Sáu gặp sớm hơn được không?,We will help you if that is possible.,Nếu làm được thì chúng tôi sẽ giúp bạn.,as soon as possible; if possible; anything is possible,,sample,sample,ok,,,,,,,
w-possibly-adverb,possibly,adverb,A2,Daily life,Mainly & Inner,/pˈɑsəbli/,"có lẽ, có thể",maybe; used when you are not completely sure,I will possibly be late because of traffic.,Kẹt xe nên có lẽ tôi đến muộn.,Could you possibly send the file tonight?,Tối nay bạn có thể gửi file được không?,possibly true; quite possibly; could possibly,,sample,sample,ok,,,,,,,
w-potato-noun,potato,noun,A1,Food,Potato & Bean,/pətˈeɪtˌoʊ/,khoai tây,a round vegetable you boil or fry,We had rice and potato for lunch.,Bữa trưa chúng tôi ăn cơm với khoai tây.,Peel the potato before you cook it.,Gọt vỏ khoai tây trước khi nấu nhé.,mashed potato; baked potato; sweet potato,,warning:LEVEL_LEAK,must,ok,,,,,,,level_leak_ok
w-potential-adjective,potential,adjective,B2,Daily life,Issue & Western,/pətˈɛnʃəl/,"tiềm năng, có thể trở thành",possible in the future if things go well,She is a potential leader for the new team next year.,Cô ấy là ứng viên tiềm năng làm lãnh đạo nhóm mới năm sau.,We listed every potential problem before starting the trip.,"Trước chuyến đi, chúng tôi liệt kê mọi vấn đề tiềm ẩn có thể xảy ra.",potential risk; potential buyer; full potential,,sample,sample,ok,,,,,,,
w-pour-verb,pour,verb,A2,Daily life,Split & Belong,/pˈɔɹ/,"rót, đổ (chất lỏng)",to make a liquid flow from a container,Please pour some water into my glass.,Rót thêm nước vào cốc giúp mình nhé.,She poured hot tea for her guests.,Cô ấy rót trà nóng mời khách.,pour water; pour into a glass; pour carefully,,warning:LEVEL_LEAK,must,ok,,,,,,,level_leak_ok
w-practice-noun,practice,noun,A1,Sports,Program & Practice,/pɹˈæktəs/,"buổi luyện tập, thực hành",time spent doing an activity to improve,Football practice starts at five today.,Hôm nay buổi luyện bóng đá bắt đầu lúc năm giờ.,We have practice twice a week.,Chúng tôi luyện tập hai lần mỗi tuần.,football practice; in practice; practice session,,warning:LEVEL_LEAK,must,ok,,,,,,,level_leak_ok
w-prayer-noun,prayer,noun,B1,People,Prayer & Mutual,/pɹˈɛɹ/,lời cầu nguyện; buổi cầu nguyện,words spoken to God or a quiet moment of worship,She said a short prayer before the meal.,Cô ấy đọc một lời cầu nguyện ngắn trước bữa ăn.,Morning prayer helps him feel calm.,Cầu nguyện buổi sáng giúp anh ấy bình tâm hơn.,say a prayer; morning prayer; silent prayer,,warning:LEVEL_LEAK,must,ok,,,,,,,level_leak_ok
w-prefer-verb,prefer,verb,A2,Feelings,Need & Feel,/pɹəfˈɝ/,"thích hơn, ưa thích",to like one thing more than another,I prefer tea when I work late.,Làm khuya thì mình thích trà hơn.,Do you prefer email or a phone call?,Bạn thích email hay gọi điện hơn?,prefer to; would prefer; prefer email,Bất quy tắc: prefer / preferred / preferring,sample,sample,ok,,,,,,,
w-prepared-adjective,prepared,adjective,B1,Daily life,Measure & Rise,/pɹipˈɛɹd/,đã chuẩn bị sẵn,ready for something because you planned ahead,Are you prepared for the job interview tomorrow?,Bạn đã sẵn sàng cho buổi phỏng vấn ngày mai chưa?,We were well prepared for the long trip.,Chúng tôi đã chuẩn bị kỹ cho chuyến đi dài.,well prepared; be prepared for; fully prepared,,sample,sample,ok,,,,,,,
w-pretty-adverb,pretty,adverb,A2,Appearance,Appearance Good-looking,/pɹˈɪti/,"khá, hơi (mức độ)","fairly or quite, but not completely",The test was pretty hard this time.,Lần này bài kiểm tra khá khó.,I am pretty sure we meet tomorrow.,Mình khá chắc là ngày mai gặp nhau.,pretty sure; pretty good; pretty hard,Tránh nhầm với pretty (đẹp) khi là tính từ,sample,sample,ok,,,,,,,
w-price-noun,price,noun,A1,Shopping,Order & School,/pɹˈaɪs/,"giá, giá cả",the amount of money for something,What is the price of this bag?,Cái túi này giá bao nhiêu?,The price is too high for me.,"Giá cao quá, tôi không mua nổi.",high price; low price; price tag,,sample,sample,ok,,,,,,,
w-prince-noun,prince,noun,A1,Society,Social & Right,/pɹˈɪns/,hoàng tử,the son of a king or queen,The prince waved to the crowd today.,Hôm nay hoàng tử vẫy tay chào đám đông.,"In the story, the prince lives in a castle.","Trong truyện, hoàng tử sống trong lâu đài.",young prince; the prince and princess; crown prince,,warning:LEVEL_LEAK,must,ok,,,,,,,level_leak_ok
w-principal-adjective,principal,adjective,A2,School,University & Study,/pɹˈɪnsəpəl/,"chính, chủ yếu",most important or main in a situation,Cost is the principal reason we waited.,Chi phí là lý do chính khiến ta chờ.,Safety is our principal concern at work.,An toàn là mối quan tâm hàng đầu ở công ty.,principal reason; principal concern; principal aim,Khác principal (hiệu trưởng) — danh từ chức danh,warning:LEVEL_LEAK,must,ok,,,,,,,level_leak_ok
w-printer-noun,printer,noun,A2,Sports,Sports essentials,/pɹˈɪntɚ/,máy in,a machine that puts text and images on paper,The printer is out of ink again.,Máy in lại hết mực rồi.,We bought a new printer for the office.,Văn phòng mua máy in mới.,office printer; new printer; printer ink,,sample,sample,ok,,,,,,,
w-project-verb,project,verb,B2,Work,Work essentials,/pɹˈɑdʒɛkt/,"phát ra, chiếu (âm thanh, hình ảnh)",to send an image or sound outward to people,She projects confidence when she presents ideas to the team.,"Khi trình bày ý tưởng với nhóm, cô ấy toát ra sự tự tin.",The screen projects a clear image onto the wall in the meeting room.,Màn hình chiếu hình rõ ràng lên tường trong phòng họp.,project an image; project confidence; project onto,Khác nghĩa danh từ ‘dự án’; nhấn âm giống nhau nhưng nghĩa khác.,sample,sample,ok,,,,,,,
w-promise-verb,promise,verb,B1,Communication,Print & Oral,/pɹˈɑməs/,"hứa, cam kết",to tell someone you will definitely do something,I promise to call you when I arrive at the station.,Tôi hứa sẽ gọi bạn khi tôi đến ga.,He promised to send the report before the meeting ends.,Anh ấy hứa gửi báo cáo trước khi cuộc họp kết thúc.,promise to help; keep a promise; promise faithfully,,sample,sample,ok,,,,,,,
w-pronunciation-noun,pronunciation,noun,A2,School,Wisdom & Fail,/pɹoʊnˌʌnsiˈeɪʃən/,cách phát âm,the way a word or language is spoken,Good pronunciation helps people understand you.,Phát âm tốt giúp người ta hiểu bạn hơn.,We practice pronunciation in class every week.,Mỗi tuần lớp đều luyện phát âm.,good pronunciation; practice pronunciation; clear pronunciation,,sample,sample,ok,,,,,,,
w-properly-adverb,properly,adverb,B1,Daily life,Mail & Normally,/pɹˈɑpɚli/,"đúng cách, đàng hoàng",in the correct way or in a suitable manner,Please wash your hands properly before you eat lunch.,Hãy rửa tay đúng cách trước khi ăn trưa.,"The files were not saved properly, so we lost some data.",Các tệp không được lưu đúng cách nên chúng tôi mất một số dữ liệu.,work properly; behave properly; properly trained,,sample,sample,ok,,,,,,,
w-property-noun,property,noun,B1,People,People Individual,/pɹˈɑpɚti/,"tài sản, của riêng","things that someone owns, such as land or belongings",Please do not leave personal property on the bus seats.,Xin đừng để đồ cá nhân trên ghế xe buýt.,The hotel is not responsible for lost property in the lobby.,Khách sạn không chịu trách nhiệm về tài sản thất lạc ở sảnh.,private property; personal property; lost property,,warning:LEVEL_LEAK,must,ok,,,,,,,level_leak_ok
w-protect-verb,protect,verb,B1,Daily life,Release & Obviously,/pɹətˈɛkt/,"bảo vệ, che chở",to keep someone or something safe from harm or loss,Wear a hat to protect your skin from strong sun.,Đội mũ để bảo vệ da khỏi nắng gắt.,Good passwords help protect your accounts online.,Mật khẩu tốt giúp bảo vệ tài khoản trực tuyến của bạn.,protect the environment; protect your data; protect from harm,,sample,sample,ok,,,,,,,
w-psychologist-noun,psychologist,noun,A2,Work,Lawyer & Manage,/saɪkˈɑlədʒəst/,nhà tâm lý học,a trained expert who helps people with mental health,A psychologist can help with stress at work.,Nhà tâm lý có thể giúp giảm stress công việc.,She talked to a psychologist about her sleep.,Cô ấy trao đổi với nhà tâm lý về giấc ngủ.,talk to a psychologist; see a psychologist; school psychologist,,warning:LEVEL_LEAK,must,ok,,,,,,,level_leak_ok
w-psychology-noun,psychology,noun,B2,School,Research & Test,/saɪkˈɑlədʒi/,tâm lý học,the scientific study of the mind and behavior,She decided to study psychology at university.,Cô ấy quyết định học tâm lý học ở đại học.,Psychology helps us understand why people act as they do.,Tâm lý học giúp ta hiểu vì sao mọi người hành xử như vậy.,study psychology; clinical psychology; psychology course,,sample,sample,ok,,,,,,,
w-public-noun,public,noun,A2,Society,State & Right,/pˈʌblɪk/,công chúng; mọi người (nói chung),"ordinary people in general, not officials only",The park is open to the public daily.,Công viên mở cửa cho công chúng mỗi ngày.,The news may worry the public a little.,Tin tức có thể khiến công chúng hơi lo.,the public; open to the public; inform the public,Danh từ: thường đi với the public,warning:LEVEL_LEAK,must,ok,,,,,,,level_leak_ok
w-publisher-noun,publisher,noun,B1,Work,Work Assistant,/pˈʌblɪʃɚ/,nhà xuất bản,a company that prepares and sells books or other media,The publisher asked for a few small changes to the chapter.,Nhà xuất bản yêu cầu chỉnh vài chỗ nhỏ trong chương.,She signed a contract with a publisher for her first novel.,Cô ấy ký hợp đồng với một nhà xuất bản cho cuốn tiểu thuyết đầu tay.,book publisher; leading publisher; work with a publisher,,warning:LEVEL_LEAK,must,ok,,,,,,,level_leak_ok
w-punishment-noun,punishment,noun,B1,People,Prayer & Mutual,/pˈʌnɪʃmənt/,"hình phạt, sự trừng phạt",something done to make someone suffer for breaking rules,Late homework may lead to a small punishment at this school.,Nộp bài muộn có thể bị phạt nhẹ ở trường này.,The punishment for speeding includes a fine and points.,Hình phạt vì vượt tốc độ gồm phạt tiền và trừ điểm.,severe punishment; as punishment; face punishment,,sample,sample,ok,,,,,,,
w-question-noun,question,noun,A1,Communication,Say & Question,/kwˈɛstʃən/,câu hỏi,words you ask when you want an answer,May I ask you a quick question?,Tôi hỏi bạn một câu nhanh được không?,He had a question about the homework.,Anh ấy có câu hỏi về bài tập về nhà.,ask a question; good question; answer the question,,sample,sample,ok,,,,,,,
w-quiet-adjective,quiet,adjective,A1,Communication,Say & Question,/kwˈaɪət/,"yên tĩnh, im lặng",making little or no noise,Please be quiet in the library.,Trong thư viện nhờ các bạn giữ im lặng.,It is very quiet here at night.,Ban đêm ở đây rất yên tĩnh.,keep quiet; quiet place; nice and quiet,,sample,sample,ok,,,,,,,
w-quotation-noun,quotation,noun,B2,School,Prose & Conquest,/kwoʊtˈeɪʃən/,trích dẫn; báo giá,"words taken from a text, or a price offer for work",Include a quotation from the article in your essay.,Hãy đưa một trích dẫn từ bài báo vào bài luận.,We asked three firms for a quotation on the repairs.,Chúng tôi nhờ ba công ty báo giá sửa chữa.,direct quotation; request a quotation; quotation marks,,sample,sample,ok,,,,,,,
w-rain-noun,rain,noun,A1,Nature,Sun & Cold,/ɹˈeɪn/,mưa,water that falls from clouds in the sky,The rain stopped after one hour.,Một tiếng sau thì mưa tạnh.,We need rain for the plants here.,Cây ở đây cần có mưa.,heavy rain; in the rain; after the rain,,sample,sample,ok,,,,,,,
w-raise-verb,raise,verb,A2,Daily life,Gradually & Raise,/ɹˈeɪz/,nâng lên; tăng; nuôi dưỡng,to lift something or make an amount go up,Please raise your hand if you have a question.,Ai có câu hỏi xin giơ tay.,They had to raise the rent this year.,Năm nay họ phải tăng tiền thuê nhà.,raise your hand; raise prices; raise children,,warning:LEVEL_LEAK,must,ok,,,,,,,level_leak_ok
w-rap-noun,rap,noun,A2,Sports,Tune & Golf,/ɹˈæp/,nhạc rap,a style of music with strong rhythm and spoken words,He listens to rap while he runs.,Anh ấy nghe nhạc rap khi chạy bộ.,Our gym class sometimes uses rap for warm-up.,Lớp thể dục đôi khi mở nhạc rap để khởi động.,listen to rap; rap music; rap song,,warning:LEVEL_LEAK,must,ok,,,,,,,level_leak_ok
w-rapid-adjective,rapid,adjective,B1,Daily life,Release & Obviously,/ɹˈæpəd/,"nhanh, mau",happening or moving very quickly,We saw rapid growth in online sales this year.,Năm nay doanh số online tăng rất nhanh.,The doctor asked for a rapid test at the clinic.,Bác sĩ yêu cầu làm xét nghiệm nhanh tại phòng khám.,rapid change; rapid growth; rapid response,,sample,sample,ok,,,,,,,
w-rate-noun,rate,noun,A2,Daily life,Century & Further,/ɹˈeɪt/,"tỷ lệ, mức (giá, lương, tốc độ)",a measured amount such as speed or cost,The hotel rate is lower on weekdays.,Giá phòng khách sạn ngày thường rẻ hơn.,What is the interest rate on this loan?,Lãi suất khoản vay này là bao nhiêu?,interest rate; hourly rate; at a fast rate,,warning:LEVEL_LEAK,must,ok,,,,,,,level_leak_ok
w-ray-noun,ray,noun,A2,Society,Attack & Ancient,/ɹˈeɪ/,tia (ánh sáng mặt trời),a narrow line of light or energy,A ray of sun came through the window.,Một tia nắng chiếu qua cửa sổ.,We sat in the rays of the morning sun.,Chúng tôi ngồi trong ánh nắng buổi sáng.,ray of sunshine; sun's rays; a ray of light,,warning:LEVEL_LEAK,must,ok,,,,,,,level_leak_ok
w-reader-noun,reader,noun,A1,Sports,Program & Practice,/ɹˈidɚ/,người đọc,a person who reads books or other text,She is a fast reader in our class.,Cô ấy đọc nhanh trong lớp chúng ta.,Every reader likes a good sports story.,Người đọc nào cũng thích câu chuyện thể thao hay.,avid reader; fast reader; book reader,,warning:LEVEL_LEAK,must,ok,,,,,,,level_leak_ok
w-reading-noun,reading,noun,A1,Sports,Program & Practice,/ɹˈidɪŋ/,việc đọc; bài đọc,the activity of looking at and understanding text,Reading about sports is my hobby.,Đọc tin thể thao là sở thích của tôi.,We do reading in class today.,Hôm nay lớp mình có giờ đọc.,reading time; do some reading; reading homework,,warning:LEVEL_LEAK,must,ok,,,,,,,level_leak_ok
w-ready-adjective,ready,adjective,A1,Daily life,Live & Big,/ɹˈɛdi/,sẵn sàng,prepared and able to do something now,I am ready for work now.,Giờ tôi sẵn sàng đi làm rồi.,Are you ready to leave soon?,Bạn sắp sẵn sàng đi chưa?,get ready; ready to go; almost ready,,warning:LEVEL_LEAK,must,ok,,,,,,,level_leak_ok
w-real-adjective,real,adjective,A1,Daily life,Become & Give,/ɹˈil/,"thật, có thật",actually existing and not fake or imagined,This is a real problem for us.,Đây là vấn đề thật với chúng tôi.,Is that a real ticket or fake?,Đó là vé thật hay vé giả?,real life; for real; real money,,warning:LEVEL_LEAK,must,ok,,,,,,,level_leak_ok
w-real-adverb,real,adverb,A1,Daily life,Become & Give,/ɹˈil/,"(thân mật) rất, thật sự",very; used before adjectives in informal speech,That meal was real good tonight.,Bữa tối nay bữa đó ngon thật.,It is real hot outside now.,Giờ ngoài trời nóng lắm.,real good; real nice; real bad,Thân mật; trong văn viết thường dùng really.,warning:LEVEL_LEAK,must,ok,,,,,,,level_leak_ok
w-receipt-noun,receipt,noun,A2,Shopping,Suit & Mirror,/ɹɪsˈit/,"hóa đơn, biên lai",a paper that shows you paid for something,Keep the receipt in case you return it.,Giữ hóa đơn phòng khi bạn đổi trả hàng.,The cashier gave me a receipt after payment.,Sau khi thanh toán thu ngân đưa mình biên lai.,keep the receipt; show a receipt; paper receipt,Phát âm /rɪˈsiːt/ — chữ p câm.,warning:LEVEL_LEAK,must,ok,,,,,,,level_leak_ok
w-recognize-verb,recognize,verb,B1,Daily life,Release & Obviously,/ɹˈɛkəɡnˌaɪz/,"nhận ra, nhận biết",to know someone or something when you see it,I did not recognize him with his new haircut.,Anh ấy cắt tóc mới nên tôi không nhận ra.,The app can recognize text in photos.,Ứng dụng có thể nhận dạng chữ trong ảnh.,recognize someone; easily recognize; recognize the voice,Also: recognise,sample,sample,ok,,,,,,,
w-recording-noun,recording,noun,B1,Sports,Sports essentials,/ɹəkˈɔɹdɪŋ/,"bản ghi, bản thu (âm thanh hoặc thành tích)","a stored sound, video, or best official result",She set a new recording in the hundred metres.,Cô ấy lập kỷ lục mới ở cự ly một trăm mét.,I saved a recording of the online lesson.,Tôi đã lưu bản ghi buổi học trực tuyến.,make a recording; world recording; audio recording,,sample,sample,ok,,,,,,,
w-related-adjective,related,adjective,B2,People,People essentials,/ɹɪlˈeɪtɪd/,có quan hệ họ hàng,belonging to the same family or connected by kinship,Are you related to the woman who works at reception?,Bạn có họ hàng với người phụ nữ làm lễ tân không?,We discovered we were related through our grandparents.,Chúng tôi phát hiện mình có họ với nhau qua ông bà.,closely related; related by marriage; distantly related,,sample,sample,ok,,,,,,,
w-religion-noun,religion,noun,B1,Society,General & Public,/ɹɪlˈɪdʒən/,tôn giáo,a system of faith and worship shared by a community,People should respect every religion in this country.,Mọi người nên tôn trọng mọi tôn giáo ở đất nước này.,She studied how religion shapes local culture.,Cô ấy nghiên cứu cách tôn giáo định hình văn hóa địa phương.,freedom of religion; world religion; practice a religion,,warning:LEVEL_LEAK,must,ok,,,,,,,level_leak_ok
w-religious-adjective,religious,adjective,B1,Society,General & Public,/ɹɪlˈɪdʒəs/,"tôn giáo, sùng đạo","connected with faith, worship, or a belief system",The town has many religious buildings near the river.,Thị trấn có nhiều công trình tôn giáo gần sông.,He comes from a very religious family.,Anh ấy xuất thân từ một gia đình rất sùng đạo.,religious belief; religious festival; religious leader,,warning:LEVEL_LEAK,must,ok,,,,,,,level_leak_ok
w-remaining-adjective,remaining,adjective,B2,Daily life,Double & Somewhat,/ɹɪmˈeɪnɪŋ/,còn lại,still left after the rest has been used or taken,Use the remaining time to check your answers.,Dùng thời gian còn lại để kiểm tra bài làm.,We shared the remaining food with our neighbors.,Chúng tôi chia phần thức ăn còn lại cho hàng xóm.,remaining time; remaining balance; remaining tasks,,sample,sample,ok,,,,,,,
w-rent-verb,rent,verb,A2,Home,Home & Nature,/ɹˈɛnt/,"thuê (nhà, phòng, đồ)",to pay money to use someone else's property,We want to rent a small house near work.,Chúng tôi muốn thuê nhà nhỏ gần chỗ làm.,They rent their spare room to a student.,Họ cho một sinh viên thuê phòng dư.,rent a house; rent a room; rent out,,warning:LEVEL_LEAK,must,ok,,,,,,,level_leak_ok
w-repair-verb,repair,verb,A2,Home,Home & Nature,/ɹɪpˈɛɹ/,sửa chữa,to fix something that is broken or damaged,He can repair the broken chair this weekend.,Cuối tuần anh ấy sửa được cái ghế bị gãy.,Please repair the leak in the kitchen sink.,Nhờ sửa chỗ rò ở bồn rửa bếp giúp.,repair a bike; repair the roof; repair work,,warning:LEVEL_LEAK,must,ok,,,,,,,level_leak_ok
w-reprint-noun,reprint,noun,B2,Media,Media God,/ɹipɹˈɪnt/,bản in lại,a new printed copy of a book or article,The publisher ordered a reprint after the first sold out.,Nhà xuất bản in lại sau khi lần đầu bán hết.,This reprint includes a short note from the author.,Bản in lại này có lời ngắn từ tác giả.,new reprint; authorized reprint; demand a reprint,,sample,sample,ok,,,,,,,
w-republic-noun,republic,noun,B1,Society,General & Public,/ɹipˈʌblək/,cộng hòa,a country where citizens choose leaders by voting,The museum explains how the republic was formed.,Bảo tàng giải thích cộng hòa được hình thành thế nào.,Many students learn about the early republic in class.,Nhiều học sinh học về cộng hòa ban đầu trên lớp.,democratic republic; found a republic; the republic,,sample,sample,ok,,,,,,,
w-reservation-noun,reservation,noun,B1,Travel,Delay & Vehicle,/ɹˌɛzɚvˈeɪʃən/,"đặt chỗ (khách sạn, nhà hàng)","an arrangement to keep a seat, room, or table",We made a reservation for two nights at the hotel.,Chúng tôi đặt phòng hai đêm tại khách sạn.,Please confirm your reservation before you travel.,Hãy xác nhận đặt chỗ trước khi đi.,make a reservation; hotel reservation; dinner reservation,,sample,sample,ok,,,,,,,
w-result-verb,result,verb,B1,Daily life,View & Further,/ɹɪzˈʌlt/,"dẫn đến, gây ra",to happen as an effect of an action or choice,Poor planning resulted in many delays.,Lập kế hoạch kém dẫn đến nhiều chậm trễ.,The change may result in lower costs next year.,Thay đổi này có thể làm chi phí thấp hơn năm sau.,result in; result from; may result,,warning:LEVEL_LEAK,must,ok,,,,,,,level_leak_ok
w-reveal-verb,reveal,verb,A2,Daily life,Gradually & Raise,/ɹɪvˈil/,"tiết lộ, bộc lộ",to make something known that was secret,Do not reveal your password to anyone online.,Đừng tiết lộ mật khẩu cho ai trên mạng.,The letter reveals good news about the job.,Thư tiết lộ tin vui về công việc.,reveal a secret; reveal the truth; reveal plans,,warning:LEVEL_LEAK,must,ok,,,,,,,level_leak_ok
w-rhythm-noun,rhythm,noun,A2,Media,Well-known & Original,/ɹˈɪðəm/,nhịp điệu,a strong pattern of beats in music or speech,I love the rhythm of this song on the radio.,Mình thích nhịp điệu bài hát này trên radio.,Tap your foot to the rhythm of the music.,Gõ chân theo nhịp của bản nhạc nhé.,sense of rhythm; steady rhythm; rhythm and blues,,warning:LEVEL_LEAK,must,ok,,,,,,,level_leak_ok
w-rich-adjective,rich,adjective,A1,Shopping,Order & School,/ɹˈɪtʃ/,giàu có,having a lot of money or valuable things,He became rich after years of work.,Sau nhiều năm làm việc anh ấy trở nên giàu.,Rich people shop at that mall.,Người giàu hay mua sắm ở trung tâm đó.,rich and poor; get rich; very rich,,warning:LEVEL_LEAK,must,ok,,,,,,,level_leak_ok
w-right-adjective,right,adjective,A1,Society,Social & Right,/ɹˈaɪt/,đúng; phải (đạo đức),"correct, true, or morally good",You gave the right answer on the test.,Bạn trả lời đúng trong bài kiểm tra.,It is not right to lie to friends.,Nói dối bạn bè là không đúng.,right answer; right thing; feel right,,warning:LEVEL_LEAK,must,ok,,,,,,,level_leak_ok
w-right-adverb,right,adverb,A1,Society,Social & Right,/ɹˈaɪt/,đúng; về phía bên phải,in a good way or toward one side,Turn right at the next corner please.,Rẽ phải ở ngã rẽ tới nhé.,"You did it right, well done today.","Bạn làm đúng rồi, hôm nay giỏi lắm.",turn right; go right; do it right,,warning:LEVEL_LEAK,must,ok,,,,,,,level_leak_ok
w-ring-noun,ring,noun,A2,Appearance,Appearance Good-looking,/ɹˈɪŋ/,nhẫn,a small circle of metal worn on a finger,She wears a silver ring on her left hand.,Cô ấy đeo nhẫn bạc ở tay trái.,He bought a ring as a gift for her.,Anh ấy mua nhẫn làm quà tặng cô ấy.,wedding ring; gold ring; wear a ring,,warning:LEVEL_LEAK,must,ok,,,,,,,level_leak_ok
w-rite-noun,rite,noun,B2,Society,Province & Navy,/ɹˈaɪt/,"nghi lễ, nghi thức",a formal action that is part of a ceremony,The wedding rite was short but very meaningful.,Nghi lễ cưới ngắn nhưng rất ý nghĩa.,Villagers follow an ancient rite each spring.,Dân làng làm một nghi lễ cổ mỗi mùa xuân.,funeral rite; ancient rite; religious rite,,sample,sample,ok,,,,,,,
w-river-noun,river,noun,A1,Home,World & Case,/ɹˈɪvɚ/,sông,a long wide flow of water to the sea,We swim in the river in summer.,Mùa hè chúng tôi bơi ở sông.,The river is near our house.,Con sông ở gần nhà chúng tôi.,by the river; cross the river; river bank,,warning:LEVEL_LEAK,must,ok,,,,,,,level_leak_ok
w-rock-verb,rock,verb,B2,Nature,Plant & Growing,/ɹˈɑk/,"lay đưa, chao đảo",to move slowly back and forth or from side to side,The boat began to rock in the strong waves.,Chiếc thuyền bắt đầu chao đảo trong sóng lớn.,Tall trees rock gently when the wind blows hard.,Cây cao lay đưa nhẹ khi gió thổi mạnh.,rock back and forth; rock gently; begin to rock,,sample,sample,ok,,,,,,,
w-roof-noun,roof,noun,A2,Home,Home & Nature,/ɹˈuf/,mái nhà,the top cover of a building that keeps rain out,Water came through the roof during the storm.,Trong cơn bão nước rò qua mái nhà.,They fixed the roof before the rainy season.,Họ sửa mái trước mùa mưa.,on the roof; roof leak; under one roof,,warning:LEVEL_LEAK,must,ok,,,,,,,level_leak_ok
w-room-verb,room,verb,B1,Home,Home essentials,/ɹˈum/,ở chung phòng (với ai),to share sleeping space with someone while away from home,We roomed together during the training course.,Chúng tôi ở chung phòng trong khóa đào tạo.,She roomed with a colleague at the conference.,Cô ấy ở chung phòng với một đồng nghiệp ở hội nghị.,room together; room with someone; room at a hotel,,warning:LEVEL_LEAK,must,ok,,,,,,,level_leak_ok
w-round-adjective,round,adjective,B1,Daily life,Measure & Rise,/ɹˈaʊnd/,tròn,"shaped like a circle or ball, not with corners",We sat at a round table for the meeting.,Chúng tôi ngồi quanh bàn tròn để họp.,The garden has a small round pond.,Vườn có một ao nhỏ hình tròn.,round table; round face; round shape,,sample,sample,ok,,,,,,,
w-roundabout-noun,roundabout,noun,A2,Travel,Crowd & Remote,/ɹˈaʊndəbˌaʊt/,"bùng binh, nút giao thông dạng vòng",a circular road junction where traffic drives around a center,We took the third exit at the roundabout.,Chúng tôi đi theo lối ra thứ ba ở bùng binh.,The bus slowed near the big roundabout.,Xe buýt chậm lại gần bùng binh lớn.,at the roundabout; roundabout exit; traffic roundabout,,warning:LEVEL_LEAK,must,ok,,,,,,,level_leak_ok
w-rugby-noun,rugby,noun,A2,Sports,Tune & Golf,/ɹˈʌɡbi/,bóng bầu dục,a team sport played with an oval ball,My brother plays rugby every Saturday morning.,Anh trai tôi chơi bóng bầu dục sáng thứ Bảy hàng tuần.,Rugby is very popular in some countries.,Bóng bầu dục rất phổ biến ở một số nước.,play rugby; rugby match; rugby team,,sample,sample,ok,,,,,,,
w-ruler-noun,ruler,noun,A1,Shopping,Card & Spend,/ɹˈulɚ/,thước kẻ,a flat tool used to measure lines,I need a ruler for math class.,Lớp toán tôi cần một cây thước kẻ.,The ruler is in my pencil case.,Thước kẻ nằm trong hộp bút của tôi.,plastic ruler; use a ruler; long ruler,Không nhầm với nghĩa vua (monarch).,warning:LEVEL_LEAK,must,ok,,,,,,,level_leak_ok
w-run-noun,run,noun,A1,Sports,Program & Practice,/ɹˈʌn/,lần chạy; điểm (bóng chày),moving quickly on foot; one point in baseball,He scored a run in the game.,Anh ấy ghi một điểm trong trận đấu.,Take a short run before breakfast today.,Sáng nay chạy bộ một lát trước bữa sáng nhé.,home run; go for a run; score a run,,warning:LEVEL_LEAK,must,ok,,,,,,,level_leak_ok
w-running-noun,running,noun,A2,Sports,Sports essentials,/ɹˈʌnɪŋ/,"việc chạy bộ, môn chạy",the activity of moving fast on foot for exercise,Running helps me stay healthy each week.,Chạy bộ giúp tôi khỏe mạnh mỗi tuần.,I go running before work in the park.,Tôi chạy bộ ở công viên trước giờ làm.,go running; running shoes; morning running,,warning:LEVEL_LEAK,must,ok,,,,,,,level_leak_ok
w-safe-adjective,safe,adjective,A2,Health,Back & Hand,/sˈeɪf/,"an toàn, không nguy hiểm",not likely to hurt you or cause harm,Is it safe to swim in this lake?,Bơi ở hồ này có an toàn không?,Keep your password in a safe place.,Hãy cất mật khẩu ở chỗ an toàn.,safe place; stay safe; feel safe,,sample,sample,ok,,,,,,,
w-salad-noun,salad,noun,A1,Food,Potato & Bean,/sˈæləd/,"món salad, rau trộn",a cold dish of mixed raw vegetables,I ordered a salad for lunch today.,Hôm nay bữa trưa tôi gọi một phần salad.,This salad has tomatoes and lettuce.,Món salad này có cà chua và xà lách.,green salad; chicken salad; order a salad,,warning:LEVEL_LEAK,must,ok,,,,,,,level_leak_ok
w-salary-noun,salary,noun,B2,Work,Employer & Commander,/sˈælɚi/,"lương tháng, tiền lương",fixed pay that employees receive each month from work,Her salary covers rent and basic living costs.,Lương của cô ấy đủ trả tiền thuê nhà và sinh hoạt.,The company raised his salary after the review.,Công ty tăng lương cho anh ấy sau đợt đánh giá.,monthly salary; salary increase; basic salary,,sample,sample,ok,,,,,,,
w-salmon-noun,salmon,noun,B1,Food,Bill & Fish,/sˈæmən/,cá hồi,a large pink fish often eaten as food,I ordered grilled salmon with rice for lunch.,Mình gọi cá hồi nướng với cơm cho bữa trưa.,Salmon is rich in protein and healthy fats.,Cá hồi giàu protein và chất béo tốt.,grilled salmon; smoked salmon; fresh salmon,,sample,sample,ok,,,,,,,
w-salt-noun,salt,noun,A2,Food,Food Order,/sˈɔlt/,muối,a white substance used to add flavour to food,A little salt makes the soup taste better.,Một chút muối làm súp ngon hơn.,Please pass the salt at the table.,Nhờ đưa lọ muối trên bàn giúp.,pinch of salt; pass the salt; sea salt,,warning:LEVEL_LEAK,must,ok,,,,,,,level_leak_ok
w-sauce-noun,sauce,noun,A2,Food,Food Order,/sˈɔs/,nước sốt,a thick liquid served with food for flavour,Tomato sauce goes well with the pasta.,Nước sốt cà chua hợp với mì Ý.,She made a spicy sauce for the fish.,Cô ấy làm nước sốt cay cho món cá.,tomato sauce; spicy sauce; pour sauce,,warning:LEVEL_LEAK,must,ok,,,,,,,level_leak_ok
w-saw-noun,saw,noun,A1,Home,World & Case,/sˈɔ/,cưa,a tool with a sharp blade for cutting wood,He used a saw to fix the old shelf.,Anh ấy dùng cưa để sửa kệ cũ.,The saw is in the box under the table.,Cưa nằm trong hộp dưới bàn.,hand saw; use a saw; electric saw,Danh từ cưa; động từ see quá khứ là saw.,warning:LEVEL_LEAK,must,ok,,,,,,,level_leak_ok
w-saw-verb,saw,verb,B2,Daily life,Daily life essentials,/sˈɔ/,"cưa, dùng cưa cắt",to cut wood using a tool with sharp teeth,He sawed the plank to fit the small shelf.,Anh ấy cưa tấm ván cho vừa kệ nhỏ.,Please saw slowly so the line stays straight.,Cưa chậm thôi để đường cắt thẳng nhé.,saw wood; saw a plank; saw carefully,,sample,sample,ok,,,,,,,
w-school-noun,school,noun,A1,Shopping,Order & School,/skˈul/,trường học,a place where children and students learn,The school is near the big shop downtown.,Trường học ở gần cửa hàng lớn trong trung tâm.,My daughter walks to school every morning.,Con gái mình đi bộ đến trường mỗi sáng.,go to school; at school; school day,,sample,sample,ok,,,,,,,
w-schoolchild-noun,schoolchild,noun,A2,School,Wisdom & Fail,/skˈultʃˌaɪld/,học sinh (trẻ em đi học),a child who goes to primary or secondary school,Each schoolchild needs a quiet place to study.,Mỗi học sinh cần chỗ yên tĩnh để học.,The museum offers tours for every schoolchild.,Bảo tàng có tour cho học sinh.,young schoolchild; every schoolchild; schoolchild safety,,warning:LEVEL_LEAK,must,ok,,,,,,,level_leak_ok
w-science-fiction-phrase,science fiction,phrase,B1,Media,Book & Act,/sˈaɪəns fˈɪkʃən/,khoa học viễn tưởng,stories about imaginary future worlds and technology,I enjoy reading science fiction in my free time.,Lúc rảnh mình thích đọc truyện khoa học viễn tưởng.,That film is classic science fiction from the eighties.,Bộ phim đó là khoa học viễn tưởng kinh điển thập niên tám mươi.,science fiction novel; science fiction film; classic science fiction,,sample,sample,ok,,,,,,,
w-science-noun,science,noun,A1,School,Know & Study,/sˈaɪəns/,khoa học,study of how the world and nature work,Science is my favorite class this term.,Học kỳ này môn khoa học là môn mình thích nhất.,We did a fun science project at school.,Ở trường chúng tôi làm một dự án khoa học vui.,science class; science teacher; study science,,warning:LEVEL_LEAK,must,ok,,,,,,,level_leak_ok
w-scientist-noun,scientist,noun,A1,Work,Work & Work,/sˈaɪəntɪst/,nhà khoa học,a person who studies science as a job,Her sister is a scientist at the lab.,Chị gái cô ấy là nhà khoa học ở phòng thí nghiệm.,The scientist explained the test results today.,Hôm nay nhà khoa học giải thích kết quả thí nghiệm.,young scientist; research scientist; famous scientist,,sample,sample,ok,,,,,,,
w-sea-noun,sea,noun,A1,Home,World & Case,/sˈi/,biển,a large area of salt water,Our home has a view of the sea.,Nhà chúng tôi nhìn ra biển.,The sea is calm this morning near town.,Sáng nay biển gần thị trấn rất êm.,by the sea; at sea; sea water,,warning:LEVEL_LEAK,must,ok,,,,,,,level_leak_ok
w-search-verb,search,verb,B1,Technology,Technology Out-of-date,/sˈɝtʃ/,tìm kiếm,to look carefully for something you want to find,I searched online for a cheaper flight ticket.,Mình tìm trên mạng vé máy bay rẻ hơn.,Please search the folder for last month's report.,Nhờ tìm trong thư mục báo cáo tháng trước.,search online; search for information; search carefully,,sample,sample,ok,,,,,,,
w-second-adverb,second,adverb,B1,Daily life,Daily life Face-to-face,/sˈɛkənd/,"đứng thứ hai, về nhì",in the next place after the first in order,She finished second in the school race.,Cô ấy về nhì trong cuộc đua của trường.,"Our team came second, but we were still proud.","Đội chúng tôi đứng thứ hai, nhưng vẫn tự hào.",come second; finish second; rank second,,sample,sample,ok,,,,,,,
w-security-noun,security,noun,B1,Shopping,Shopping Second-hand,/sɪkjˈʊɹəti/,"an ninh, bảo mật","protection of people, buildings, or money from crime",Airport security checked our bags carefully.,An ninh sân bay kiểm tra hành lý của chúng tôi kỹ lưỡng.,Use a strong password for better account security.,Dùng mật khẩu mạnh để tài khoản bảo mật hơn.,airport security; security check; online security,,sample,sample,ok,,,,,,,
w-seek-verb,seek,verb,A2,Daily life,Mainly & Inner,/sˈik/,"tìm kiếm, theo đuổi",to try to find or get something,They seek help from a local community group.,Họ tìm sự giúp đỡ từ nhóm cộng đồng địa phương.,I seek a quiet room to study after work.,Tôi tìm phòng yên tĩnh để học sau giờ làm.,seek help; seek advice; seek work,Bất quy tắc: seek / sought / sought.,sample,sample,ok,,,,,,,
w-select-adjective,select,adjective,B1,Daily life,Bar & Contain,/səlˈɛkt/,"được chọn lọc, cao cấp",carefully chosen; available only to some people,Only select members can use the private lounge.,Chỉ thành viên được chọn mới dùng được phòng chờ riêng.,The hotel offers select rooms with a sea view.,Khách sạn có các phòng cao cấp nhìn ra biển.,select group; select few; select service,,sample,sample,ok,,,,,,,
w-sell-verb,sell,verb,A1,Shopping,Order & School,/sˈɛl/,bán,to give something to someone for money,They sell fresh fruit at the market daily.,Họ bán trái cây tươi ở chợ mỗi ngày.,I want to sell my old phone this week.,Tuần này mình muốn bán chiếc điện thoại cũ.,sell online; sell for; buy and sell,Bất quy tắc: sell / sold / sold.,warning:LEVEL_LEAK,must,ok,,,,,,,level_leak_ok
w-seminar-noun,seminar,noun,B2,School,Prose & Conquest,/sˈɛmənˌɑɹ/,"hội thảo, buổi thảo luận chuyên đề",a meeting where people study and discuss a topic,I attended a seminar on workplace communication last week.,Tuần trước tôi tham dự một hội thảo về giao tiếp nơi làm việc.,The seminar starts at two in the main hall.,Hội thảo bắt đầu lúc hai giờ ở hội trường chính.,attend a seminar; research seminar; day-long seminar,,sample,sample,ok,,,,,,,
w-sentence-noun,sentence,noun,A1,School,Know & Study,/sˈɛntəns/,câu (ngôn ngữ),a group of words that expresses one idea,Please write one sentence about your family.,Hãy viết một câu về gia đình bạn.,This sentence is too long for beginners.,Câu này hơi dài với người mới học.,write a sentence; full sentence; long sentence,,sample,sample,ok,,,,,,,
w-separate-adjective,separate,adjective,A2,Daily life,Inside & Dead,/sˈɛpɚˌeɪt/,"riêng, tách biệt",not joined; different from something else,We need separate rooms for the guests.,Chúng ta cần phòng riêng cho khách.,Keep work and home life separate.,Hãy tách bạch công việc và đời sống riêng.,separate rooms; keep separate; completely separate,,sample,sample,ok,,,,,,,
w-serious-adjective,serious,adjective,B1,Appearance,Brand-new & Well-built,/sˈɪɹiəs/,"nghiêm túc, không cười",not smiling or joking; showing you mean something,He gave me a serious look before the meeting.,Trước cuộc họp anh ấy nhìn mình với vẻ nghiêm túc.,Why do you look so serious in that photo?,Sao trong ảnh đó bạn trông nghiêm túc thế?,serious expression; serious face; look serious,,sample,sample,ok,,,,,,,
w-set-verb,set,verb,A1,Daily life,Get & Old,/sˈɛt/,"đặt, để; dọn (bàn)",to put something in a place or position,I set the alarm for six every morning.,Mỗi sáng mình đặt báo thức lúc sáu giờ.,Please set the cups on the table now.,Nhờ đặt các cốc lên bàn giúp mình.,set the table; set an alarm; set down,Bất quy tắc: set / set / set.,warning:LEVEL_LEAK,must,ok,,,,,,,level_leak_ok
w-settlement-noun,settlement,noun,B1,Society,Criminal & Democracy,/sˈɛtəlmənt/,thỏa thuận giải quyết; khu định cư,an official agreement that ends a legal dispute,Both sides agreed to a fair settlement in court.,Hai bên đồng ý một thỏa thuận công bằng tại tòa.,The settlement included payment for the damage.,Thỏa thuận có khoản bồi thường thiệt hại.,reach a settlement; legal settlement; out-of-court settlement,,warning:LEVEL_LEAK,must,ok,,,,,,,level_leak_ok
w-share-verb,share,verb,A1,Daily life,Live & Big,/ʃˈɛɹ/,chia sẻ,to let someone use part of what you have,We share one car to go to work.,Chúng tôi dùng chung một xe đi làm.,Can you share your notes after class today?,Hôm nay tan học bạn chia sẻ ghi chú được không?,share with; share a room; share food,,sample,sample,ok,,,,,,,
w-sheet-noun,sheet,noun,B1,Home,Home essentials,/ʃˈit/,"tấm, tờ (ga giường, tờ giấy)",a large thin piece of cloth used on a bed,Please change the sheet on the guest bed.,Nhờ thay ga giường ở giường khách.,I bought new sheets for the hot summer nights.,Mình mua bộ ga mới cho những đêm hè nóng.,bed sheet; clean sheet; change the sheets,,sample,sample,ok,,,,,,,
w-shelf-noun,shelf,noun,A1,Home,Kitchen & Hole,/ʃˈɛlf/,"kệ, giá để đồ",a flat board fixed to a wall for things,Put the books on the top shelf please.,Nhờ đặt sách lên kệ trên cùng.,There is a shelf above the kitchen sink.,Phía trên bồn rửa bếp có một cái kệ.,top shelf; on the shelf; book shelf,Số nhiều: shelves.,warning:LEVEL_LEAK,must,ok,,,,,,,level_leak_ok
w-shell-verb,shell,verb,B2,Daily life,Comment & Crucial,/ʃˈɛl/,"bóc vỏ, lột vỏ",to remove the hard outer cover from food,She shelled the peanuts while we talked in the kitchen.,Cô ấy bóc vỏ đậu phộng trong lúc chúng tôi nói chuyện ở bếp.,It takes time to shell fresh peas for dinner.,Bóc vỏ đậu Hà Lan tươi cho bữa tối mất khá nhiều thời gian.,shell peas; shell nuts; shell shrimp,,sample,sample,ok,,,,,,,
w-shift-verb,shift,verb,B1,Work,Work Leading,/ʃˈɪft/,"dịch chuyển, thay đổi vị trí hoặc trọng tâm",to move something or change focus or direction,We need to shift the meeting to Friday.,Chúng ta cần chuyển cuộc họp sang thứ Sáu.,The team shifted to online work last year.,Năm ngoái nhóm chuyển sang làm trực tuyến.,shift focus; shift to; shift the schedule,,sample,sample,ok,,,,,,,
w-ship-noun,ship,noun,A1,Travel,Way & Place,/ʃˈɪp/,tàu thủy,a large boat that carries people or goods,We took a ship to the island last summer.,Hè ngoái chúng tôi đi tàu ra đảo.,The big ship left the port this morning.,Sáng nay con tàu lớn rời cảng.,by ship; cargo ship; on the ship,,warning:LEVEL_LEAK,must,ok,,,,,,,level_leak_ok
w-shirt-noun,shirt,noun,A1,Appearance,Button & Bag,/ʃˈɝt/,"áo sơ mi, áo phông",a piece of clothing for the upper body,He bought a new shirt for the interview.,Anh ấy mua áo mới để đi phỏng vấn.,This shirt is too big for me now.,Chiếc áo này giờ mình mặc hơi rộng.,white shirt; wear a shirt; T-shirt,,warning:LEVEL_LEAK,must,ok,,,,,,,level_leak_ok
w-short-adjective,short,adjective,A1,Appearance,Brand-new & Well-built,/ʃˈɔɹt/,"ngắn, thấp",not long in size or not tall in height,She has short hair and a friendly smile.,Cô ấy tóc ngắn và nụ cười thân thiện.,This skirt is too short for the office.,Chiếc váy này hơi ngắn để mặc đi làm.,short hair; too short; short person,,warning:LEVEL_LEAK,must,ok,,,,,,,level_leak_ok
w-simple-adjective,simple,adjective,A2,Daily life,Provide & Specific,/sˈɪmpəl/,"đơn giản, dễ",easy to understand or not complicated,The recipe is simple and quick.,Công thức nấu đơn giản và nhanh.,Please give a simple answer to this.,Hãy trả lời câu này một cách đơn giản.,simple answer; simple life; keep it simple,,warning:LEVEL_LEAK,must,ok,,,,,,,level_leak_ok
w-single-adjective,single,adjective,A2,People,People essentials,/sˈɪŋɡəl/,độc thân; một (mình),one only; not married or in a couple,He is single and lives alone.,Anh ấy độc thân và sống một mình.,I bought a single ticket for tonight.,Mình mua một vé đơn cho tối nay.,single person; single ticket; stay single,,sample,sample,ok,,,,,,,
w-sink-noun,sink,noun,A2,Home,Container & Bench,/sˈɪŋk/,bồn rửa,a bowl with a tap for washing in,Please wash the dishes in the sink.,Nhờ rửa bát trong bồn rửa nhé.,There is water in the kitchen sink.,Bồn rửa bếp còn nước.,kitchen sink; wash in the sink; clean the sink,,sample,sample,ok,,,,,,,
w-sir-noun,sir,noun,A1,Travel,Way & Place,/sˈɝ/,thưa ông; ngài (xưng hô lịch sự),a polite word for a man you do not know,"Excuse me, sir, where is gate five?","Thưa ông, cổng số năm ở đâu ạ?","Yes, sir, your room is ready now.","Vâng thưa ông, phòng của ông đã sẵn sàng.",yes sir; excuse me sir; dear sir,,warning:LEVEL_LEAK,must,ok,,,,,,,level_leak_ok
w-skate-noun,skate,noun,A2,Sports,Tune & Golf,/skˈeɪt/,giày trượt (băng hoặc patin),a boot with a blade or wheels for gliding,He bought new skates for ice practice.,Anh ấy mua giày trượt băng mới để luyện tập.,I lost one skate after the lesson yesterday.,Hôm qua sau buổi học mình làm mất một chiếc giày trượt.,ice skates; roller skates; a pair of skates,,warning:LEVEL_LEAK,must,ok,,,,,,,level_leak_ok
w-ski-noun,ski,noun,A2,Sports,Tune & Golf,/skˈi/,ván trượt tuyết,a long narrow board worn on feet in snow,He rented skis for the trip to the mountains.,Anh ấy thuê ván trượt tuyết cho chuyến lên núi.,One ski broke during the lesson on the hill.,Một chiếc ván trượt tuyết gãy trong buổi học trên đồi.,a pair of skis; rent skis; water ski,,warning:LEVEL_LEAK,must,ok,,,,,,,level_leak_ok
w-skin-noun,skin,noun,B1,Health,Back & Patient,/skˈɪn/,da (lớp bao bọc cơ thể),the natural outer layer covering your body,Use sunscreen to protect your skin in summer.,Hãy dùng kem chống nắng để bảo vệ da mùa hè.,Dry air can make your skin feel tight.,Không khí khô có thể khiến da căng.,dry skin; skin care; protect your skin,,sample,sample,ok,,,,,,,
w-skirt-noun,skirt,noun,A1,Appearance,Button & Bag,/skˈɝt/,váy,clothing worn from the waist down,She bought a new skirt for the party.,Cô ấy mua váy mới đi dự tiệc.,This blue skirt looks nice on you.,Chiếc váy xanh này mặc lên bạn đẹp đấy.,wear a skirt; short skirt; long skirt,,warning:LEVEL_LEAK,must,ok,,,,,,,level_leak_ok
w-sky-noun,sky,noun,A1,Home,Bed & Floor,/skˈaɪ/,bầu trời,the space above the earth you see outside,The sky is blue today from my window.,Từ cửa sổ hôm nay trời xanh đẹp.,I like to watch the sky at night.,Mình thích ngắm bầu trời ban đêm.,blue sky; clear sky; night sky,,warning:LEVEL_LEAK,must,ok,,,,,,,level_leak_ok
w-slow-adjective,slow,adjective,A1,Daily life,Closed & Visit,/slˈoʊ/,chậm,not fast; taking a long time,The bus is slow on this long road.,Xe buýt chạy chậm trên đoạn đường dài này.,Please speak slow so I can understand.,Bạn nói chậm lại để mình nghe hiểu nhé.,slow bus; too slow; slow day,,warning:LEVEL_LEAK,must,ok,,,,,,,level_leak_ok
w-slow-verb,slow,verb,B1,Daily life,Bar & Contain,/slˈoʊ/,"làm chậm lại, giảm tốc",to become slower or make something move less fast,Traffic slowed after the accident on the bridge.,"Sau tai nạn trên cầu, giao thông chậm lại.",Please slow your speech when you explain new ideas.,"Khi giải thích ý mới, hãy nói chậm lại.",slow down; traffic slowed; slow the pace,,sample,sample,ok,,,,,,,
w-smell-noun,smell,noun,A1,Food,Corn & Meal,/smˈɛl/,mùi,something you notice with your nose,The smell of soup makes me hungry.,Mùi canh làm mình thấy đói.,I love the smell of fresh bread.,Mình thích mùi bánh mì mới nướng.,good smell; bad smell; smell of food,,warning:LEVEL_LEAK,must,ok,,,,,,,level_leak_ok
w-smith-noun,smith,noun,A1,Work,Work & Work,/smˈɪθ/,"thợ rèn, thợ kim loại",a worker who shapes metal by heating and hitting it,The smith made a strong metal gate.,Người thợ rèn làm một cánh cổng kim loại chắc chắn.,A smith works with hot iron.,Thợ rèn làm việc với sắt nóng.,blacksmith; silver smith; skilled smith,craft worker (not a family surname),warning:LEVEL_LEAK,must,ok,,,,,,,level_leak_ok
w-smoke-noun,smoke,noun,A1,Food,Water & Water,/smˈoʊk/,"khói (từ lửa, nấu nướng)",gray gas that comes from fire or cooking,There is smoke from the kitchen grill.,Có khói bốc từ vỉ nướng trong bếp.,The smell of smoke filled the room.,Mùi khói tràn ngập cả căn phòng.,kitchen smoke; thick smoke; smell of smoke,,warning:LEVEL_LEAK,must,ok,,,,,,,level_leak_ok
w-smoke-verb,smoke,verb,A2,Health,Back & Hand,/smˈoʊk/,hút thuốc,to inhale fumes from cigarettes or tobacco,Please do not smoke inside this building.,Xin đừng hút thuốc trong tòa nhà này.,I try not to smoke when my kids visit.,"Khi các con sang chơi, mình cố không hút thuốc.",smoke cigarettes; do not smoke; smoke less,,warning:LEVEL_LEAK,must,ok,,,,,,,level_leak_ok
w-smoking-noun,smoking,noun,A1,Sports,Song & Star,/smˈoʊkɪŋ/,việc hút thuốc,the act of breathing in cigarette smoke,Smoking is not allowed in the stadium.,Trong sân vận động không được hút thuốc.,He stopped smoking before the big race.,Anh ấy bỏ hút thuốc trước giải chạy lớn.,no smoking; stop smoking; smoking area,,warning:LEVEL_LEAK,must,ok,,,,,,,level_leak_ok
w-smooth-adjective,smooth,adjective,A2,Daily life,Gradually & Raise,/smˈuð/,"nhẵn, mượt","even and flat, without rough bumps",The table has a smooth surface after cleaning.,"Sau khi lau, mặt bàn nhẵn và sạch.",This cream makes my skin feel smooth today.,Kem này làm da mình hôm nay mềm mượt hơn.,smooth surface; feel smooth; smooth road,,warning:LEVEL_LEAK,must,ok,,,,,,,level_leak_ok
w-snack-noun,snack,noun,A2,Food,Soda & Champagne,/snˈæk/,đồ ăn nhẹ,a small amount of food between main meals,I eat a small snack before the gym.,Trước khi tập gym mình ăn nhẹ một chút.,The kids shared a snack after their class.,Các bé chia nhau đồ ăn nhẹ sau giờ học.,have a snack; light snack; healthy snack,,warning:LEVEL_LEAK,must,ok,,,,,,,level_leak_ok
w-snowboarding-noun,snowboarding,noun,A2,Sports,Tune & Golf,,môn trượt tuyết trên ván,the sport of riding downhill on a snowboard,Snowboarding is new to many people here.,Trượt tuyết ván còn khá mới với nhiều người ở đây.,We tried snowboarding on our trip last year.,Năm ngoái chúng tôi thử trượt tuyết ván trong chuyến đi.,try snowboarding; go snowboarding; snowboarding lesson,,warning:IPA_MISSING,must,ok,,,,,,,ipa_missing_ok
w-sock-noun,sock,noun,A2,Shopping,Spoon & Mall,/sˈɑk/,"tất, vớ",soft clothing worn on the foot inside shoes,I need a new pair of warm socks.,Mình cần một đôi tất ấm mới.,One sock disappeared in the washing machine.,Một chiếc tất biến mất trong máy giặt.,pair of socks; warm socks; put on socks,,warning:LEVEL_LEAK,must,ok,,,,,,,level_leak_ok
w-soft-adjective,soft,adjective,A2,Appearance,Appearance Good-looking,/sˈɑft/,mềm,not hard; easy to press or bend,This pillow is very soft and comfortable.,Chiếc gối này rất mềm và thoải mái.,The bread stays soft if you wrap it well.,Bọc kỹ thì bánh mì vẫn mềm.,soft pillow; soft bread; soft voice,,warning:LEVEL_LEAK,must,ok,,,,,,,level_leak_ok
w-software-noun,software,noun,A2,Technology,Technology Out-of-date,/sˈɔftwˌɛɹ/,phần mềm,programs that run on computers and phones,We update the software on our laptop often.,Chúng tôi thường cập nhật phần mềm trên laptop.,This software helps me track my daily work.,Phần mềm này giúp mình theo dõi công việc hàng ngày.,install software; update software; computer software,,warning:LEVEL_LEAK,must,ok,,,,,,,level_leak_ok
w-soil-verb,soil,verb,B1,Nature,Plant & Growing,/sˈɔɪl/,"làm bẩn, làm dơ","to make something dirty, especially clothes or fabric",Be careful not to soil your shirt while cooking.,Nấu ăn cẩn thận để không làm bẩn áo nhé.,Rain can soil clean shoes on muddy paths.,Mưa có thể làm dơ giày sạch trên đường lầy.,soil your clothes; easily soiled; soil a shirt,Khác nghĩa danh từ đất (soil); động từ ít gặp hơn.,warning:LEVEL_LEAK,must,ok,,,,,,,level_leak_ok
w-solid-adjective,solid,adjective,B1,Daily life,Bar & Contain,/sˈɑləd/,"vững chắc, chắc chắn; đặc (không lỏng)","firm and strong, or hard rather than liquid",We need a solid plan before we start the project.,"Trước khi bắt đầu dự án, cần kế hoạch vững chắc.",The table feels solid and does not wobble.,Bàn cảm giác chắc và không rung.,solid plan; solid foundation; solid evidence,,sample,sample,ok,,,,,,,
w-sometimes-adverb,sometimes,adverb,B1,Daily life,View & Further,/səmtˈaɪmz/,"đôi khi, thỉnh thoảng",at some times but not always; now and then,Sometimes I walk to work when the weather is nice.,Thỉnh thoảng trời đẹp tôi đi bộ đi làm.,We sometimes eat out on Friday evenings.,Tối thứ Sáu đôi khi chúng tôi ăn ngoài.,sometimes feel; only sometimes; sometimes hard,,sample,sample,ok,,,,,,,
w-son-noun,son,noun,A1,People,People & Man,/sˈʌn/,con trai,a boy or man in relation to his parents,Their son studies at a local school.,Con trai họ học ở trường gần nhà.,My son called me from the train.,Con trai mình gọi từ trên tàu.,young son; only son; son and daughter,,warning:LEVEL_LEAK,must,ok,,,,,,,level_leak_ok
w-song-noun,song,noun,A1,Sports,Song & Star,/sˈɔŋ/,bài hát,music with words that people sing,They sing a song before the game starts.,Trước trận đấu họ hát một bài.,I know every song our team plays.,Mình thuộc mọi bài nhóm mình phát.,sing a song; team song; popular song,,sample,sample,ok,,,,,,,
w-sound-adjective,sound,adjective,B2,Communication,Communication essentials,/sˈaʊnd/,"hợp lý, vững chắc, đáng tin",sensible and based on good judgment,That is sound advice; you should follow it.,Đó là lời khuyên hợp lý; bạn nên làm theo.,We need a sound plan before we spend more money.,Chúng ta cần kế hoạch vững chắc trước khi chi thêm tiền.,sound advice; sound judgment; sound decision,Tính từ nghĩa hợp lý; khác danh từ/động từ sound (âm thanh).,sample,sample,ok,,,,,,,
w-soup-noun,soup,noun,A1,Food,Corn & Meal,/sˈup/,"súp, canh",hot liquid food with meat or vegetables,I had chicken soup for lunch.,Trưa nay tôi ăn súp gà.,This soup is hot and tasty.,Món canh này nóng và ngon.,chicken soup; bowl of soup; hot soup,,warning:LEVEL_LEAK,must,ok,,,,,,,level_leak_ok
w-spaceship-noun,spaceship,noun,A2,Travel,Crowd & Remote,/spˈeɪsʃˌɪp/,tàu vũ trụ,a vehicle used for travel in outer space,The film shows a small spaceship landing safely.,Phim có cảnh một tàu vũ trụ nhỏ hạ cánh an toàn.,Kids drew a picture of a spaceship today.,Hôm nay các bé vẽ một chiếc tàu vũ trụ.,board a spaceship; pilot a spaceship; model spaceship,,warning:LEVEL_LEAK,must,ok,,,,,,,level_leak_ok
w-spaghetti-noun,spaghetti,noun,A2,Food,Soda & Champagne,/spəɡˈɛti/,mì spaghetti,long thin pasta eaten with sauce,We had spaghetti with tomato sauce for dinner.,Tối nay cả nhà ăn mì spaghetti sốt cà chua.,She cooked spaghetti for the whole family tonight.,Tối nay cô ấy nấu mì spaghetti cho cả nhà.,spaghetti sauce; plate of spaghetti; cook spaghetti,,sample,sample,ok,,,,,,,
w-speaker-noun,speaker,noun,A2,People,Wealth & Queen,/spˈikɚ/,"người phát biểu, diễn giả",a person who gives a talk to an audience,The speaker talked about work skills for an hour.,Diễn giả nói về kỹ năng làm việc suốt một tiếng.,Please welcome our guest speaker this morning.,Xin chào mừng diễn giả khách sáng nay.,guest speaker; keynote speaker; native speaker,,sample,sample,ok,,,,,,,
w-specific-adjective,specific,adjective,A2,Daily life,Provide & Specific,/spəsˈɪfɪk/,"cụ thể, rõ ràng","clear and exact, not general",Please give a specific date for the meeting.,Cho mình một ngày cụ thể để họp nhé.,I need specific details before I can help you.,Mình cần chi tiết rõ ràng thì mới giúp được bạn.,specific reason; specific time; be more specific,,warning:LEVEL_LEAK,must,ok,,,,,,,level_leak_ok
w-speech-noun,speech,noun,A1,Society,Social & Right,/spˈitʃ/,bài phát biểu; lời nói,formal talk given to a group of people,He gave a short speech at work.,Anh ấy phát biểu ngắn ở chỗ làm.,Her speech was easy to understand.,Bài phát biểu của cô ấy dễ hiểu.,give a speech; short speech; welcome speech,,warning:LEVEL_LEAK,must,ok,,,,,,,level_leak_ok
w-speed-verb,speed,verb,B1,Daily life,Measure & Rise,/spˈid/,"tăng tốc, đi nhanh hơn",to move or happen faster than before,Drivers must not speed near the hospital zone.,Lái xe không được chạy quá tốc gần khu bệnh viện.,The team will speed up delivery after many complaints.,"Sau nhiều phàn nàn, nhóm sẽ giao hàng nhanh hơn.",speed up; do not speed; speed past,Quá khứ thường gặp: sped hoặc speeded.,sample,sample,ok,,,,,,,
w-split-adjective,split,adjective,A2,Daily life,Split & Belong,/splˈɪt/,chia đôi; không thống nhất (ý kiến),divided into parts or not in agreement,The team is split on this new plan.,Đội đang chia rẽ về kế hoạch mới này.,We paid with a split bill at lunch today.,Hôm nay trưa chúng tôi chia hóa đơn để trả.,split decision; split bill; evenly split,,warning:LEVEL_LEAK,must,ok,,,,,,,level_leak_ok
w-spy-noun,spy,noun,A1,People,Mrs & Aunt,/spˈaɪ/,"gián điệp, điệp viên",a person who secretly gets information,The spy in the film is very quiet.,Điệp viên trong phim rất kín đáo.,A spy must not tell the truth.,Gián điệp không được nói thật.,secret spy; spy film; foreign spy,,warning:LEVEL_LEAK,must,ok,,,,,,,level_leak_ok
w-staff-noun,staff,noun,A2,People,People essentials,/stˈæf/,"nhân viên, đội ngũ",all the people who work for an organization,The hotel staff were very kind to us.,Nhân viên khách sạn đối với chúng tôi rất thân thiện.,Office staff must wear badges at work.,Nhân viên văn phòng phải đeo thẻ khi làm việc.,hotel staff; medical staff; staff meeting,,sample,sample,ok,,,,,,,
w-stage-noun,stage,noun,A1,Sports,Program & Practice,/stˈeɪdʒ/,sân khấu,a raised place where people perform,The team walked onto the stage.,Đội bước lên sân khấu.,There are lights above the stage.,Phía trên sân khấu có đèn.,on stage; on the stage; leave the stage,,warning:LEVEL_LEAK,must,ok,,,,,,,level_leak_ok
w-star-noun,star,noun,A1,Sports,Song & Star,/stˈɑɹ/,ngôi sao; ngôi sao thể thao,a famous and very good player,He is a star on our team.,Anh ấy là ngôi sao của đội chúng tôi.,The star scored two goals today.,Ngôi sao hôm nay ghi hai bàn.,sports star; team star; big star,,sample,sample,ok,,,,,,,
w-state-noun,state,noun,A2,Society,State & Right,/stˈeɪt/,"nhà nước, quốc gia",an independent country with its own government,Every state has its own laws and leaders.,Mỗi quốc gia đều có luật và lãnh đạo riêng.,The state built new schools in rural areas.,Nhà nước đã xây trường mới ở vùng nông thôn.,member state; nation state; state law,,warning:LEVEL_LEAK,must,ok,,,,,,,level_leak_ok
w-state-verb,state,verb,B2,Society,State & State,/stˈeɪt/,"phát biểu, nêu rõ",to say or write something clearly and formally,The rules state that phones must stay off during meetings.,Quy định nêu rõ điện thoại phải tắt trong cuộc họp.,He stated his full name at the front desk yesterday.,Hôm qua anh ấy nêu đầy đủ họ tên ở quầy lễ tân.,clearly state; state a fact; rules state,,sample,sample,ok,,,,,,,
w-station-noun,station,noun,A1,Travel,Way & Place,/stˈeɪʃən/,"nhà ga, bến xe",a place where trains or buses stop,We meet at the train station.,Chúng ta gặp nhau ở nhà ga.,The bus station is near my home.,Bến xe buýt ở gần nhà tôi.,train station; bus station; at the station,,sample,sample,ok,,,,,,,
w-statistics-noun,statistics,noun,B2,School,Research & Test,/stətˈɪstɪks/,"thống kê, số liệu thống kê",numbers that show information about a topic or group,I need reliable statistics for my economics report this week.,Tuần này mình cần số liệu thống kê đáng tin cho bài báo cáo kinh tế.,The statistics show fewer road accidents than last year.,Số liệu cho thấy tai nạn giao thông ít hơn năm ngoái.,official statistics; crime statistics; according to statistics,,sample,sample,ok,,,,,,,
w-stay-verb,stay,verb,A1,Daily life,Live & Big,/stˈeɪ/,"ở lại, nghỉ lại",to remain in a place and not leave,I will stay at home tonight.,Tối nay tôi ở nhà.,Please stay here until I return.,Hãy ở đây đến khi tôi quay lại.,stay home; stay here; stay at,,warning:LEVEL_LEAK,must,ok,,,,,,,level_leak_ok
w-steak-noun,steak,noun,A2,Food,Soda & Champagne,/stˈeɪk/,"bít tết, miếng thịt bò nướng",a thick slice of beef cooked for eating,He ordered a steak with salad for lunch.,Anh ấy gọi bít tết kèm salad cho bữa trưa.,The steak was too tough for me to chew.,"Miếng bít tết dai quá, tôi nhai không nổi.",grilled steak; steak dinner; medium steak,,warning:LEVEL_LEAK,must,ok,,,,,,,level_leak_ok
w-step-verb,step,verb,A1,Daily life,Live & Big,/stˈɛp/,"bước, bước chân",to move by lifting and putting down a foot,Please step away from the door.,Làm ơn bước ra xa cửa.,She stepped onto the bus carefully.,Cô ấy cẩn thận bước lên xe buýt.,step back; step inside; step on,,warning:LEVEL_LEAK,must,ok,,,,,,,level_leak_ok
w-still-adjective,still,adjective,A1,Daily life,Both & Same,/stˈɪl/,"yên, đứng im",not moving or making any sound,The water in the lake is still.,Nước hồ yên lặng.,Please stand still for the photo.,Chụp ảnh thì đứng yên nhé.,stand still; still water; keep still,Khác nghĩa trạng từ still (vẫn còn),warning:LEVEL_LEAK,must,ok,,,,,,,level_leak_ok
w-stomachache-noun,stomachache,noun,A2,Health,Back & Hand,,"đau bụng, đau dạ dày",pain in the area below your chest,She stayed home because of a bad stomachache.,Cô ấy nghỉ ở nhà vì đau bụng dữ lắm.,Warm tea can help with a mild stomachache.,Trà ấm có thể giúp khi đau bụng nhẹ.,bad stomachache; have a stomachache; mild stomachache,,warning:LEVEL_LEAK|warning:IPA_MISSING,must,ok,,,,,,,ipa_missing_ok
w-stop-verb,stop,verb,A1,Daily life,Live & Big,/stˈɑp/,"dừng lại, ngừng",to not continue moving or doing something,The bus stops near my office.,Xe buýt dừng gần văn phòng tôi.,Please stop talking in class now.,Trong lớp làm ơn ngừng nói chuyện.,stop here; bus stops; stop working,,warning:LEVEL_LEAK,must,ok,,,,,,,level_leak_ok
w-straight-adjective,straight,adjective,A2,Daily life,Apply & Accept,/stɹˈeɪt/,"thẳng; thẳng thắn, rõ ràng",not bent or curved; honest and clear,Draw a straight line on the paper.,Vẽ một đường thẳng trên giấy.,Please give me a straight answer today.,Hôm nay bạn trả lời thẳng thắn giúp mình nhé.,straight line; straight answer; go straight,,warning:LEVEL_LEAK,must,ok,,,,,,,level_leak_ok
w-strange-adjective,strange,adjective,A1,Feelings,Like & Want,/stɹˈeɪndʒ/,"lạ, kỳ quái",not normal or hard to understand,That is a strange noise outside.,Bên ngoài có tiếng động lạ.,I feel strange after that long trip.,Sau chuyến đi dài tôi thấy hơi lạ người.,feel strange; strange noise; very strange,,warning:LEVEL_LEAK,must,ok,,,,,,,level_leak_ok
w-street-noun,street,noun,A1,Home,World & Case,/stɹˈit/,đường phố,a road in a town with buildings,Our house is on a quiet street.,Nhà chúng tôi ở trên một con phố yên tĩnh.,Cross the street at the lights.,Sang đường ở chỗ có đèn giao thông.,on the street; quiet street; cross the street,,warning:LEVEL_LEAK,must,ok,,,,,,,level_leak_ok
w-stress-verb,stress,verb,B2,Health,Health essentials,/stɹˈɛs/,nhấn mạnh,to give special importance or attention to something,The doctor will stress the need for rest after surgery.,Bác sĩ sẽ nhấn mạnh cần nghỉ ngơi sau phẫu thuật.,Please stress this safety rule in your team briefing.,Hãy nhấn mạnh quy tắc an toàn này trong buổi họp nhóm.,stress the importance; stress that; stress a point,,sample,sample,ok,,,,,,,
w-strict-adjective,strict,adjective,A1,School,Copy & Poem,/stɹˈɪkt/,nghiêm khắc,expecting people to follow rules closely,Our teacher is strict about homework.,Thầy cô nghiêm về bài tập về nhà.,My parents are strict but kind.,Bố mẹ tôi nghiêm nhưng tốt bụng.,strict teacher; strict rules; very strict,,warning:LEVEL_LEAK,must,ok,,,,,,,level_leak_ok
w-strong-adjective,strong,adjective,A1,Health,Back & Back,/stɹˈɔŋ/,"khỏe, mạnh",having good health or physical power,He is strong enough to carry boxes.,Anh ấy đủ sức để bưng thùng.,Drink milk to stay strong and healthy.,Uống sữa để khỏe mạnh.,strong body; stay strong; strong enough,,warning:LEVEL_LEAK,must,ok,,,,,,,level_leak_ok
w-studio-noun,studio,noun,B1,Travel,Delay & Vehicle,/stˈudiˌoʊ/,căn hộ studio; phòng thu,"a small flat with one main room, or a work room",We booked a studio near the station for three nights.,Chúng tôi đặt căn studio gần ga trong ba đêm.,The studio has a kitchenette and a comfortable bed.,Căn studio có bếp nhỏ và giường thoải mái.,rent a studio; studio apartment; art studio,,sample,sample,ok,,,,,,,
w-succeed-verb,succeed,verb,A2,Daily life,Split & Belong,/səksˈid/,"thành công, đạt được mục tiêu",to achieve what you tried to do,"If you work hard, you can succeed.","Nếu chăm chỉ, bạn có thể thành công.",We succeed when we help each other.,Chúng ta thành công khi hỗ trợ lẫn nhau.,succeed in; succeed at work; hope to succeed,,sample,sample,ok,,,,,,,
w-sugar-noun,sugar,noun,A1,Food,Water & Water,/ʃˈʊɡɚ/,đường,sweet white or brown stuff used in food and drinks,Do you want sugar in your coffee today?,Hôm nay cà phê của bạn có cho đường không?,Too much sugar is not good for health.,Ăn quá nhiều đường không tốt cho sức khỏe.,a spoon of sugar; too much sugar; sugar and milk,,warning:LEVEL_LEAK,must,ok,,,,,,,level_leak_ok
w-suicide-noun,suicide,noun,B1,Society,Criminal & Democracy,/sˈuəsˌaɪd/,tự tử,the act of intentionally ending one's own life,The report calls for better support to prevent suicide.,Báo cáo kêu gọi hỗ trợ tốt hơn để phòng ngừa tự tử.,Hotlines offer help to people thinking about suicide.,Đường dây nóng hỗ trợ người có ý định tự tử.,prevent suicide; suicide prevention; risk of suicide,,warning:BANNED,must,drop,,,,,,,sensitive_suicide
w-suit-noun,suit,noun,A2,Shopping,Suit & Mirror,/sˈut/,"bộ com-lê, bộ vest",matching jacket and trousers for formal wear,He wore a dark suit to the interview.,Anh ấy mặc com-lê tối màu đi phỏng vấn.,This suit fits well and looks smart.,Bộ vest này vừa vặn và trông lịch sự.,wear a suit; dark suit; business suit,,sample,sample,ok,,,,,,,
w-sun-noun,sun,noun,A1,Nature,Sun & Cold,/sˈʌn/,mặt trời,the bright star that gives light and heat to Earth,The sun is very hot this afternoon.,Chiều nay trời nắng rất nóng.,We sat in the sun after lunch today.,Hôm nay sau bữa trưa chúng tôi ngồi phơi nắng.,in the sun; the sun rises; hot sun,,warning:LEVEL_LEAK,must,ok,,,,,,,level_leak_ok
w-sunglasses-noun,sunglasses,noun,A2,Shopping,Spoon & Mall,/sˈʌnɡlˌæsɪz/,"kính râm, kính mát",dark glasses worn to protect your eyes from sun,I always wear sunglasses on sunny days.,Trời nắng mình luôn đeo kính râm.,She left her sunglasses on the kitchen table.,Cô ấy để quên kính mát trên bàn bếp.,wear sunglasses; pair of sunglasses; dark sunglasses,,warning:LEVEL_LEAK,must,ok,,,,,,,level_leak_ok
w-superintendent-noun,superintendent,noun,B2,Work,Employer & Commander,/sˌupɚəntˈɛndənt/,người quản lý tòa nhà; giám đốc điều hành,a person who manages a building or runs an organization,The superintendent fixed the broken elevator in our building.,Người quản lý tòa nhà đã sửa thang máy hỏng.,Ask the superintendent about parking rules for visitors.,Hỏi quản lý tòa nhà về quy định đỗ xe cho khách.,building superintendent; school superintendent; call the superintendent,,sample,sample,ok,,,,,,,
w-supermarket-noun,supermarket,noun,A1,Shopping,Card & Spend,/sˈupɚmˌɑɹkɪt/,siêu thị,a large shop that sells food and household goods,I buy rice at the supermarket.,Mình mua gạo ở siêu thị.,The supermarket closes at ten.,Siêu thị đóng cửa lúc mười giờ.,at the supermarket; local supermarket; supermarket aisle,,warning:LEVEL_LEAK,must,ok,,,,,,,level_leak_ok
w-superstar-noun,superstar,noun,A2,Media,Well-known & Original,/sˌupɚstˈɑɹ/,"siêu sao, ngôi sao nổi tiếng",a very famous and successful performer or athlete,The superstar sang two songs at the show.,Siêu sao hát hai bài trong buổi biểu diễn.,Many fans waited to see the superstar arrive.,Nhiều fan chờ xem siêu sao đến.,global superstar; music superstar; become a superstar,,sample,sample,ok,,,,,,,
w-support-noun,support,noun,A2,Daily life,Century & Further,/səpˈɔɹt/,"sự hỗ trợ, giúp đỡ",help or encouragement given to someone,Thank you for your support this busy week.,Cảm ơn bạn đã hỗ trợ mình tuần bận rộn này.,The team needs more support from management.,Đội cần thêm sự hỗ trợ từ ban quản lý.,need support; give support; family support,,warning:LEVEL_LEAK,must,ok,,,,,,,level_leak_ok
w-support-verb,support,verb,B1,Daily life,View & Further,/səpˈɔɹt/,"hỗ trợ, ủng hộ",to help someone or keep something going,My family always supports me when work gets stressful.,Gia đình luôn ủng hộ tôi khi công việc căng thẳng.,This app can support up to ten users on one plan.,Ứng dụng này hỗ trợ tối đa mười người dùng trên một gói.,support a family; support financially; strongly support,,sample,sample,ok,,,,,,,
w-surprising-adjective,surprising,adjective,A2,Feelings,Need & Feel,/sɚpɹˈaɪzɪŋ/,"đáng ngạc nhiên, bất ngờ",causing someone to feel unexpected wonder,The test results were surprising but good.,Kết quả kiểm tra bất ngờ nhưng tốt.,It is surprising how fast the city changed.,Thật đáng ngạc nhiên khi thành phố đổi nhanh thế.,quite surprising; surprising news; not surprising,,sample,sample,ok,,,,,,,
w-suspicion-noun,suspicion,noun,B1,Society,Society Immigration,/səspˈɪʃən/,sự nghi ngờ,a feeling that someone may have done something wrong,She raised suspicion by leaving the files unlocked.,Cô ấy gây nghi ngờ vì để hồ sơ không khóa.,There is strong suspicion of fraud in the report.,Báo cáo cho thấy nghi ngờ mạnh về gian lận.,under suspicion; arouse suspicion; strong suspicion,,sample,sample,ok,,,,,,,
w-sweater-noun,sweater,noun,A2,Shopping,Spoon & Mall,/swˈɛtɚ/,"áo len, áo nỉ",a warm knitted top worn on the upper body,I bought a new sweater for cold mornings.,Mình mua áo len mới cho buổi sáng lạnh.,Please put on a sweater before you go out.,Ra ngoài trước hãy mặc áo len nhé.,wear a sweater; warm sweater; wool sweater,,warning:LEVEL_LEAK,must,ok,,,,,,,level_leak_ok
w-sweet-adjective,sweet,adjective,A1,Food,Water & Water,/swˈit/,ngọt,having a taste like sugar or honey,This cake is too sweet for me.,Bánh này với mình hơi ngọt quá.,The fruit is sweet and fresh today.,Hôm nay trái cây ngọt và tươi.,too sweet; sweet taste; sweet and sour,,warning:LEVEL_LEAK,must,ok,,,,,,,level_leak_ok
w-sweetheart-noun,sweetheart,noun,A2,People,Envy & Dislike,/swˈithˌɑɹt/,"người yêu; em yêu, anh yêu (thân mật)","a person you love, used as a kind term",He called his partner sweetheart on the phone.,Anh ấy gọi người yêu là em yêu qua điện thoại.,"Good night, sweetheart, sleep well tonight.","Chúc ngủ ngon, em yêu, nghỉ thật đã nhé.",my sweetheart; call someone sweetheart; dear sweetheart,,sample,sample,ok,,,,,,,
w-swimsuit-noun,swimsuit,noun,A2,Shopping,Spoon & Mall,/swˈɪmsˌut/,đồ bơi,clothing worn for swimming in a pool or sea,She packed a swimsuit for the beach trip.,Cô ấy mang đồ bơi cho chuyến đi biển.,I need a new swimsuit before summer starts.,Trước hè mình cần mua đồ bơi mới.,pack a swimsuit; new swimsuit; wear a swimsuit,,warning:LEVEL_LEAK,must,ok,,,,,,,level_leak_ok
w-t-shirt-noun,t-shirt,noun,A1,Appearance,Brand-new & Well-built,/tˈiʃˌɝt/,áo phông,a casual shirt with short sleeves and no collar,He wore a blue t-shirt to the party.,Anh ấy mặc áo phông xanh dương đi dự tiệc.,I need a clean t-shirt for tomorrow.,Ngày mai mình cần một chiếc áo phông sạch.,wear a t-shirt; clean t-shirt; cotton t-shirt,Also: tee-shirt,warning:LEVEL_LEAK,must,ok,,,,,,,level_leak_ok
w-tale-noun,tale,noun,B1,Media,Ad & Copyright,/tˈeɪl/,"câu chuyện, truyện kể","a story, often old or imaginary",The film is based on a famous old tale.,Bộ phim dựa trên một câu chuyện cổ nổi tiếng.,She told a funny tale about her first job.,Cô ấy kể một câu chuyện vui về công việc đầu tiên.,a fairy tale; tell a tale; an old tale,,sample,sample,ok,,,,,,,
w-tap-noun,tap,noun,A2,Home,Container & Bench,/tˈæp/,"vòi nước (bếp, phòng tắm)",a device that controls the flow of water,Please turn off the tap after you wash.,Rửa xong nhớ tắt vòi nước giúp nhé.,Hot water comes from the tap in the kitchen.,Nước nóng chảy từ vòi trong bếp.,turn on the tap; kitchen tap; tap water,Trong tiếng Anh Anh là tap; tiếng Anh Mỹ thường nói faucet.,warning:LEVEL_LEAK,must,ok,,,,,,,level_leak_ok
w-tape-noun,tape,noun,A2,Shopping,Suit & Mirror,/tˈeɪp/,"băng dính, băng keo",sticky material used to join or seal things,I need tape to fix this broken box.,Mình cần băng keo để dán cái hộp bị hỏng.,She put tape on the torn page carefully.,Cô ấy cẩn thận dán băng keo lên trang bị rách.,sticky tape; roll of tape; tape a box,,warning:LEVEL_LEAK,must,ok,,,,,,,level_leak_ok
w-teach-verb,teach,verb,A1,School,Copy & Poem,/tˈitʃ/,dạy,to help someone learn skills or knowledge,She teaches English at a small school.,Cô ấy dạy tiếng Anh ở một trường nhỏ.,My dad teaches me to cook on weekends.,Cuối tuần bố dạy mình nấu ăn.,teach English; teach children; teach at school,Bất quy tắc: teach / taught / taught,sample,sample,ok,,,,,,,
w-teaching-noun,teaching,noun,B1,School,School Development,/tˈitʃɪŋ/,"việc dạy học, sự giảng dạy",the work of helping students learn in school,Her teaching style makes hard topics easier to follow.,Cách dạy của cô ấy giúp chủ đề khó dễ theo hơn.,Good teaching needs patience and clear examples.,Dạy học tốt cần kiên nhẫn và ví dụ rõ ràng.,language teaching; online teaching; good teaching,,sample,sample,ok,,,,,,,
w-technical-adjective,technical,adjective,B2,Technology,Technology Out-of-date,/tˈɛknɪkəl/,"kỹ thuật, chuyên môn","relating to machines, science, or special skills",I had a technical problem with my laptop after the update.,"Sau bản cập nhật, laptop của mình gặp sự cố kỹ thuật.",The manual uses very technical language for beginners.,Sách hướng dẫn dùng ngôn ngữ chuyên môn khá khó cho người mới.,technical support; technical issue; technical skills,,sample,sample,ok,,,,,,,
w-technology-noun,technology,noun,A1,Work,Work & Work,/tɛknˈɑlədʒi/,công nghệ,"tools, machines, and methods using modern science",New technology helps us work from home.,Công nghệ mới giúp chúng tôi làm việc ở nhà.,He works in technology at a big company.,Anh ấy làm trong lĩnh vực công nghệ ở công ty lớn.,new technology; modern technology; information technology,,warning:LEVEL_LEAK,must,ok,,,,,,,level_leak_ok
w-telephone-noun,telephone,noun,A1,Home,Bed & Floor,/tˈɛləfˌoʊn/,điện thoại,a device you use to talk to people far away,The telephone is on the desk in my room.,Điện thoại để trên bàn trong phòng mình.,Please answer the telephone when it rings.,Điện thoại reo thì nhờ bạn nghe máy giúp.,answer the telephone; telephone number; on the telephone,Hàng ngày hay nói phone thay cho telephone.,warning:LEVEL_LEAK,must,ok,,,,,,,level_leak_ok
w-temple-noun,temple,noun,A1,People,Girl & Address,/tˈɛmpəl/,"đền, chùa",a building for prayer or religious worship,We visited a temple last weekend.,Cuối tuần rồi chúng tôi đi thăm một ngôi chùa.,The old temple is very beautiful.,Ngôi chùa cổ rất đẹp.,visit a temple; old temple; temple gate,,warning:LEVEL_LEAK,must,ok,,,,,,,level_leak_ok
w-tennis-noun,tennis,noun,A1,Sports,Pop & Recreation,/tˈɛnəs/,môn quần vợt,a sport where two players hit a ball over a net,Do you want to play tennis tomorrow?,Ngày mai bạn có muốn chơi quần vợt không?,She likes watching tennis on TV.,Cô ấy thích xem quần vợt trên TV.,play tennis; tennis court; watch tennis,,warning:LEVEL_LEAK,must,ok,,,,,,,level_leak_ok
w-terminal-noun,terminal,noun,B1,Shopping,Shop & Bureau,/tˈɝmənəl/,"máy thanh toán (POS), quầy thu ngân",a machine in a shop that processes card payments,Please tap your card on the terminal here.,Vui lòng chạm thẻ vào máy thanh toán ở đây.,The terminal was broken so we paid in cash.,Máy POS hỏng nên chúng tôi trả tiền mặt.,card terminal; payment terminal; use the terminal,Ở sân bay “terminal” là nhà ga; ở đây là máy thanh toán.,sample,sample,ok,,,,,,,
w-terrible-adjective,terrible,adjective,A1,Feelings,Like & Want,/tˈɛɹəbəl/,"tệ, kinh khủng",very bad or unpleasant,I had a terrible day at work.,Hôm nay đi làm mình gặp một ngày tệ.,The weather is terrible today.,Hôm nay thời tiết rất tệ.,feel terrible; terrible weather; look terrible,,sample,sample,ok,,,,,,,
w-terrorism-noun,terrorism,noun,B1,Society,Society Immigration,/tˈɛɹɚˌɪzəm/,khủng bố (hành vi),violence used to frighten people for political aims,The news reported on efforts to stop terrorism.,Tin tức đưa về nỗ lực chống khủng bố.,Many countries work together against terrorism.,Nhiều nước phối hợp chống khủng bố.,fight terrorism; terrorism threat; combat terrorism,,sample,sample,drop,,,,,,,sensitive_terrorism
w-terrorist-noun,terrorist,noun,B1,Society,Society Immigration,/tˈɛɹɚɪst/,kẻ khủng bố,a person who uses violence to scare the public,Police arrested a suspect linked to a terrorist group.,Cảnh sát bắt nghi phạm liên quan nhóm khủng bố.,The article did not name the terrorist.,Bài báo không nêu tên kẻ khủng bố.,terrorist attack; terrorist group; suspected terrorist,,warning:BANNED,must,drop,,,,,,,sensitive_terrorist
w-test-noun,test,noun,A1,School,Know & Study,/tˈɛst/,"bài kiểm tra, bài thi",questions used to check what you know,We have a math test on Friday.,Thứ Sáu lớp mình có bài kiểm tra toán.,She passed the test easily.,Cô ấy làm bài thi dễ dàng.,take a test; pass a test; math test,,warning:LEVEL_LEAK,must,ok,,,,,,,level_leak_ok
w-text-noun,text,noun,A2,School,University & Study,/tˈɛkst/,"văn bản, đoạn chữ (trong sách, bài học)","written words in a book, message, or document",Please read the text on page ten tonight.,Tối nay hãy đọc đoạn văn ở trang mười nhé.,This text is hard to understand at first.,Ban đầu đoạn văn này hơi khó hiểu.,read the text; main text; short text,,warning:LEVEL_LEAK,must,ok,,,,,,,level_leak_ok
w-than-preposition,than,preposition,A1,Grammar words,Grammar words essentials,/ðˈæn/,hơn (so với),used after comparatives to show a difference,She is taller than her brother.,Cô ấy cao hơn em trai.,This bag is lighter than that one.,Chiếc túi này nhẹ hơn chiếc kia.,older than; cheaper than; faster than,,warning:LEVEL_LEAK,must,ok,,,,,,,level_leak_ok
w-that-conjunction,that,conjunction,A1,Grammar words,Grammar words essentials,/ðˈæt/,rằng (nối hai mệnh đề),links a smaller clause to the main idea,I hope that you feel better soon.,Tôi hy vọng bạn sớm khỏe hơn.,She said that she was busy today.,Cô ấy nói hôm nay bận.,know that; think that; say that,,warning:LEVEL_LEAK,must,ok,,,,,,,level_leak_ok
w-then-adverb,then,adverb,A1,Daily life,Not & There,/ðˈɛn/,"rồi, sau đó; lúc đó","at that time, or next in order","We ate dinner, then watched a film.",Chúng tôi ăn tối rồi xem phim.,"I was young then, but happy.",Lúc đó tôi còn trẻ nhưng vui.,and then; just then; since then,,warning:LEVEL_LEAK,must,ok,,,,,,,level_leak_ok
w-there-adverb,there,adverb,A1,Daily life,Not & There,/ðˈɛɹ/,"ở đó, tại đó",in or at that place,My keys are over there on the table.,Chìa khóa của tôi ở trên bàn kia.,There is a shop near our house.,Gần nhà chúng tôi có một cửa hàng.,over there; go there; right there,,sample,sample,ok,,,,,,,
w-though-adverb,though,adverb,B2,Grammar words,Up & Between,/ðˈoʊ/,"tuy nhiên, dù vậy (thường ở cuối câu)","used to show contrast, often at sentence end","The plan sounds good. It may cost too much, though.",Kế hoạch nghe ổn đấy. Tuy nhiên có thể tốn hơn dự kiến.,"I do not agree. I respect your view, though.",Tôi không đồng ý. Dù vậy tôi vẫn tôn trọng quan điểm của bạn.,even though; as though; though not,Khác với although ở đầu mệnh đề; though thường đứng cuối câu khi mang nghĩa tuy nhiên.,sample,sample,ok,,,,,,,
w-throw-verb,throw,verb,A2,Sports,Sports essentials,/θɹˈoʊ/,"ném, quăng",to send something through the air with your hand,Please throw the ball to your friend gently.,Nhẹ tay ném bóng cho bạn của bạn nhé.,Do not throw trash on the street after work.,Sau giờ làm đừng vứt rác ra đường.,throw a ball; throw away; throw hard,Bất quy tắc: throw / threw / thrown.,warning:LEVEL_LEAK,must,ok,,,,,,,level_leak_ok
w-thunder-noun,thunder,noun,B1,Nature,Plant & Growing,/θˈʌndɚ/,"sấm, tiếng sấm",the loud noise in the sky during a storm,We heard thunder and decided to stay indoors.,Chúng tôi nghe tiếng sấm và ở trong nhà.,The thunder woke the baby in the night.,Tiếng sấm đánh thức em bé ban đêm.,roll of thunder; thunder and lightning; distant thunder,,sample,sample,ok,,,,,,,
w-thunderstorm-noun,thunderstorm,noun,A2,Nature,Nature Natural,/θˈʌndɚstˌɔɹm/,"giông bão, mưa giông","a storm with thunder, lightning, and heavy rain",A thunderstorm woke us up late last night.,Đêm qua mưa giông đánh thức chúng tôi dậy muộn.,The thunderstorm stopped after about one hour.,Cơn mưa giông ngớt sau khoảng một tiếng.,heavy thunderstorm; during a thunderstorm; thunderstorm warning,,warning:LEVEL_LEAK,must,ok,,,,,,,level_leak_ok
w-ticket-noun,ticket,noun,A1,Sports,Pop & Recreation,/tˈɪkət/,vé,a paper or pass that lets you enter,I bought a ticket for the match.,Tôi mua vé xem trận đấu.,"Show your ticket at the door, please.",Vui lòng xuất trình vé ở cửa.,buy a ticket; train ticket; show your ticket,,warning:LEVEL_LEAK,must,ok,,,,,,,level_leak_ok
w-tie-noun,tie,noun,A2,Appearance,Appearance Good-looking,/tˈaɪ/,cà vạt,a long narrow piece of cloth worn around the neck,He wore a blue tie to the job interview.,Anh ấy đeo cà vạt xanh đi phỏng vấn.,My tie matches my shirt colour today.,Hôm nay cà vạt của tôi hợp màu áo sơ mi.,wear a tie; blue tie; loosen your tie,British spelling: colour (US: color).,warning:LEVEL_LEAK,must,ok,,,,,,,level_leak_ok
w-to-preposition,to,preposition,A1,Grammar words,Grammar words essentials,/tˈu/,"đến, tới; hướng về","toward a place, person, or direction",We go to school by bus.,Chúng tôi đi học bằng xe buýt.,Give this letter to my manager.,Gửi giúp lá thư này cho quản lý của tôi.,go to; talk to; listen to,,warning:LEVEL_LEAK,must,ok,,,,,,,level_leak_ok
w-tomato-noun,tomato,noun,A1,Food,Potato & Bean,/təmˈeɪtˌoʊ/,quả cà chua,a soft red fruit used in cooking and salad,I put tomato in the soup today.,Hôm nay tôi cho cà chua vào súp.,She bought fresh tomato at the market.,Cô ấy mua cà chua tươi ở chợ.,fresh tomato; chop tomato; tomato soup,,warning:LEVEL_LEAK,must,ok,,,,,,,level_leak_ok
w-too-adverb,too,adverb,A1,Daily life,Both & Same,/tˈu/,quá; cũng,more than enough; or as well,This coffee is too hot for me.,Cà phê này với mình quá nóng.,"I want to go too, if possible.",Nếu được mình cũng muốn đi.,too much; too many; me too,,warning:LEVEL_LEAK,must,ok,,,,,,,level_leak_ok
w-tool-noun,tool,noun,A1,Home,Bed & Floor,/tˈul/,"dụng cụ, công cụ",something you hold to fix or make things,I need a tool to fix this door.,Mình cần dụng cụ để sửa cánh cửa này.,Dad keeps his tools in the garage.,Bố cất dụng cụ trong nhà để xe.,hand tool; use a tool; tool box,,warning:LEVEL_LEAK,must,ok,,,,,,,level_leak_ok
w-toothache-noun,toothache,noun,A2,Health,Back & Hand,,đau răng,pain in or around a tooth,He stayed home today because of toothache.,Hôm nay anh ấy nghỉ ở nhà vì đau răng.,Warm tea helps when I have bad toothache.,"Khi đau răng nặng, trà ấm giúp tôi đỡ hơn.",have toothache; bad toothache; toothache pain,,warning:IPA_MISSING,must,ok,,,,,,,ipa_missing_ok
w-touch-verb,touch,verb,B1,Daily life,Release & Obviously,/tˈʌtʃ/,"chạm, sờ; liên lạc",to put your hand on something; to contact someone,Please do not touch the hot pan.,Xin đừng chạm vào chảo nóng.,I will touch base with you tomorrow.,Ngày mai mình sẽ liên lạc lại với bạn.,touch base; do not touch; keep in touch,,sample,sample,ok,,,,,,,
w-tower-noun,tower,noun,A1,Home,Kitchen & Hole,/tˈaʊɚ/,"tháp, tòa tháp",a very tall narrow building or structure,That tall tower is near our hotel.,Tòa tháp cao kia gần khách sạn chúng ta.,We saw an old clock tower today.,Hôm nay chúng tôi thấy tháp đồng hồ cổ.,clock tower; tall tower; tower block,,warning:LEVEL_LEAK,must,ok,,,,,,,level_leak_ok
w-toy-noun,toy,noun,A1,Home,Kitchen & Hole,/tˈɔɪ/,đồ chơi,something a child plays with for fun,The child left a toy on the floor.,Bé để đồ chơi trên sàn nhà.,I bought a toy for my nephew yesterday.,Hôm qua mình mua đồ chơi cho cháu trai.,toy shop; children's toy; play with a toy,,sample,sample,ok,,,,,,,
w-trade-noun,trade,noun,A2,Work,Company & Production,/tɹˈeɪd/,"ngành nghề; buôn bán, thương mại","buying and selling goods, or a skilled job",He learned the trade from his uncle.,Anh ấy học nghề từ chú mình.,Trade between the two towns grew fast.,Buôn bán giữa hai thị trấn tăng nhanh.,fair trade; learn a trade; international trade,,warning:LEVEL_LEAK,must,ok,,,,,,,level_leak_ok
w-traditional-adjective,traditional,adjective,A2,Society,State & Right,/tɹədˈɪʃənəl/,truyền thống,following old customs or ways of doing things,We cooked a traditional family meal.,Chúng tôi nấu một bữa ăn truyền thống của gia đình.,She wore traditional clothes for the festival.,Cô ấy mặc trang phục truyền thống trong lễ hội.,traditional food; traditional clothes; traditional way,,sample,sample,ok,,,,,,,
w-train-verb,train,verb,A2,Travel,Far & Area,/tɹˈeɪn/,"đào tạo, luyện tập",to teach skills or practice for a job or sport,They train new staff every month.,Họ đào tạo nhân viên mới mỗi tháng.,I train for the race on weekends.,Cuối tuần mình luyện tập cho cuộc đua.,train hard; train for; train staff,Verb sense: teach skills / practice — not the vehicle noun “train”.,sample,sample,ok,,,,,,,
w-tram-noun,tram,noun,A2,Travel,Crowd & Remote,/tɹˈæm/,xe điện (tàu điện trên đường phố),a vehicle that runs on rails in city streets,We took the tram to the old market.,Chúng tôi đi xe điện đến chợ cũ.,The tram stops right outside the hotel.,Xe điện dừng ngay trước khách sạn.,take the tram; tram stop; city tram,,sample,sample,ok,,,,,,,
w-transportation-noun,transportation,noun,B1,Work,Work Leading,/tɹˌænspɚtˈeɪʃən/,"giao thông, phương tiện vận chuyển",systems or vehicles used to move people or goods,Public transportation is cheaper than driving daily.,Đi phương tiện công cộng rẻ hơn lái xe mỗi ngày.,The company covers transportation for late shifts.,Công ty hỗ trợ đi lại cho ca làm muộn.,public transportation; transportation costs; transportation system,UK often uses transport instead,sample,sample,ok,,,,,,,
w-traveler-noun,traveler,noun,A2,Travel,Crowd & Remote,/tɹˈævəlɚ/,"người đi du lịch, khách lưu trú",a person who is on a trip away from home,The hotel offers free Wi‑Fi for travelers.,Khách sạn có Wi‑Fi miễn phí cho khách du lịch.,Every traveler needs a valid passport here.,Ở đây mọi du khách cần hộ chiếu còn hiệu lực.,frequent traveler; solo traveler; business traveler,Mỹ: traveler; Anh thường viết traveller.,warning:LEVEL_LEAK,must,ok,,,,,,,level_leak_ok
w-treasure-noun,treasure,noun,A2,People,Wealth & Queen,/tɹˈɛʒɚ/,kho báu; người quý giá,"something very valuable, or a person you love",My grandmother is a real treasure to me.,"Với mình, bà là người quý giá thật sự.",The kids found old coins like treasure.,Các em tìm thấy đồng xu cũ như kho báu.,hidden treasure; family treasure; treasure hunt,,warning:LEVEL_LEAK,must,ok,,,,,,,level_leak_ok
w-tree-noun,tree,noun,A1,Home,Bed & Floor,/tɹˈi/,cây,a tall plant with a trunk and leaves,There is a big tree in our yard.,Trong sân nhà có một cây to.,Birds often sit in that tree outside.,Chim hay đậu trên cây đó ngoài sân.,fruit tree; under a tree; tree branch,,warning:LEVEL_LEAK,must,ok,,,,,,,level_leak_ok
w-trip-noun,trip,noun,A1,Travel,Way & Place,/tɹˈɪp/,chuyến đi,a journey to a place and back,We had a fun trip last weekend.,Cuối tuần rồi chúng tôi đi chơi vui lắm.,How long is your trip to work?,Đi làm của bạn mất bao lâu?,day trip; business trip; go on a trip,,warning:LEVEL_LEAK,must,ok,,,,,,,level_leak_ok
w-trouble-verb,trouble,verb,B1,Daily life,Bar & Contain,/tɹˈʌbəl/,"làm phiền, quấy rầy",to cause someone extra work or worry,"Sorry to trouble you, but the door is stuck.","Xin lỗi làm phiền bạn, nhưng cửa bị kẹt.",Do not trouble the staff with small requests.,Đừng làm phiền nhân viên vì những yêu cầu nhỏ.,sorry to trouble you; do not trouble; trouble someone with,,sample,sample,ok,,,,,,,
w-trousers-noun,trousers,noun,A1,Appearance,Button & Bag,/tɹˈaʊzɚz/,quần dài,clothing that covers both legs together,These trousers are too long for me.,Quần này với tôi dài quá.,He wore grey trousers to the office.,Anh ấy mặc quần xám đi làm.,pair of trousers; wear trousers; long trousers,Tiếng Anh Anh; Mỹ thường nói pants,sample,sample,ok,,,,,,,
w-truck-noun,truck,noun,A1,Travel,Beach & Bus,/tɹˈʌk/,xe tải,a large motor vehicle for carrying goods,A big truck passed on the road today.,Hôm nay có xe tải lớn chạy qua đường.,They load boxes into the truck slowly.,Họ xếp thùng vào xe tải từ từ.,delivery truck; truck driver; load a truck,,warning:LEVEL_LEAK,must,ok,,,,,,,level_leak_ok
w-truly-adverb,truly,adverb,A2,Daily life,Gradually & Raise,/tɹˈuli/,"thật sự, thực sự",in a real or honest way; really,I am truly sorry for the late reply.,Mình thật sự xin lỗi vì trả lời trễ.,This meal was truly the best tonight.,Bữa tối nay món này ngon thật sự.,truly sorry; truly believe; yours truly,,sample,sample,ok,,,,,,,
w-tumor-noun,tumor,noun,B2,Health,Health essentials,/tˈumɚ/,khối u,an abnormal mass of cells growing in the body,The scan showed a small tumor that needed checks.,Kết quả chụp cho thấy một khối u nhỏ cần theo dõi.,Early tests help find a tumor before it spreads.,Xét nghiệm sớm giúp phát hiện khối u trước khi lan.,brain tumor; benign tumor; tumor growth,Mỹ: tumor; Anh thường viết tumour.,sample,sample,ok,,,,,,,
w-tune-noun,tune,noun,A2,Sports,Tune & Golf,/tˈun/,"giai điệu, bài hát ngắn",a series of musical notes that form a melody,The crowd sang a familiar tune together.,Đám đông hát cùng một giai điệu quen thuộc.,He whistled a happy tune after the match.,Sau trận đấu anh ấy huýt sáo một giai điệu vui.,catchy tune; hum a tune; familiar tune,,warning:LEVEL_LEAK,must,ok,,,,,,,level_leak_ok
w-turn-verb,turn,verb,A1,Daily life,Open & Open,/tˈɝn/,"quay, rẽ; bật (đèn)",to move in a circle or change direction,Please turn left at the traffic light.,Rẽ trái ở đèn giao thông nhé.,Can you turn the knob more slowly?,Bạn xoay nút chậm hơn được không?,turn left; turn around; turn on,,warning:LEVEL_LEAK,must,ok,,,,,,,level_leak_ok
w-ultimately-adverb,ultimately,adverb,B2,Daily life,Daily life key words,/ˈʌltəmətli/,"cuối cùng thì, rốt cuộc","in the end, after everything else happens","Ultimately, we chose the cheaper but safer option.",Rốt cuộc chúng tôi chọn phương án rẻ hơn nhưng an toàn hơn.,"Ultimately, the team lost, but they played well.","Cuối cùng đội thua, nhưng họ chơi rất hay.",ultimately decide; ultimately responsible; ultimately fail,,sample,sample,ok,,,,,,,
w-unknown-adjective,unknown,adjective,A2,Daily life,Mainly & Inner,/ənnˈoʊn/,"không rõ, chưa biết",not known or familiar to people,The caller left an unknown phone number.,Người gọi để lại số điện thoại không quen.,This street name was unknown to me.,Tên con phố này mình chưa biết.,unknown number; unknown person; remain unknown,,warning:LEVEL_LEAK,must,ok,,,,,,,level_leak_ok
w-until-conjunction,until,conjunction,B1,Grammar words,Grammar words essentials,/əntˈɪl/,cho đến khi,up to the time when something happens,Wait here until I come back from the shop.,Đợi ở đây cho đến khi mình quay lại từ cửa hàng.,The office stays open until eight on weekdays.,Ngày thường văn phòng mở cửa đến tám giờ tối.,wait until; until further notice; not until,,sample,sample,ok,,,,,,,
w-up-preposition,up,preposition,A1,Grammar words,Up & Between,/ˈʌp/,"lên, hướng lên trên",to or in a higher place or position,Walk up the stairs slowly.,Đi lên cầu thang từ từ.,Look up at the sky tonight.,Tối nay hãy nhìn lên bầu trời.,up the stairs; up the hill; up the road,,warning:LEVEL_LEAK,must,ok,,,,,,,level_leak_ok
w-upon-preposition,upon,preposition,A2,Grammar words,Grammar words essentials,/əpˈɑn/,"ngay khi, vào lúc; trên (trang trọng)","at the moment something happens, or on top of","Upon arrival, please sign the guest book.","Khi tới nơi, nhờ ký sổ khách.",The rule applies upon payment of the fee.,Quy định có hiệu lực khi đã nộp phí.,upon arrival; once upon a time; depend upon,Thường gặp trong văn viết; nói thường dùng on hoặc when.,warning:LEVEL_LEAK,must,ok,,,,,,,level_leak_ok
w-usually-adverb,usually,adverb,A1,Daily life,Become & Give,/jˈuʒəwəli/,"thường, thường thì",in most cases; most of the time,I usually have coffee before I leave.,Trước khi đi tôi thường uống cà phê.,She usually walks to the market nearby.,Cô ấy thường đi bộ ra chợ gần nhà.,usually go; as usual; more than usual,,warning:LEVEL_LEAK,must,ok,,,,,,,level_leak_ok
w-vacation-noun,vacation,noun,A1,Travel,Beach & Bus,/veɪkˈeɪʃən/,"kỳ nghỉ, nghỉ phép",time away from work for rest or travel,We plan a vacation to the beach soon.,Chúng tôi sắp đi nghỉ biển.,My vacation starts next Monday morning.,Kỳ nghỉ của tôi bắt đầu sáng thứ Hai tuần sau.,on vacation; summer vacation; take a vacation,Mỹ hay dùng vacation; Anh hay dùng holiday,warning:LEVEL_LEAK,must,ok,,,,,,,level_leak_ok
w-vase-noun,vase,noun,A1,Shopping,Card & Spend,/vˈeɪs/,"bình hoa, lọ hoa",a container for holding cut flowers,She put fresh flowers in the vase.,Cô ấy cắm hoa tươi vào lọ.,That glass vase is on the shelf.,Lọ thủy tinh kia đặt trên kệ.,flower vase; glass vase; in a vase,,warning:LEVEL_LEAK,must,ok,,,,,,,level_leak_ok
w-vegetable-noun,vegetable,noun,A1,Food,Corn & Meal,/vˈɛdʒtəbəl/,"rau, rau củ",a plant or part of one that you eat,She cooks vegetable soup for us on Sundays.,Chủ nhật cô ấy nấu súp rau cho chúng tôi.,Fresh vegetable is cheap at this shop.,Rau tươi ở cửa hàng này rẻ.,fresh vegetable; eat your vegetables; vegetable soup,,warning:LEVEL_LEAK,must,ok,,,,,,,level_leak_ok
w-very-adverb,very,adverb,A1,Daily life,Not & There,/vˈɛɹi/,"rất, lắm",used to make an adjective or adverb stronger,This soup is very hot today.,Hôm nay món súp này rất nóng.,She is very tired after work.,Cô ấy rất mệt sau giờ làm.,very good; very much; very tired,,warning:LEVEL_LEAK,must,ok,,,,,,,level_leak_ok
w-vessel-noun,vessel,noun,B1,Home,Home essentials,/vˈɛsəl/,"bình, chậu, đồ đựng chất lỏng",a container used for holding liquids or food,Pour the soup into a clean vessel.,Đổ súp vào một đồ đựng sạch.,She kept fresh herbs in a glass vessel.,Cô ấy để rau thơm trong bình thủy tinh.,glass vessel; ceramic vessel; fill a vessel,,sample,sample,ok,,,,,,,
w-video-game-phrase,video game,phrase,A2,Sports,Sports essentials,/vˈɪdioʊ ɡˈeɪm/,trò chơi điện tử,an electronic game you play on a screen,He plays a video game after dinner sometimes.,Đôi khi anh ấy chơi trò chơi điện tử sau bữa tối.,My brother bought a new video game last week.,Tuần trước em trai mình mua game mới.,play a video game; video game console; online video game,,warning:LEVEL_LEAK,must,ok,,,,,,,level_leak_ok
w-video-noun,video,noun,A1,Home,Kitchen & Hole,/vˈɪdioʊ/,đoạn phim ngắn; clip quay,a short film clip you play on a screen,I watched a funny video on my phone.,Tôi xem một video hài trên điện thoại.,Can you send me that video please?,Bạn gửi mình video đó được không?,watch a video; short video; online video,,warning:LEVEL_LEAK,must,ok,,,,,,,level_leak_ok
w-violence-noun,violence,noun,B1,Society,General & Public,/vˈaɪələns/,bạo lực,physical force meant to hurt or damage people,The school teaches students how to avoid violence.,Trường dạy học sinh cách tránh bạo lực.,There was no violence during the peaceful march.,Cuộc tuần hành ôn hòa không có bạo lực.,domestic violence; act of violence; reduce violence,,sample,sample,ok,,,,,,,
w-virtually-adverb,virtually,adverb,B2,Daily life,Daily life key words,/vˈɝtʃuəli/,"gần như, hầu như hoàn toàn",almost completely; nearly in every way,The old files are virtually impossible to open now.,Các tệp cũ giờ gần như không mở được.,"After the move, we were virtually strangers again.","Sau khi chuyển đi, chúng tôi gần như lại thành người lạ.",virtually impossible; virtually every; virtually unknown,,sample,sample,ok,,,,,,,
w-visible-adjective,visible,adjective,B1,Daily life,Mail & Normally,/vˈɪzəbəl/,"có thể nhìn thấy, rõ ràng",able to be seen; easy to notice,The crack in the wall is clearly visible now.,Vết nứt trên tường giờ nhìn thấy rõ.,Keep your ID badge visible at the office.,Hãy để thẻ nhân viên ở chỗ dễ thấy trong văn phòng.,clearly visible; barely visible; highly visible,,warning:LEVEL_LEAK,must,ok,,,,,,,level_leak_ok
w-visual-adjective,visual,adjective,B1,Media,Book & Act,/vˈɪʒəwəl/,"thuộc thị giác, trực quan",relating to seeing or pictures and images,The app has a clean visual design for users.,Ứng dụng có thiết kế trực quan gọn gàng cho người dùng.,Visual aids helped the class understand the topic.,Hình ảnh minh họa giúp lớp hiểu chủ đề hơn.,visual effect; visual information; visual aid,,sample,sample,ok,,,,,,,
w-vocabulary-noun,vocabulary,noun,A2,School,Wisdom & Fail,/voʊkˈæbjəlˌɛɹi/,từ vựng,all the words that someone knows in a language,Reading helps you build your English vocabulary.,Đọc sách giúp bạn mở rộng từ vựng tiếng Anh.,We learned new vocabulary in class today.,Hôm nay lớp học từ vựng mới.,learn vocabulary; English vocabulary; build vocabulary,,sample,sample,ok,,,,,,,
w-vote-noun,vote,noun,A1,Society,Social & Right,/vˈoʊt/,phiếu bầu; cuộc bầu cử,a choice people make to pick a leader or plan,Each person has one vote here.,Ở đây mỗi người có một phiếu bầu.,The vote is tomorrow at our school.,Cuộc bầu cử diễn ra ngày mai ở trường.,cast a vote; one vote; public vote,,sample,sample,ok,,,,,,,
w-walk-noun,walk,noun,A1,Sports,Program & Practice,/wˈɔk/,cuộc đi bộ,a trip on foot for exercise or fun,We take a walk after dinner.,Sau bữa tối chúng tôi đi dạo.,The walk to the lake is short.,Đoạn đi bộ tới hồ khá ngắn.,take a walk; short walk; morning walk,,warning:LEVEL_LEAK,must,ok,,,,,,,level_leak_ok
w-walk-verb,walk,verb,A1,Sports,Program & Practice,/wˈɔk/,đi bộ,to move on foot at a normal speed,I walk to the office every day.,Tôi đi bộ đến văn phòng mỗi ngày.,Let's walk in the park this evening.,Tối nay chúng ta đi dạo công viên nhé.,walk to work; walk in the park; walk slowly,,warning:LEVEL_LEAK,must,ok,,,,,,,level_leak_ok
w-walking-noun,walking,noun,A2,Sports,Sports essentials,/wˈɔkɪŋ/,việc đi bộ (như hoạt động),the activity of moving on foot for exercise or travel,Walking is good exercise after a long day at work.,Đi bộ là vận động tốt sau ngày làm dài.,They enjoy walking in the park on Sunday mornings.,Chủ nhật sáng họ thích đi bộ trong công viên.,go walking; walking distance; brisk walking,,warning:LEVEL_LEAK,must,ok,,,,,,,level_leak_ok
w-war-noun,war,noun,A1,Society,Social & Right,/wˈɔɹ/,chiến tranh,fighting between countries or large groups,War brings pain to many families.,Chiến tranh mang lại đau khổ cho nhiều gia đình.,They learned about war in history class.,Họ học về chiến tranh trong giờ lịch sử.,at war; world war; end a war,,warning:LEVEL_LEAK,must,ok,,,,,,,level_leak_ok
w-waste-verb,waste,verb,B1,Nature,Plant & Growing,/wˈeɪst/,lãng phí; bỏ phí,"to use time, money, or resources badly",Do not waste water when you brush your teeth.,Đừng lãng phí nước khi đánh răng.,I wasted an hour waiting for the late bus.,Tôi mất một tiếng chờ xe buýt đến muộn.,waste time; waste money; waste resources,"Động từ 'waste' khác tính từ 'waste' (nước thải, chất thải).",sample,sample,ok,,,,,,,
w-watch-noun,watch,noun,A1,Home,Bed & Floor,/wˈɑtʃ/,đồng hồ đeo tay,a small clock you wear on your wrist,My watch stopped working last week.,Tuần trước đồng hồ tay tôi hết pin.,He bought a new watch at the mall.,Anh ấy mua đồng hồ mới ở trung tâm thương mại.,wrist watch; new watch; wear a watch,"Khác nghĩa động từ watch (xem, quan sát).",warning:LEVEL_LEAK,must,ok,,,,,,,level_leak_ok
w-water-noun,water,noun,A1,Food,Water & Water,/wˈɔtɚ/,nước,the clear liquid people drink every day,Can I have a glass of water?,Cho mình một cốc nước được không?,Please drink more water in summer.,Mùa hè nhớ uống nhiều nước hơn nhé.,drink water; glass of water; bottled water,,warning:LEVEL_LEAK,must,ok,,,,,,,level_leak_ok
w-way-noun,way,noun,A1,Travel,Way & Place,/wˈeɪ/,con đường; cách,a road or path; a method to reach a place,Is this the way to the station?,Đây có phải đường đến ga không?,We lost our way in the old town.,Chúng tôi lạc đường trong phố cổ.,on the way; this way; lose your way,,warning:LEVEL_LEAK,must,ok,,,,,,,level_leak_ok
w-wealth-noun,wealth,noun,A2,People,Wealth & Queen,/wˈɛlθ/,"của cải, sự giàu có",a large amount of money and valuable things,Health is more important than wealth for many people.,"Với nhiều người, sức khỏe quan trọng hơn của cải.",The family shared their wealth with local schools.,Gia đình đó chia sẻ tài sản với trường địa phương.,great wealth; wealth and health; accumulate wealth,,warning:LEVEL_LEAK,must,ok,,,,,,,level_leak_ok
w-weather-noun,weather,noun,A1,Nature,Sun & Cold,/wˈɛðɚ/,thời tiết,"if it is sunny, rainy, or cold outside",The weather is nice today.,Hôm nay thời tiết đẹp.,Bad weather can delay our flight.,Thời tiết xấu có thể làm chuyến bay trễ.,nice weather; bad weather; weather forecast,,warning:LEVEL_LEAK,must,ok,,,,,,,level_leak_ok
w-website-noun,website,noun,A2,Media,Well-known & Original,/wˈɛbsˌaɪt/,"trang web, website",a set of related pages on the internet for one purpose,Our company website has job listings now.,Website công ty giờ có tin tuyển dụng.,She checked the website for train times tonight.,Tối nay cô ấy xem giờ tàu trên website.,company website; visit a website; official website,,warning:LEVEL_LEAK,must,ok,,,,,,,level_leak_ok
w-wedding-noun,wedding,noun,A2,People,Wealth & Queen,/wˈɛdɪŋ/,"đám cưới, lễ cưới",a ceremony when two people get married,We got an invitation to their wedding in May.,Chúng tôi được mời dự đám cưới tháng Năm.,The wedding was small but very beautiful.,Đám cưới quy mô nhỏ nhưng rất đẹp.,wedding ceremony; wedding invitation; attend a wedding,,warning:LEVEL_LEAK,must,ok,,,,,,,level_leak_ok
w-weekly-adjective,weekly,adjective,A2,Daily life,Split & Belong,/wˈikli/,"hàng tuần, mỗi tuần một lần",happening once every seven days,We have a weekly meeting on Fridays.,Chúng tôi họp hàng tuần vào thứ Sáu.,She writes a weekly letter to her family.,Cô ấy viết thư hàng tuần gửi gia đình.,weekly meeting; weekly report; once weekly,,sample,sample,ok,,,,,,,
w-welcome-interjection,welcome,interjection,A1,Grammar words,Up & Between,/wˈɛlkəm/,chào mừng,a friendly word when someone arrives,Welcome! Please come in and sit.,Chào mừng! Mời vào và ngồi nhé.,They said welcome when we arrived.,"Khi chúng tôi đến, họ chào mừng chúng tôi.",welcome home; you are welcome; warm welcome,Khác cụm You are welcome (không có gì) khi được cảm ơn.,sample,sample,ok,,,,,,,
w-well-adjective,well,adjective,A1,Daily life,Not & There,/wˈɛl/,khỏe (sau khi ốm),"healthy again, not ill after sickness",I am well now after three days.,Sau ba ngày giờ tôi đã khỏe.,She is not well so she stays home.,Cô ấy chưa khỏe nên ở nhà nghỉ.,feel well; get well; not well,"Tính từ well (khỏe) khác trạng từ well (tốt, giỏi).",warning:LEVEL_LEAK,must,ok,,,,,,,level_leak_ok
w-well-paid-adjective,well-paid,adjective,B2,Work,Work essentials,/wˈɛl-pˈeɪd/,"lương cao, được trả tốt",earning a good amount of money for your work,She found a well-paid job after the training program.,Cô ấy tìm được việc lương cao sau chương trình đào tạo.,Well-paid roles often need strong language skills.,Vị trí được trả lương tốt thường đòi hỏi kỹ năng ngoại ngữ.,well-paid job; well-paid career; well-paid position,,sample,sample,ok,,,,,,,
w-wheel-noun,wheel,noun,A1,Travel,Beach & Bus,/wˈil/,bánh xe,a round part that helps cars and bikes move,One wheel on my bike is flat.,Một bánh xe đạp của tôi bị xẹp.,The car has four black wheels.,Chiếc xe có bốn bánh màu đen.,car wheel; front wheel; spare wheel,,warning:LEVEL_LEAK,must,ok,,,,,,,level_leak_ok
w-when-conjunction,when,conjunction,A1,Grammar words,Grammar words essentials,/wˈɛn/,"khi, lúc",used to say at what time something happens,I call home when I finish work.,Tôi gọi về nhà khi tan làm.,"When you arrive, send me a text.","Khi bạn tới, nhắn tin cho mình nhé.",even when; right when; when I was,,warning:LEVEL_LEAK,must,ok,,,,,,,level_leak_ok
w-while-conjunction,while,conjunction,A2,Grammar words,Grammar words essentials,/wˈaɪl/,trong khi; trong lúc,during the time that something else happens,I read a book while you cook dinner.,Tôi đọc sách trong khi bạn nấu bữa tối.,Please wait while I find my ticket.,Vui lòng đợi trong lúc tôi tìm vé.,while waiting; while you are; a while ago,,sample,sample,ok,,,,,,,
w-wife-noun,wife,noun,A1,People,People & Man,/wˈaɪf/,vợ,the woman a person is married to,My wife works at a local school.,Vợ tôi làm ở một trường địa phương.,He lives with his wife and two kids.,Anh ấy sống với vợ và hai con.,my wife; his wife; husband and wife,,warning:LEVEL_LEAK,must,ok,,,,,,,level_leak_ok
w-willing-adjective,willing,adjective,B2,Daily life,Double & Somewhat,/wˈɪlɪŋ/,"sẵn lòng, vui lòng",ready to do something without being forced,She is willing to work late this week.,Cô ấy sẵn lòng làm muộn tuần này.,Are you willing to share the cost?,Bạn có sẵn lòng chia sẻ chi phí không?,willing to; perfectly willing; willing helper,,sample,sample,ok,,,,,,,
w-win-verb,win,verb,A1,Sports,Song & Star,/wˈɪn/,"thắng, giành chiến thắng",to do best in a game or contest,Our team won the match last night.,Đội chúng tôi thắng trận đấu tối qua.,I hope we win this football game.,Tôi hy vọng chúng ta thắng trận bóng này.,win a game; win the match; hope to win,,sample,sample,ok,,,,,,,
w-wind-noun,wind,noun,A1,Nature,Sun & Cold,/wˈaɪnd/,gió,moving air outside that you can feel,The wind is strong near the sea today.,Hôm nay gió mạnh gần biển.,Close the door when the wind blows hard.,Đóng cửa lại khi gió thổi mạnh.,strong wind; wind blows; cold wind,,warning:LEVEL_LEAK,must,ok,,,,,,,level_leak_ok
w-window-noun,window,noun,A1,Home,Bed & Floor,/wˈɪndoʊ/,cửa sổ,an opening in a wall with glass in it,Please open the window for fresh air.,Mở cửa sổ cho thoáng nhé.,I look out the window every morning.,Sáng nào tôi cũng nhìn ra cửa sổ.,open the window; by the window; window seat,,warning:LEVEL_LEAK,must,ok,,,,,,,level_leak_ok
w-wine-noun,wine,noun,A2,Food,Food Order,/wˈaɪn/,rượu vang,an alcoholic drink made from grapes,Would you like a glass of wine with dinner?,Bạn có muốn một ly rượu vang trong bữa tối không?,This shop sells red wine and white wine.,Cửa hàng này bán rượu vang đỏ và trắng.,glass of wine; red wine; bottle of wine,,sample,sample,ok,,,,,,,
w-wise-adjective,wise,adjective,A2,Appearance,Appearance Good-looking,/wˈaɪz/,"khôn ngoan, sáng suốt",having good judgment and experience in life,It was a wise choice to save some money.,Tiết kiệm một ít tiền là lựa chọn sáng suốt.,My grandmother gives wise advice about work.,Bà tôi đưa lời khuyên khôn ngoan về công việc.,wise decision; wise advice; wise person,,sample,sample,ok,,,,,,,
w-wit-noun,wit,noun,B2,School,Prose & Conquest,/wˈɪt/,trí hóm hỉnh; sự nhanh trí,the ability to say clever and funny things,Her sharp wit made the lecture easy to enjoy.,Sự hóm hỉnh sắc sảo của cô ấy khiến buổi giảng dễ nghe.,He answered the hard question with quick wit.,Anh ấy trả lời câu hỏi khó bằng sự nhanh trí.,sharp wit; quick wit; sense of wit,,sample,sample,ok,,,,,,,
w-within-preposition,within,preposition,A2,Grammar words,Grammar words essentials,/wɪðˈɪn/,"trong vòng, trong phạm vi","inside a limit of time, distance, or area",Please reply within two working days.,Vui lòng trả lời trong vòng hai ngày làm việc.,The hotel is within walking distance of the station.,Khách sạn cách ga trong tầm đi bộ.,within reach; within an hour; stay within,,warning:LEVEL_LEAK,must,ok,,,,,,,level_leak_ok
w-woman-noun,woman,noun,A1,People,People & Man,/wˈʊmən/,"phụ nữ, người đàn bà",an adult female person,A young woman helped me at the desk.,Một phụ nữ trẻ giúp tôi ở quầy.,That woman on the left is my aunt.,Người phụ nữ bên trái là dì tôi.,young woman; old woman; woman at the,,warning:LEVEL_LEAK,must,ok,,,,,,,level_leak_ok
w-wooden-adjective,wooden,adjective,A2,Daily life,Split & Belong,/wˈʊdən/,"bằng gỗ, làm bằng gỗ",made from the material that comes from trees,They have a small wooden house by the lake.,Họ có ngôi nhà gỗ nhỏ bên hồ.,Please use the wooden spoon for the soup.,Nhờ dùng thìa gỗ để múc canh.,wooden floor; wooden chair; wooden door,,sample,sample,ok,,,,,,,
w-word-noun,word,noun,A1,Media,Media Information,/wˈɝd/,"từ, tiếng",a single unit of language with meaning,I do not know this word in English.,Tôi không biết từ này trong tiếng Anh.,Please write the word on the page.,Hãy viết từ đó lên trang giấy.,English word; new word; every word,,warning:LEVEL_LEAK,must,ok,,,,,,,level_leak_ok
w-work-verb,work,verb,A1,Work,Work & Work,/wˈɝk/,làm việc; hoạt động (máy),to do a job; to function as it should,She works in a small shop downtown.,Cô ấy làm ở một cửa hàng nhỏ trong phố.,My phone does not work after the rain.,Điện thoại tôi hỏng sau cơn mưa.,work hard; works well; does not work,,warning:LEVEL_LEAK,must,ok,,,,,,,level_leak_ok
w-worker-noun,worker,noun,A1,Work,Work & Work,/wˈɝkɚ/,"công nhân, người lao động",a person who does a physical or paid job,The worker fixed the pipe under the sink.,Người thợ sửa ống dưới bồn rửa.,Many workers take the bus to the factory.,Nhiều công nhân đi xe buýt tới nhà máy.,factory worker; office worker; skilled worker,,warning:LEVEL_LEAK,must,ok,,,,,,,level_leak_ok
w-workplace-noun,workplace,noun,B1,Work,Work Assistant,/wˈɝkplˌeɪs/,"nơi làm việc, môi trường công sở",the place or setting where people do their jobs,Our workplace has a quiet room for online meetings.,Nơi làm việc của chúng tôi có phòng yên tĩnh để họp trực tuyến.,She feels safe at her new workplace.,Cô ấy cảm thấy an toàn ở nơi làm việc mới.,safe workplace; modern workplace; workplace culture,,sample,sample,ok,,,,,,,
w-world-noun,world,noun,A1,Home,World & Case,/wˈɝld/,thế giới,the earth and all people and places,She wants to travel around the world.,Cô ấy muốn đi du lịch vòng quanh thế giới.,The news shows problems in the world today.,Tin tức cho thấy nhiều vấn đề trên thế giới hôm nay.,around the world; in the world; world today,,sample,sample,ok,,,,,,,
w-wrong-adjective,wrong,adjective,A1,Daily life,Live & Big,/ɹˈɔŋ/,"sai, không đúng",not correct; not the right one,You took the wrong bus this morning.,Sáng nay bạn đi nhầm xe buýt rồi.,"Sorry, I gave you the wrong phone number.","Xin lỗi, tôi đưa nhầm số điện thoại.",wrong answer; go wrong; wrong way,,sample,sample,ok,,,,,,,
w-yard-noun,yard,noun,A1,Home,Kitchen & Hole,/jˈɑɹd/,sân (nhà),an open area next to a house outside,The kids play in the yard after school.,Các con chơi ở sân sau giờ học.,We put chairs in the yard for guests.,Chúng tôi kê ghế ở sân cho khách.,in the yard; back yard; front yard,Tiếng Mỹ: yard; tiếng Anh thường dùng garden.,warning:LEVEL_LEAK,must,ok,,,,,,,level_leak_ok
w-year-noun,year,noun,A1,Daily life,Both & Same,/jˈɪɹ/,năm,a period of twelve months,I came here three years ago for study.,Tôi sang đây học cách đây ba năm.,Next year I plan to change my job.,Năm sau tôi định đổi việc.,next year; last year; every year,,sample,sample,ok,,,,,,,
w-yellow-noun,yellow,noun,A1,Appearance,Color & Color,/jˈɛloʊ/,màu vàng,the colour of lemons or ripe bananas,Yellow is my favourite colour for summer.,Mùa hè tôi thích nhất màu vàng.,Paint the line in yellow on the road.,Sơn vạch vàng trên đường.,bright yellow; pale yellow; in yellow,,warning:LEVEL_LEAK,must,ok,,,,,,,level_leak_ok
w-yes-adverb,yes,adverb,A1,Daily life,Live & Big,/jˈɛs/,"vâng, có, đúng",used to agree or say something is true,"Yes, I can help you with that task.","Vâng, tôi có thể giúp bạn việc đó.",She said yes to the dinner invitation.,Cô ấy đồng ý lời mời ăn tối.,say yes; yes please; oh yes,,warning:LEVEL_LEAK,must,ok,,,,,,,level_leak_ok
w-yet-adverb,yet,adverb,A1,Daily life,Get & Old,/jˈɛt/,chưa; vẫn còn,until now; by this time,I have not finished my report yet.,Tôi chưa hoàn thành báo cáo.,Are you home yet after the long trip?,Sau chuyến đi dài bạn về nhà chưa?,not yet; as yet; yet again,,sample,sample,ok,,,,,,,
w-yield-verb,yield,verb,B2,Daily life,Daily life key words,/jˈild/,nhường; mang lại (kết quả),"to give way, or to produce a result or crop",Drivers must yield at this busy junction.,Tài xế phải nhường đường tại ngã tư đông này.,The new method may yield better test scores.,Phương pháp mới có thể mang lại điểm kiểm tra tốt hơn.,yield to; yield results; yield better,,sample,sample,ok,,,,,,,
w-yogurt-noun,yogurt,noun,A1,Food,Potato & Bean,/jˈoʊɡɚt/,sữa chua,a thick cold food made from milk,I eat yogurt with fruit every morning.,Sáng nào tôi cũng ăn sữa chua với trái cây.,She bought yogurt at the small market.,Cô ấy mua sữa chua ở chợ nhỏ.,plain yogurt; fruit yogurt; a cup of yogurt,Also: yoghurt,sample,sample,ok,,,,,,,
