id,word,partOfSpeech,level,topicId,reviewStatus,verdict,errorCodes,warningCodes,aiIssueCodes,meaningVi,definitionEn,example1_en,example2_en,regenerateAttempt
w-above-adverb,above,adverb,A1,Daily life,ai_checked,pass,,LEVEL_LEAK,,"ở phía trên, phía trên",in a higher place or position,Look at the note written above.,The offices above are very quiet.,0
w-academic-adjective,academic,adjective,B1,School,ai_checked,pass,,LEVEL_LEAK,,"thuộc học thuật, mang tính học thuật","related to schools, study, or formal education",She hopes to find an academic job at a good university.,His academic record improved a lot during the last year.,0
w-adventure-noun,adventure,noun,A2,Media,ai_checked,pass,,LEVEL_LEAK,,cuộc phiêu lưu,an exciting and sometimes risky experience,We read a book about a sea adventure.,Their trip became a real adventure for everyone.,0
w-advertising-noun,advertising,noun,A2,Shopping,ai_checked,pass,,LEVEL_LEAK,,ngành quảng cáo; hoạt động quảng bá,the activity of making products known,She works in advertising at a big firm.,Online advertising reaches many new customers.,0
w-airplane-noun,airplane,noun,A1,Travel,ai_checked,pass,,LEVEL_LEAK,,máy bay,a flying vehicle that carries people,Our airplane leaves at six.,I feel nervous on a small airplane.,0
w-almost-adverb,almost,adverb,A1,Daily life,ai_checked,pass,,LEVEL_LEAK,,"gần như, hầu như",very nearly but not completely,I almost missed the morning bus.,Dinner is almost ready now.,0
w-along-adverb,along,adverb,A1,Daily life,ai_checked,pass,,LEVEL_LEAK,,đi cùng; về phía trước,"forward with someone, or continuing a way",Come along with us to lunch.,The work is moving along well.,0
w-already-adverb,already,adverb,A1,Daily life,ai_checked,pass,,LEVEL_LEAK,,"đã, rồi","before now, or sooner than expected",I have already finished my report.,Is it already time to leave?,0
w-although-conjunction,although,conjunction,A2,Grammar words,ai_checked,pass,,LEVEL_LEAK,,"mặc dù, dù",used to show contrast with the main idea,"Although it was late, we kept working on the report.","Although I was tired, I cooked dinner for my family.",0
w-always-adverb,always,adverb,A1,Daily life,ai_checked,pass,,LEVEL_LEAK,,"luôn luôn, lúc nào cũng",at all times; every time,I always check my email in the morning.,He is always kind to new staff.,0
w-angel-noun,angel,noun,A2,Media,ai_checked,pass,,LEVEL_LEAK,,thiên thần,"a kind spirit, often shown with wings in stories",The little girl dressed as an angel for the school play.,"In the film, an angel helps the main character at night.",0
w-angry-adjective,angry,adjective,A1,Feelings,ai_checked,pass,,LEVEL_LEAK,,"tức giận, giận dữ",feeling strong dislike because of something bad,He felt angry about the long delay.,Please do not get angry with me.,0
w-ankle-noun,ankle,noun,A2,Health,ai_checked,pass,,LEVEL_LEAK,,mắt cá chân,the joint where your foot joins your leg,I hurt my ankle when I fell on the stairs yesterday.,These shoes feel too tight around my left ankle now.,0
w-apply-verb,apply,verb,A2,Daily life,ai_checked,pass,,LEVEL_LEAK,,"nộp đơn, xin; bôi, thoa","to request something formally, or put on a surface",I want to apply for that job online.,Please apply this cream to your skin gently.,0
w-appreciate-verb,appreciate,verb,A2,Daily life,ai_checked,pass,,LEVEL_LEAK,,cảm kích; đánh giá cao,"to feel grateful, or to value something highly",I really appreciate your help with the move.,We appreciate good service at this restaurant.,0
w-apron-noun,apron,noun,A1,Shopping,ai_checked,pass,,LEVEL_LEAK,,tạp dề,a cloth worn over clothes when cooking or cleaning,She wears an apron in the kitchen.,I bought a new apron yesterday.,0
w-arm-noun,arm,noun,A1,Health,ai_checked,pass,,LEVEL_LEAK,,cánh tay,the part of the body between the shoulder and the hand,My left arm hurts today.,He broke his arm last year.,0
w-art-noun,art,noun,A1,School,ai_checked,pass,,LEVEL_LEAK,,nghệ thuật; môn mỹ thuật,"painting, drawing, and similar creative school subjects",I have art class on Monday.,She really loves modern art.,0
w-article-noun,article,noun,A1,Shopping,ai_checked,pass,,LEVEL_LEAK,,"món hàng, mặt hàng",a single item that you can buy in a shop,This shop sells many useful articles.,Please check each article before payment.,0
w-artificial-adjective,artificial,adjective,A2,Technology,ai_checked,pass,,LEVEL_LEAK,,"nhân tạo, giả","made by people, not found in nature",This plant is artificial but it looks real.,The room has artificial light after sunset.,0
w-assistant-adjective,assistant,adjective,A2,Work,ai_checked,pass,,LEVEL_LEAK,,"phụ, trợ (cấp dưới)",having a lower rank that helps a senior person,He is an assistant manager at the store.,The assistant director helped plan the meeting.,0
w-athlete-noun,athlete,noun,A2,Work,ai_checked,pass,,LEVEL_LEAK,,vận động viên,a person who is trained to compete in sport,The athlete trains early every morning.,She is a talented athlete on our team.,0
w-average-adjective,average,adjective,A2,Daily life,ai_checked,pass,,LEVEL_LEAK,,trung bình; bình thường,typical or in the middle of a range,The average temperature here is quite mild.,He is an average student but works hard.,0
w-award-noun,award,noun,A2,Media,ai_checked,pass,,LEVEL_LEAK,,"giải thưởng, phần thưởng",a prize given for doing something well,She won an award for her short film.,The team got an award at the ceremony.,0
w-back-adjective,back,adjective,A2,Health,ai_checked,pass,,LEVEL_LEAK,,ở phía sau (cơ thể); lưng,related to the rear part of your body,I have bad back pain after work today.,The nurse checked my back muscles carefully.,0
w-back-noun,back,noun,A1,Health,ai_checked,pass,,LEVEL_LEAK,,lưng,the part of the body opposite the chest,My back hurts after work.,Lie on your back and rest.,0
w-bad-adjective,bad,adjective,A1,Daily life,ai_checked,pass,,LEVEL_LEAK,,"xấu, tệ",not good; of low quality or unpleasant,The weather is bad today.,This morning coffee tastes bad.,0
w-bag-noun,bag,noun,A1,Appearance,ai_checked,pass,,LEVEL_LEAK,,"túi, cặp",a soft container for carrying things,She carries a small bag.,I left my bag at home.,0
w-balcony-noun,balcony,noun,A2,Home,ai_checked,pass,,LEVEL_LEAK,,ban công,a small outdoor platform on a building wall,We drink tea on the balcony every morning.,The flowers on our balcony look very nice.,0
w-ball-noun,ball,noun,A1,Sports,ai_checked,pass,,LEVEL_LEAK,,quả bóng,a round object used in many sports and games,The children play with a ball.,He kicked the ball hard.,0
w-band-noun,band,noun,A1,Appearance,ai_checked,pass,,LEVEL_LEAK,,"vòng, dây đeo (tóc, cổ tay)",a thin strip worn around the hair or wrist,She wears a red hair band.,I lost my watch band.,0
w-bank-verb,bank,verb,A2,Shopping,ai_checked,pass,,LEVEL_LEAK,,gửi tiền vào ngân hàng,to put money into an account safely,I bank my salary on the first day.,Please bank the cash before you leave.,0
w-barbecue-noun,barbecue,noun,A2,Sports,ai_checked,pass,,LEVEL_LEAK,,tiệc nướng ngoài trời,outdoor cooking and meal on a grill,We had a barbecue after the football match.,He brought meat for the team barbecue today.,0
w-bat-noun,bat,noun,A1,Sports,ai_checked,pass,,LEVEL_LEAK,,gậy (bóng chày),a long stick used to hit a ball in sports,He hit the ball with a bat.,Please bring your bat tomorrow.,0
w-beach-noun,beach,noun,A1,Travel,ai_checked,pass,,LEVEL_LEAK,,bãi biển,a sandy or rocky place by the sea,We walked on the beach this morning.,The beach is quiet after lunch.,0
w-bean-noun,bean,noun,A1,Food,ai_checked,pass,,LEVEL_LEAK,,đậu,a small seed used as food,I like rice with green beans.,These beans need more salt.,0
w-bee-noun,bee,noun,A1,School,ai_checked,pass,,LEVEL_LEAK,,ong,a small flying insect that makes honey,A bee sat on the classroom flower.,Children learn about bees at school.,0
w-beer-noun,beer,noun,A2,Food,ai_checked,pass,,LEVEL_LEAK,,bia,an alcoholic drink made from grain,He ordered a cold beer with his meal.,We do not drink beer at work events.,0
w-being-noun,being,noun,A2,Communication,ai_checked,pass,,LEVEL_LEAK,,sinh vật sống; sự tồn tại,a living person or creature that exists,Every human being needs rest and food.,Kindness shows in how we treat other beings.,0
w-bell-noun,bell,noun,A1,Shopping,ai_checked,pass,,LEVEL_LEAK,,chuông,a metal object that makes a ringing sound,Please ring the bell at the shop.,I heard the bell at the door.,0
w-below-adverb,below,adverb,A1,Daily life,ai_checked,pass,,LEVEL_LEAK,,"ở dưới, bên dưới",in a lower place or to a lower level,Please read the notes below.,The flat below is very quiet.,0
w-belt-noun,belt,noun,A2,Shopping,ai_checked,pass,,LEVEL_LEAK,,thắt lưng,a strip worn around the waist on clothes,I bought a new leather belt yesterday.,His belt is too long for these pants.,0
w-biscuit-noun,biscuit,noun,A1,Food,ai_checked,pass,,LEVEL_LEAK,,bánh quy,"a small, dry, sweet or plain baked snack",Would you like a biscuit with tea?,I bought a pack of biscuits.,0
w-blood-noun,blood,noun,A2,Health,ai_checked,pass,,LEVEL_LEAK,,máu,the red liquid inside your body,The nurse took a small sample of blood today.,He cut his finger and lost some blood yesterday.,0
w-blue-noun,blue,noun,A1,Appearance,ai_checked,pass,,LEVEL_LEAK,,màu xanh dương,the colour of a clear sky or the sea,Blue is a calm colour.,I prefer blue to green.,0
w-board-noun,board,noun,A1,Home,ai_checked,pass,,LEVEL_LEAK,,tấm ván; bảng,a flat piece of wood used for a surface,Cut the vegetables on the board.,Please write your name on the board.,0
w-boat-noun,boat,noun,A1,Travel,ai_checked,pass,,LEVEL_LEAK,,"thuyền, tàu nhỏ",a small vehicle that travels on water,We took a boat across the river.,The boat leaves at nine o’clock.,0
w-body-noun,body,noun,A1,Health,ai_checked,pass,,LEVEL_LEAK,,cơ thể,the whole physical form of a person,Exercise is good for your body.,Listen to your body when you feel tired.,0
w-bookstore-noun,bookstore,noun,A1,Shopping,ai_checked,pass,,LEVEL_LEAK,,hiệu sách,a shop that sells books,I found this novel at the bookstore.,The bookstore closes at eight.,0
w-bottle-noun,bottle,noun,A1,Food,ai_checked,pass,,LEVEL_LEAK,,chai,a container with a narrow neck for liquids,Please bring a bottle of water.,This bottle is almost empty.,0
w-bowl-noun,bowl,noun,A1,Shopping,ai_checked,pass,,LEVEL_LEAK,,"bát, tô",a round deep dish for food,I need a large bowl for soup.,She bought two bowls yesterday.,0
w-box-noun,box,noun,A1,Shopping,ai_checked,pass,,LEVEL_LEAK,,"hộp, thùng","a container with flat sides, often with a lid",Put the gifts in this box.,The box is too heavy to carry.,0
w-boyfriend-noun,boyfriend,noun,A1,People,ai_checked,pass,,LEVEL_LEAK,,bạn trai,a man someone is in a romantic relationship with,Her boyfriend works in an office.,I met my boyfriend at university.,0
w-brain-noun,brain,noun,A1,Health,ai_checked,pass,,LEVEL_LEAK,,"não, bộ não",the organ in your head that thinks and controls the body,Sleep helps your brain rest.,Stress is bad for the brain.,0
w-bread-noun,bread,noun,A1,Food,ai_checked,pass,,LEVEL_LEAK,,bánh mì,a basic food made from flour and baked,I eat bread with eggs for lunch.,Fresh bread smells so good.,0
w-break-verb,break,verb,A1,Daily life,ai_checked,pass,,LEVEL_LEAK,,"làm vỡ, làm hỏng; nghỉ ngắn","to damage something, or to pause for a short time",Be careful not to break the glass.,Let’s break for lunch now.,0
w-bridge-noun,bridge,noun,A1,Home,ai_checked,pass,,LEVEL_LEAK,,cầu,a structure that lets people cross over water or a road,There is a bridge near our house.,We walk across the bridge every day.,0
w-broken-adjective,broken,adjective,A1,Daily life,ai_checked,pass,,LEVEL_LEAK,,"bị hỏng, bị vỡ",damaged and not working or in pieces,My phone screen is broken.,The broken chair is in the kitchen.,0
w-brush-noun,brush,noun,A1,School,ai_checked,pass,,LEVEL_LEAK,,cọ (vẽ); bàn chải,a tool with hairs used for painting or cleaning,Use a soft brush for this painting.,Please wash the brush after class.,0
w-bucket-noun,bucket,noun,A1,Shopping,ai_checked,pass,,LEVEL_LEAK,,"cái xô, cái thùng (có quai)",a round container with a handle for carrying liquid,I need a bucket for the floor.,She bought a small bucket at the shop.,0
w-building-noun,building,noun,A1,Home,ai_checked,pass,,LEVEL_LEAK,,"tòa nhà, công trình",a structure with walls and a roof,That building has twenty floors.,Our office is in this building.,0
w-burger-noun,burger,noun,A1,Food,ai_checked,pass,,LEVEL_LEAK,,bánh mì kẹp thịt,a flat round meat patty in a bread roll,I ordered a burger for lunch.,This burger is too big for me.,0
w-bus-noun,bus,noun,A1,Travel,ai_checked,pass,,LEVEL_LEAK,,xe buýt,a large road vehicle that carries many passengers,The bus stops in front of the hotel.,We take the bus to the airport.,0
w-bus-stop-phrase,bus stop,phrase,A2,Travel,ai_checked,pass,,LEVEL_LEAK,,trạm dừng xe buýt,a marked place where public transport picks up riders,Wait for me at the bus stop after work.,The bus stop is just across from our office.,0
w-but-conjunction,but,conjunction,A1,Grammar words,ai_checked,pass,,LEVEL_LEAK,,nhưng,used to show a difference or contrast,I want tea but not coffee.,It is cheap but very good.,0
w-button-noun,button,noun,A1,Appearance,ai_checked,pass,,LEVEL_LEAK,,cúc áo; nút bấm,a small round fastener on clothes or a control you press,One button on my shirt is missing.,Press the red button to start.,0
w-buyer-noun,buyer,noun,B1,People,ai_checked,pass,,LEVEL_LEAK,,người mua,a person who buys something from a seller,The buyer asked for a lower price on the flat.,We need a buyer before we can move out.,0
w-camp-noun,camp,noun,A1,Sports,ai_checked,pass,,LEVEL_LEAK,,trại; trại hè (thể thao),a place where people stay in tents or for training,The team stays at a training camp.,We set up camp near the lake.,0
w-camp-verb,camp,verb,A2,Sports,ai_checked,pass,,LEVEL_LEAK,,cắm trại,to stay outdoors in a tent for fun,We will camp by the lake next weekend together.,They camped in the hills during the summer holiday.,0
w-camping-noun,camping,noun,A2,Sports,ai_checked,pass,,LEVEL_LEAK,,"cắm trại, hoạt động cắm trại ngoài trời",staying outdoors in a tent for fun or rest,We went camping by the lake last weekend.,Camping is cheaper than staying in hotels.,0
w-cap-noun,cap,noun,A1,Appearance,ai_checked,pass,,LEVEL_LEAK,,mũ lưỡi trai; nắp,a soft hat with a front peak,He wears a cap in the sun.,I lost my cap on the bus.,0
w-car-noun,car,noun,A1,Travel,ai_checked,pass,,LEVEL_LEAK,,"ô tô, xe hơi",a road vehicle with four wheels for a few people,We rent a car for the trip.,My car is in the parking lot.,0
w-card-noun,card,noun,A1,Shopping,ai_checked,pass,,LEVEL_LEAK,,thẻ (thanh toán); thiệp,a small piece of plastic for paying or a paper greeting,Can I pay by card here?,She sent a card for my birthday.,0
w-care-noun,care,noun,A1,Health,ai_checked,pass,,LEVEL_LEAK,,sự chăm sóc (sức khỏe),the work of keeping someone healthy and safe,Good care helps you recover fast.,He needs care after the operation.,0
w-careful-adjective,careful,adjective,A1,Feelings,ai_checked,pass,,LEVEL_LEAK,,"cẩn thận, thận trọng",giving attention to avoid mistakes or harm,Be careful on the wet floor.,She is careful with money.,0
w-cd-noun,cd,noun,A1,Sports,ai_checked,pass,,LEVEL_LEAK,,đĩa CD,a small disc that stores music or data,I bought a CD at the shop.,This CD has ten good songs.,0
w-cd-rom-noun,cd-rom,noun,B1,Media,ai_checked,pass,,LEVEL_LEAK,,đĩa lưu dữ liệu máy tính,a disc that stores computer data you read with a drive,The software came on a CD-ROM in the box.,I found an old CD-ROM with family photos.,0
w-certainly-adverb,certainly,adverb,A2,Daily life,ai_checked,pass,,LEVEL_LEAK,,"chắc chắn, tất nhiên",without doubt; used to agree politely or emphasize,"Certainly, I can help you with that.",She will certainly arrive before noon.,0
w-chair-noun,chair,noun,A1,Home,ai_checked,pass,,LEVEL_LEAK,,ghế (có tựa lưng),a piece of furniture for one person to sit on,Please take a chair by the table.,This chair is very comfortable.,0
w-change-verb,change,verb,A1,Shopping,ai_checked,pass,,LEVEL_LEAK,,"đổi (hàng, tiền); thay",to give or receive different money or goods,Can I change this shirt for a larger size?,Where can I change dollars to local money?,0
w-character-noun,character,noun,A1,People,ai_checked,pass,,LEVEL_LEAK,,"nhân vật (trong truyện, phim)","a person in a story, film, or book",My favourite character is kind and brave.,Who is the main character in this film?,0
w-check-noun,check,noun,A1,Shopping,ai_checked,pass,,LEVEL_LEAK,,hóa đơn thanh toán (ở quán ăn),a paper that shows what you must pay,"Could we have the check, please?",The check includes tax and service.,0
w-cheese-noun,cheese,noun,A1,Food,ai_checked,pass,,LEVEL_LEAK,,"phô mai, pho mát",a solid food made from milk,I like cheese on my sandwich.,Please buy some cheese at the market.,0
w-chemical-adjective,chemical,adjective,A2,School,ai_checked,pass,,LEVEL_LEAK,,"thuộc hóa học, có hóa chất",related to substances used in science or industry,Wear gloves when you use chemical products.,The factory stores chemical materials safely.,0
w-cheque-noun,cheque,noun,A2,Shopping,ai_checked,pass,,LEVEL_LEAK,,séc (ngân hàng),a written order to a bank to pay money to someone,He paid the rent by cheque this month.,Please sign the cheque before you send it.,0
w-chili-noun,chili,noun,A2,Food,ai_checked,pass,,LEVEL_LEAK,,ớt; món ớt,a small hot pepper used in cooking,Add one chili if you like spicy food.,She grows chili in a pot on the balcony.,0
w-chimpanzee-noun,chimpanzee,noun,A2,School,ai_checked,pass,,LEVEL_LEAK,,tinh tinh,a large African ape that looks somewhat like a person,We learned about the chimpanzee in biology class.,The chimpanzee uses tools to find food.,0
w-cigarette-noun,cigarette,noun,A2,Sports,ai_checked,pass,,LEVEL_LEAK,,điều thuốc lá,a thin roll of tobacco that people smoke,Smoking a cigarette is bad for your health.,He quit cigarettes before the marathon last year.,0
w-clean-verb,clean,verb,A1,Home,ai_checked,pass,,LEVEL_LEAK,,"dọn dẹp, lau chùi cho sạch",to remove dirt and make something tidy,I clean the bathroom every weekend.,Please clean your desk after class.,0
w-cleaner-noun,cleaner,noun,A2,Home,ai_checked,pass,,LEVEL_LEAK,,chất tẩy rửa; người dọn dẹp,a liquid or person used to make things clean,Use a mild cleaner on the kitchen counter.,The office cleaner comes every Friday morning.,0
w-click-verb,click,verb,A2,Technology,ai_checked,pass,,LEVEL_LEAK,,nhấp (chuột); bấm,to press a button on a mouse or device quickly,Click the link to open the form online.,Just click here and wait a few seconds.,0
w-close-adjective,close,adjective,A1,Daily life,ai_checked,pass,,LEVEL_LEAK,,"gần, ở gần",not far away in distance or time,The bus stop is close to my home.,We are close friends at work.,0
w-close-verb,close,verb,A1,Daily life,ai_checked,pass,,LEVEL_LEAK,,"đóng (cửa, cửa sổ)",to shut something so it is not open,Please close the door quietly.,The shop closes at nine tonight.,0
w-cloth-noun,cloth,noun,A1,Shopping,ai_checked,pass,,LEVEL_LEAK,,"vải, miếng vải",material used for clothes or cleaning things,She bought blue cloth for a dress.,Wipe the table with a clean cloth.,0
w-club-noun,club,noun,A1,Sports,ai_checked,pass,,LEVEL_LEAK,,câu lạc bộ (thể thao),a group that meets regularly to play a sport,He joined a football club last year.,Our club trains every Saturday morning.,0
w-coach-noun,coach,noun,A1,Travel,ai_checked,pass,,LEVEL_LEAK,,xe khách (đường dài),a comfortable bus used for long journeys,We took a coach to the beach.,The coach leaves at eight tonight.,0
w-coat-noun,coat,noun,A1,Appearance,ai_checked,pass,,LEVEL_LEAK,,áo khoác,a warm outer piece of clothing for cold weather,Wear your coat before you go out.,Her new coat looks very nice.,0
w-coke-noun,coke,noun,A1,Food,ai_checked,pass,,LEVEL_LEAK,,nước ngọt có ga (vị cola),a sweet dark fizzy drink with cola flavour,She ordered a coke with her lunch.,"Can I have a glass of coke, please?",0
w-cold-adjective,cold,adjective,A1,Health,ai_checked,pass,,LEVEL_LEAK,,lạnh; bị cảm,"low in temperature, or ill with a runny nose",The water feels very cold today.,I feel cold and need to rest.,0
w-cold-noun,cold,noun,A1,Nature,ai_checked,pass,,LEVEL_LEAK,,"cái lạnh, thời tiết lạnh","low temperature, especially in winter weather",The cold makes the trees look white.,Animals hide from the cold in winter.,0
w-collection-noun,collection,noun,A1,Sports,ai_checked,pass,,LEVEL_LEAK,,bộ sưu tập,a group of similar things kept together,He has a big collection of football shirts.,She showed us her medal collection.,0
w-come-verb,come,verb,A1,Daily life,ai_checked,pass,,LEVEL_LEAK,,"đến, tới",to move toward the speaker or a place,Please come to my office at ten.,They come home late on Fridays.,0
w-commercial-adjective,commercial,adjective,B1,Work,ai_checked,pass,,LEVEL_LEAK,,"thương mại, phục vụ kinh doanh","related to buying, selling, and making profit",She works in the commercial team at a large bank.,"This floor is for commercial use, not private homes.",0
w-computer-noun,computer,noun,A1,Home,ai_checked,pass,,LEVEL_LEAK,,máy tính,an electronic machine for work and the internet,I use my computer for online study.,The computer is on the desk.,0
w-concert-noun,concert,noun,A1,Sports,ai_checked,pass,,LEVEL_LEAK,,buổi hòa nhạc,a public show where musicians play for an audience,We bought tickets for the concert tonight.,The concert was loud but very fun.,0
w-consumer-noun,consumer,noun,B1,Work,ai_checked,pass,,LEVEL_LEAK,,người tiêu dùng,a person who buys and uses goods or services,The shop listens to feedback from every consumer.,Consumers want clear prices on the label.,0
w-cook-noun,cook,noun,A1,Work,ai_checked,pass,,LEVEL_LEAK,,"đầu bếp, người nấu ăn",a person whose job is to prepare food,The cook makes lunch for the staff.,She works as a cook in a hotel.,0
w-cookie-noun,cookie,noun,A1,Food,ai_checked,pass,,LEVEL_LEAK,,bánh quy,"a small sweet baked snack, often crisp",He ate a cookie with his tea.,These cookies taste very good.,0
w-cool-adjective,cool,adjective,A1,Nature,ai_checked,pass,,LEVEL_LEAK,,"mát, mát mẻ","slightly cold in a pleasant, comfortable way",The air feels cool this evening.,We sat in the cool shade of trees.,0
w-cop-noun,cop,noun,A1,Work,ai_checked,pass,,LEVEL_LEAK,,cảnh sát (nói thân mật),"a police officer, informal spoken word",A cop asked to see my ID.,The cop helped us find the street.,0
w-copy-noun,copy,noun,A1,School,ai_checked,pass,,LEVEL_LEAK,,"bản sao, bản photocopy",something made to look the same as the original,Please bring a copy of your report.,I need one copy for the teacher.,0
w-corn-noun,corn,noun,A1,Food,ai_checked,pass,,LEVEL_LEAK,,"ngô, bắp",a tall plant with yellow kernels people eat,We had corn soup for dinner.,Fresh corn is cheap at the market.,0
w-cost-verb,cost,verb,A2,Shopping,ai_checked,pass,,LEVEL_LEAK,,"có giá, tốn (tiền)",to need a particular amount of money to buy,This jacket costs more than I expected.,How much does the ticket cost for adults?,0
w-cover-noun,cover,noun,A1,Shopping,ai_checked,pass,,LEVEL_LEAK,,vỏ bọc; bìa sách,something that goes over an object to protect it,I bought a phone cover online.,The book has a nice cover.,0
w-cream-noun,cream,noun,A1,Food,ai_checked,pass,,LEVEL_LEAK,,kem (ăn); sữa kem,a thick white dairy food used in cooking,Put cream on the cake.,I like cream in my coffee.,0
w-create-verb,create,verb,A2,Daily life,ai_checked,pass,,LEVEL_LEAK,,"tạo ra, sáng tạo",to make something new that did not exist before,She wants to create a blog about travel.,We created a group chat for the project.,0
w-credit-card-phrase,credit card,phrase,A1,Shopping,ai_checked,pass,,LEVEL_LEAK,,thẻ tín dụng,a plastic card used to pay without cash,I pay with my credit card here.,Do you accept credit cards?,0
w-crime-noun,crime,noun,A2,Society,ai_checked,pass,,LEVEL_LEAK,,"tội phạm, hành vi phạm pháp",an act that breaks the law and can be punished,Stealing from a shop is a serious crime.,The city wants to reduce crime at night.,0
w-cruise-noun,cruise,noun,A2,Travel,ai_checked,pass,,LEVEL_LEAK,,chuyến du thuyền,a holiday trip on a large ship across the sea,We booked a cruise around the southern islands.,The cruise leaves from the port early tomorrow.,0
w-culture-noun,culture,noun,A1,Society,ai_checked,pass,,LEVEL_LEAK,,văn hóa,"the ideas, customs, and art of a group of people",Every country has its own culture.,We learn about local culture on trips.,0
w-cup-noun,cup,noun,A1,Shopping,ai_checked,pass,,LEVEL_LEAK,,"cốc, tách",a small container used for drinking,I need a new cup for tea.,This cup was cheap at the market.,0
w-curse-noun,curse,noun,A2,Media,ai_checked,pass,,LEVEL_LEAK,,lời nguyền; lời chửi thề nhẹ,"bad luck said to harm someone, or a swear word",The story talks about an old curse.,He muttered a quiet curse under breath.,0
w-custom-noun,custom,noun,A2,Sports,ai_checked,pass,,LEVEL_LEAK,,"phong tục, tập quán",a traditional way of behaving in a society or group,It is the custom to bow before the match starts.,Local custom says guests should remove their shoes.,0
w-cut-verb,cut,verb,A1,Daily life,ai_checked,pass,,LEVEL_LEAK,,cắt,to divide or remove something with a blade,Please cut the bread for lunch.,I cut my hair at the salon.,0
w-dad-noun,dad,noun,A1,People,ai_checked,pass,,LEVEL_LEAK,,"bố, cha",a common word for your male parent,My dad works near the office.,Dad calls me every evening.,0
w-danger-noun,danger,noun,A2,Travel,ai_checked,pass,,LEVEL_LEAK,,"nguy hiểm, mối nguy",the possibility that someone could be hurt or harmed,There is real danger on icy mountain roads.,Signs warn of danger near the steep cliff edge.,0
w-daughter-noun,daughter,noun,A1,People,ai_checked,pass,,LEVEL_LEAK,,con gái,a female child in relation to her parents,Their daughter studies at university.,My daughter is six years old.,0
w-dead-adjective,dead,adjective,A2,Daily life,ai_checked,pass,,LEVEL_LEAK,,"chết; hết pin, không hoạt động","no longer alive, or not working because of no power",My phone is dead because I forgot to charge.,The flowers are dead so please throw them away.,0
w-deal-noun,deal,noun,A2,Communication,ai_checked,pass,,LEVEL_LEAK,,thỏa thuận; giao dịch,an arrangement or agreement between two or more people,We made a deal to share the small office space.,That sounds like a fair deal to both sides.,0
w-debate-noun,debate,noun,A2,School,ai_checked,pass,,LEVEL_LEAK,,cuộc tranh luận,a formal discussion where people give different opinions,Our class had a debate about learning online at home.,She spoke clearly in the school debate this morning.,0
w-desk-noun,desk,noun,A1,Home,ai_checked,pass,,LEVEL_LEAK,,"bàn làm việc, bàn học",a table where you work or study,My desk is next to the window.,Please keep your desk tidy.,0
w-developed-adjective,developed,adjective,A2,Society,ai_checked,pass,,LEVEL_LEAK,,"phát triển, tiên tiến (về kinh tế, xã hội)","advanced in industry, technology, or living standards",Many people move to developed countries for work.,This region has a highly developed transport system.,0
w-die-verb,die,verb,A2,Daily life,ai_checked,pass,,LEVEL_LEAK,,"chết; hỏng, tắt (máy, pin)","to stop living, or to stop working completely",My old phone may die if the battery is low.,Plants die quickly without water in hot weather.,0
w-difficult-adjective,difficult,adjective,A1,Daily life,ai_checked,pass,,LEVEL_LEAK,,"khó, khó khăn",hard to do or understand,This test is very difficult for me.,Learning English can feel difficult sometimes.,0
w-discount-noun,discount,noun,B1,Shopping,ai_checked,pass,,LEVEL_LEAK,,"giảm giá, chiết khấu",a lower price than the usual amount,This shop offers a ten percent discount today.,Students can get a discount with a valid card.,0
w-discover-verb,discover,verb,A2,Daily life,ai_checked,pass,,LEVEL_LEAK,,"khám phá, phát hiện",to find something that was hidden or unknown,We discovered a nice café on our walk.,Scientists discovered a new species last year.,0
w-dish-noun,dish,noun,A1,Shopping,ai_checked,pass,,LEVEL_LEAK,,"đĩa, bát đựng thức ăn",a flat plate used for food at meals,I need a clean dish for rice.,These dishes are on sale today.,0
w-disk-noun,disk,noun,B1,Media,ai_checked,pass,,LEVEL_LEAK,,đĩa (lưu trữ dữ liệu hoặc vật tròn mỏng),a flat round object used to store data or music,I saved the photos on an external disk.,The old disk still has our family videos.,0
w-dislike-noun,dislike,noun,A2,People,ai_checked,pass,,LEVEL_LEAK,,"sự không thích, ác cảm",a feeling of not liking someone or something,She has a strong dislike of loud music.,His dislike of cold weather is well known.,0
w-display-noun,display,noun,A2,Shopping,ai_checked,pass,,LEVEL_LEAK,,"màn trưng bày, khu trưng bày",an arrangement of goods for people to look at,The shoes are on display near the door.,There is a fruit display in the shop window.,0
w-doctor-noun,doctor,noun,A1,Work,ai_checked,pass,,LEVEL_LEAK,,bác sĩ,a person trained to treat sick people,The doctor checked my blood pressure.,I want to be a doctor someday.,0
w-dollar-noun,dollar,noun,A1,Shopping,ai_checked,pass,,LEVEL_LEAK,,đô la,money used in the United States and some countries,This shirt costs ten dollars.,I paid in dollars at the shop.,0
w-door-noun,door,noun,A1,Home,ai_checked,pass,,LEVEL_LEAK,,cửa,the part you open to enter a room or building,Please close the door quietly.,Someone is at the door.,0
w-down-adverb,down,adverb,A1,Daily life,ai_checked,pass,,LEVEL_LEAK,,"xuống, phía dưới",toward a lower place or position,Please sit down and relax.,He walked down the stairs slowly.,0
w-dressed-adjective,dressed,adjective,A2,Appearance,ai_checked,pass,,LEVEL_LEAK,,mặc quần áo (thường chỉ trang phục chỉnh tề),"wearing clothes, often in a neat or formal way",She was well dressed for the job interview today.,He is always dressed smartly when he goes to work.,0
w-drink-noun,drink,noun,A1,Food,ai_checked,pass,,LEVEL_LEAK,,đồ uống,"liquid that you can swallow, like water or tea","Can I get a cold drink, please?",We ordered food and a drink.,0
w-drink-verb,drink,verb,A1,Food,ai_checked,pass,,LEVEL_LEAK,,uống,to take liquid into your mouth and swallow,I drink coffee every morning.,Please drink more water today.,0
w-drop-verb,drop,verb,A1,Daily life,ai_checked,pass,,LEVEL_LEAK,,làm rơi; thả xuống,to let something fall from your hand,Be careful not to drop your phone.,I drop the kids at school daily.,0
w-drum-noun,drum,noun,A1,Sports,ai_checked,pass,,LEVEL_LEAK,,trống,a round musical instrument you hit with sticks,He plays the drum in the band.,We heard drums at the parade.,0
w-due-adjective,due,adjective,A1,Daily life,ai_checked,pass,,LEVEL_LEAK,,"đến hạn, phải nộp",expected to happen or be paid at a time,The rent is due on the first.,My report is due next Friday.,0
w-dvd-noun,dvd,noun,A1,Sports,ai_checked,pass,,LEVEL_LEAK,,đĩa DVD,a disc that stores films or music to watch at home,We watched a film on DVD.,This DVD is still in the box.,0
w-ear-noun,ear,noun,A1,Health,ai_checked,pass,,LEVEL_LEAK,,tai,the part of the body used for hearing,My ear hurts after the flight.,She whispered in my left ear.,0
w-early-adverb,early,adverb,A1,Daily life,ai_checked,pass,,LEVEL_LEAK,,sớm,before the usual or expected time,I wake up early on weekdays.,Please arrive early for the meeting.,0
w-earth-noun,earth,noun,A2,Society,ai_checked,pass,,LEVEL_LEAK,,"Trái Đất; đất, đất đai",the planet we live on; soil on the ground,We must protect the earth for future generations.,Farmers grow rice in the rich earth near the river.,0
w-edition-noun,edition,noun,B1,Media,ai_checked,pass,,LEVEL_LEAK,,"ấn bản, phiên bản","a particular version of a book, paper, or magazine",I bought the latest edition of the travel guide yesterday.,The morning edition of the paper arrived before breakfast.,0
w-editor-noun,editor,noun,A2,Work,ai_checked,pass,,LEVEL_LEAK,,biên tập viên,a person who checks and improves written work,The editor fixed mistakes in my article yesterday.,Our editor asked for a shorter title for the report.,0
w-education-noun,education,noun,A2,School,ai_checked,pass,,LEVEL_LEAK,,"giáo dục, sự giáo dục",teaching and learning in schools or colleges,Good education helps people find better jobs.,She works in education at a local high school.,0
w-effective-adjective,effective,adjective,B1,Work,ai_checked,pass,,LEVEL_LEAK,,có hiệu quả,producing the good result that you want or need,This method is effective for learning new words quickly.,The team found a simple but effective way to save time.,0
w-efficient-adjective,efficient,adjective,B1,Work,ai_checked,pass,,LEVEL_LEAK,,"hiệu quả, làm việc gọn","working well without wasting time, money, or energy",An efficient bus route saves commuters a lot of time.,She is efficient and finishes her reports before lunch.,0
w-egg-noun,egg,noun,A1,Food,ai_checked,pass,,LEVEL_LEAK,,trứng,"food from a chicken, often fried or boiled",I had two eggs for breakfast.,She buys fresh eggs at the market.,0
w-either-adverb,either,adverb,A1,Daily life,ai_checked,pass,,LEVEL_LEAK,,cũng không (trong câu phủ định),"also not, used after a negative statement",I do not like it either.,She is not coming either.,0
w-electric-adjective,electric,adjective,A2,Technology,ai_checked,pass,,LEVEL_LEAK,,"điện, chạy bằng điện",using or producing electricity,We bought an electric kettle for the new kitchen.,This electric fan is quiet and saves power.,0
w-electron-noun,electron,noun,B1,School,ai_checked,pass,,LEVEL_LEAK,,hạt mang điện tích âm trong nguyên tử,a tiny particle with a negative charge inside an atom,Our teacher drew an electron moving around the nucleus.,Each electron carries a very small amount of negative charge.,0
w-elementary-adjective,elementary,adjective,A1,School,ai_checked,pass,,LEVEL_LEAK,,"cơ bản, sơ đẳng (cấp tiểu học)",simple and at the first level of learning,She teaches at an elementary school nearby.,We learn elementary words in this class.,0
w-end-noun,end,noun,A1,Daily life,ai_checked,pass,,LEVEL_LEAK,,"kết thúc, phần cuối",the final part of something,We met at the end of the street.,The film has a happy end.,0
w-enormous-adjective,enormous,adjective,A2,Daily life,ai_checked,pass,,LEVEL_LEAK,,"rất lớn, khổng lồ",very large in size or amount,They live in an enormous house near the lake.,The project took an enormous amount of time.,0
w-even-adverb,even,adverb,A2,Daily life,ai_checked,pass,,LEVEL_LEAK,,"thậm chí, ngay cả",used to emphasize something surprising,Even my brother liked the vegetarian dish.,"It was cold, even inside the house.",0
w-event-noun,event,noun,A1,Sports,ai_checked,pass,,LEVEL_LEAK,,"sự kiện (thể thao, giải đấu)",an organized activity people watch or join,The sports event starts at six.,Many people came to the event.,0
w-exhibition-noun,exhibition,noun,A2,Sports,ai_checked,pass,,LEVEL_LEAK,,"triển lãm, buổi trưng bày",a public show where items are on display,We saw a sports equipment exhibition downtown.,The exhibition opens at nine in the morning.,0
w-eye-noun,eye,noun,A1,Health,ai_checked,pass,,LEVEL_LEAK,,mắt,the body part you use to see,She has brown eyes and short hair.,Close your eyes and rest a bit.,0
w-face-to-face-adjective,face-to-face,adjective,B1,Daily life,ai_checked,pass,,LEVEL_LEAK,,"trực tiếp, gặp mặt trực tiếp","involving people meeting in person, not online",We prefer a face-to-face meeting for important decisions.,Face-to-face classes resume at the community center next month.,0
w-fairy-noun,fairy,noun,A1,Media,ai_checked,pass,,LEVEL_LEAK,,tiên (nhân vật trong truyện),a small magic person in old stories,The child likes the fairy in the film.,A fairy helps the girl in the story.,0
w-famous-adjective,famous,adjective,A1,Media,ai_checked,pass,,LEVEL_LEAK,,nổi tiếng,known by many people,That singer is famous in our country.,The city has a famous old bridge.,0
w-farm-noun,farm,noun,A1,Home,ai_checked,pass,,LEVEL_LEAK,,"trang trại, nông trại",land used to grow food or raise animals,They have a small farm outside town.,We visited a farm on the trip.,0
w-fast-adjective,fast,adjective,A1,Sports,ai_checked,pass,,LEVEL_LEAK,,nhanh,moving or happening at high speed,He is a very fast runner.,The bus was fast this morning.,0
w-fee-noun,fee,noun,A2,Travel,ai_checked,pass,,LEVEL_LEAK,,"phí, lệ phí",an amount of money charged for a service,There is a small fee for extra luggage today.,Did you pay the booking fee online last night?,0
w-feed-noun,feed,noun,A1,Food,ai_checked,pass,,LEVEL_LEAK,,"thức ăn (cho gia súc, gia cầm)",food given to farm animals,We bought feed for the chickens.,The feed is stored in the barn.,0
w-feel-noun,feel,noun,A2,Feelings,ai_checked,pass,,LEVEL_LEAK,,cảm giác (khi chạm); không khí,the quality something has when you touch it,I like the soft feel of this cotton shirt.,The café had a warm and friendly feel inside.,0
w-feel-verb,feel,verb,A1,Feelings,ai_checked,pass,,LEVEL_LEAK,,cảm thấy,to experience an emotion or physical state,I feel happy when I see my family.,Do you feel tired after the trip?,0
w-female-adjective,female,adjective,A2,People,ai_checked,pass,,LEVEL_LEAK,,"nữ, giới tính cái",belonging to the sex that can have babies,The form asks whether you are male or female.,She joined a female football team at her school.,0
w-fence-noun,fence,noun,A2,Home,ai_checked,pass,,LEVEL_LEAK,,hàng rào,a structure that marks the edge of a yard,Our fence needs paint after the long rainy season.,The dog jumped over the fence this morning.,0
w-festival-noun,festival,noun,A1,Sports,ai_checked,pass,,LEVEL_LEAK,,lễ hội,"a special event with music, food, or sports",We went to a music festival last weekend.,The sports festival starts in the morning.,0
w-fever-noun,fever,noun,A1,Health,ai_checked,pass,,LEVEL_LEAK,,sốt,a high body temperature when you are ill,The child has a fever tonight.,Please rest if you have a fever.,0
w-field-noun,field,noun,A1,Home,ai_checked,pass,,LEVEL_LEAK,,"cánh đồng, bãi cỏ",a large open area of grass or farmland,Children play in the field near home.,We walked across the quiet green field.,0
w-fight-noun,fight,noun,A1,Society,ai_checked,pass,,LEVEL_LEAK,,"cuộc đánh nhau, xung đột",an angry argument or physical struggle between people,There was a fight on the street last night.,The fight started over a small problem.,0
w-figure-noun,figure,noun,A2,Daily life,ai_checked,pass,,LEVEL_LEAK,,con số; hình dáng,a number that shows an amount or total,These figures show how sales grew last quarter.,Can you check the figure on this invoice please?,0
w-file-noun,file,noun,A1,Home,ai_checked,pass,,LEVEL_LEAK,,"tập tin, hồ sơ (trên máy tính)",a document or folder stored on a computer,Please save the file on your desk.,I cannot open this file at home.,0
w-finance-verb,finance,verb,B1,Work,ai_checked,pass,,LEVEL_LEAK,,"cấp vốn, tài trợ","to provide money for a project, business, or purchase",The bank agreed to finance our new office equipment.,Who will finance the training program this year?,0
w-flag-noun,flag,noun,A1,Shopping,ai_checked,pass,,LEVEL_LEAK,,cờ,a piece of cloth with colours that represents a country,The shop has a red flag outside.,I bought a small flag at the market.,0
w-float-noun,float,noun,A2,Travel,ai_checked,pass,,LEVEL_LEAK,,phao bơi; xe hoa (diễu hành),"a light object on water, or a decorated parade vehicle",She bought a float for the beach trip.,We watched a colorful float in the parade.,0
w-floor-noun,floor,noun,A1,Home,ai_checked,pass,,LEVEL_LEAK,,"sàn nhà, tầng",the flat surface you walk on inside a room,Please do not walk on the wet floor.,The floor in our kitchen is clean.,0
w-fly-noun,fly,noun,A1,Travel,ai_checked,pass,,LEVEL_LEAK,,con ruồi,a small insect with wings that can buzz around,A fly landed on my food at lunch.,There is a fly in the hotel room.,0
w-following-adjective,following,adjective,A1,Daily life,ai_checked,pass,,LEVEL_LEAK,,"sau đây, tiếp theo",the ones that come next in a list or time,Please read the following sentences aloud.,We meet on the following Monday morning.,0
w-footballer-noun,footballer,noun,A2,People,ai_checked,pass,,IPA_MISSING,,cầu thủ bóng đá,a person who plays football as a job or hobby,My brother wants to be a footballer one day.,The footballer scored a goal in the last minute.,0
w-foreign-adjective,foreign,adjective,A1,Travel,ai_checked,pass,,LEVEL_LEAK,,nước ngoài,from or relating to another country,She works for a foreign company.,We tried foreign food on our trip.,0
w-foreigner-noun,foreigner,noun,A1,People,ai_checked,pass,,LEVEL_LEAK,,người nước ngoài,a person from a country that is not yours,The tour guide helps foreigners in the city.,"As a foreigner, I learn local customs slowly.",0
w-form-noun,form,noun,A1,Daily life,ai_checked,pass,,LEVEL_LEAK,,"mẫu đơn, biểu mẫu",a paper or online document with blank spaces to fill,Please sign this form at the desk.,I fill in the form with my details.,0
w-form-verb,form,verb,B1,Daily life,ai_checked,pass,,LEVEL_LEAK,,"hình thành, tạo thành","to start or create something, or to take a particular shape",They formed a small group to plan the community event.,Ice will form on the windows if it gets colder tonight.,0
w-free-adjective,free,adjective,A1,Daily life,ai_checked,pass,,LEVEL_LEAK,,miễn phí; rảnh (có thời gian),"not costing money, or available to do something",The Wi-Fi here is completely free.,Are you free on Sunday evening?,0
w-friendship-noun,friendship,noun,A2,People,ai_checked,pass,,LEVEL_LEAK,,tình bạn,a close and caring relationship between friends,Their friendship grew stronger after they worked together.,Good friendship needs trust and honest talk.,0
w-from-preposition,from,preposition,A1,Grammar words,ai_checked,pass,,LEVEL_LEAK,,"từ (nơi chốn, thời gian)",shows where or when something starts,We all come from Hanoi originally.,I work from eight to five daily.,0
w-front-adjective,front,adjective,A1,Daily life,ai_checked,pass,,LEVEL_LEAK,,phía trước,at or near the forward part of something,Please use the front door tonight.,I like to sit in the front seat.,0
w-full-adjective,full,adjective,A1,Daily life,ai_checked,pass,,LEVEL_LEAK,,"đầy, no",holding as much as possible; not empty,The bus is full this morning.,My plate is full of rice now.,0
w-fun-adjective,fun,adjective,A1,Feelings,ai_checked,pass,,LEVEL_LEAK,,"vui, thú vị",enjoyable and making you feel happy,The company trip was really fun.,Learning English together can be fun.,0
w-fund-verb,fund,verb,B1,Daily life,ai_checked,pass,,LEVEL_LEAK,,"cấp kinh phí, tài trợ",to provide money for a plan or activity,They will fund the new community project.,Who will fund our research this year?,0
w-garage-noun,garage,noun,A2,Home,ai_checked,pass,,LEVEL_LEAK,,nhà để xe; gara sửa xe,"a building for keeping a car, or for car repairs",He parks his motorbike in the garage at night.,The garage fixed my car brake in one day.,0
w-garden-noun,garden,noun,A1,Home,ai_checked,pass,,LEVEL_LEAK,,vườn,land near a home where plants grow,My mother works in the garden daily.,We grow herbs in our small garden.,0
w-get-verb,get,verb,A1,Daily life,ai_checked,pass,,LEVEL_LEAK,,"nhận, lấy; đến nơi","to receive, obtain, or reach a place",I get up at six every weekday.,Can you get some milk on the way?,0
w-gift-noun,gift,noun,A1,Shopping,ai_checked,pass,,LEVEL_LEAK,,"quà, món quà",something you give to show kindness,She bought a gift for her colleague.,Thank you for the lovely gift today.,0
w-girl-noun,girl,noun,A1,People,ai_checked,pass,,LEVEL_LEAK,,"cô gái, bé gái",a female child or young woman,The girl next door is very friendly.,A young girl waited at the bus stop.,0
w-girlfriend-noun,girlfriend,noun,A1,People,ai_checked,pass,,LEVEL_LEAK,,bạn gái,a woman someone has a romantic relationship with,He called his girlfriend last night.,My girlfriend works near the office.,0
w-given-adjective,given,adjective,A2,Daily life,ai_checked,pass,,LEVEL_LEAK,,"đã nêu, đã cho trước",already stated or fixed at a particular time,Meet me at the given time tomorrow.,Use the given address on the letter.,0
w-glasses-noun,glasses,noun,A1,Home,ai_checked,pass,,LEVEL_LEAK,,kính (đeo mắt),lenses in frames worn to help you see,I need my glasses to read small text.,Her glasses broke on the train today.,0
w-goal-noun,goal,noun,A1,Sports,ai_checked,pass,,LEVEL_LEAK,,bàn thắng (thể thao),a point scored in sports like football,Our team scored a goal this morning.,The keeper saved the last goal easily.,0
w-good-adjective,good,adjective,A1,Daily life,ai_checked,pass,,LEVEL_LEAK,,"tốt, giỏi",of high quality or morally right,This is a good idea for our team.,She is a good worker at the shop.,0
w-good-afternoon-interjection,good afternoon,interjection,A1,Grammar words,ai_checked,pass,,LEVEL_LEAK,,chào buổi chiều,a polite greeting used after midday,"Good afternoon, how can I help you?","Good afternoon, everyone in the meeting.",0
w-good-morning-interjection,good morning,interjection,A1,Grammar words,ai_checked,pass,,LEVEL_LEAK,,chào buổi sáng,a polite greeting used early in the day,"Good morning, did you sleep well?",I always say good morning at work.,0
w-greatly-adverb,greatly,adverb,A2,Daily life,ai_checked,pass,,LEVEL_LEAK,,"rất nhiều, đáng kể",very much or by a large amount,Your help greatly improved my English.,Prices greatly changed after the holiday.,0
w-ground-noun,ground,noun,A1,Sports,ai_checked,pass,,LEVEL_LEAK,,"mặt đất, sân",the solid surface under your feet outdoors,The ball is on the ground now.,We sat on the ground to rest.,0
w-grow-verb,grow,verb,A1,Nature,ai_checked,pass,,LEVEL_LEAK,,"lớn lên; trồng, phát triển","to become bigger, or to raise plants",Children grow so fast these days.,We grow tomatoes on the balcony.,0
w-guitar-noun,guitar,noun,A1,Home,ai_checked,pass,,LEVEL_LEAK,,đàn ghi ta,a musical instrument with strings you play,He plays the guitar after work.,My guitar is in the living room.,0
w-hall-noun,hall,noun,A1,Home,ai_checked,pass,,LEVEL_LEAK,,hành lang; sảnh,a long narrow space inside a building,Please wait in the hall for me.,The hall leads to the kitchen.,0
w-hamburger-noun,hamburger,noun,A1,Food,ai_checked,pass,,LEVEL_LEAK,,bánh mì kẹp thịt,a flat meat patty in a bread roll,I ordered a hamburger for lunch.,This hamburger is too salty for me.,0
w-hand-verb,hand,verb,A2,Health,ai_checked,pass,,LEVEL_LEAK,,"đưa, trao tay",to pass something to someone directly,Please hand me the bandage from the box.,The nurse will hand you your medicine now.,0
w-happen-verb,happen,verb,A1,Daily life,ai_checked,pass,,LEVEL_LEAK,,xảy ra,"to take place or occur, often without planning",What will happen if we are late?,Accidents can happen on busy roads.,0
w-hard-adverb,hard,adverb,A1,Daily life,ai_checked,pass,,LEVEL_LEAK,,"chăm chỉ; mạnh, dữ dội",with a lot of effort or force,She works hard every day at school.,It rained hard last night here.,0
w-head-noun,head,noun,A1,Health,ai_checked,pass,,LEVEL_LEAK,,đầu,the upper part of your body above the neck,I have a pain in my head.,She nodded her head and smiled.,0
w-headphone-noun,headphone,noun,A2,Home,ai_checked,pass,,LEVEL_LEAK,,tai nghe (một bên hoặc thiết bị nghe),a device worn on the ear to listen to sound,My left headphone stopped working yesterday.,Please plug the headphone into your laptop.,0
w-headteacher-noun,headteacher,noun,A2,People,ai_checked,pass,,IPA_MISSING,,hiệu trưởng (trường phổ thông),the person who leads and manages a school,The headteacher spoke at the school meeting.,Parents can email the headteacher with questions.,0
w-healthy-adjective,healthy,adjective,A1,Health,ai_checked,pass,,LEVEL_LEAK,,khỏe mạnh,"in good physical condition, not often ill",I try to eat healthy food.,He looks healthy after the trip.,0
w-hear-verb,hear,verb,A1,Communication,ai_checked,pass,,LEVEL_LEAK,,nghe,to receive sound through your ears,I can hear the bus now.,Did you hear what she said?,0
w-heart-noun,heart,noun,A1,Health,ai_checked,pass,,LEVEL_LEAK,,tim,the organ in your chest that pumps blood,Exercise is good for your heart.,The doctor listened to my heart.,0
w-helpful-adjective,helpful,adjective,A2,Feelings,ai_checked,pass,,LEVEL_LEAK,,"hay giúp đỡ, có ích",willing to assist others or useful in a situation,The staff were very helpful at the hotel.,This guide is helpful for new learners.,0
w-high-adjective,high,adjective,A1,Daily life,ai_checked,pass,,LEVEL_LEAK,,cao,far above the ground or above normal,The price is too high today.,We live on a high floor.,0
w-hill-noun,hill,noun,A1,Home,ai_checked,pass,,LEVEL_LEAK,,đồi,"raised land, smaller than a mountain",We walked up the hill slowly.,Their house is on a hill.,0
w-hole-noun,hole,noun,A1,Home,ai_checked,pass,,LEVEL_LEAK,,"lỗ, hố",an empty space or opening in something,There is a hole in my sock.,The dog dug a hole in the yard.,0
w-hospital-noun,hospital,noun,A1,Health,ai_checked,pass,,LEVEL_LEAK,,bệnh viện,a place where sick people get medical care,She works at the hospital nearby.,He went to the hospital yesterday.,0
w-ice-noun,ice,noun,A1,Food,ai_checked,pass,,LEVEL_LEAK,,đá,"frozen water, used to keep drinks cold",Please put ice in my drink.,The ice melts fast in the sun.,0
w-ideal-adjective,ideal,adjective,A1,Feelings,ai_checked,pass,,LEVEL_LEAK,,"lý tưởng, hoàn hảo",perfect or the best possible for something,This beach is ideal for a quiet holiday.,A small bag is ideal for daily travel.,0
w-if-conjunction,if,conjunction,A1,Grammar words,ai_checked,pass,,LEVEL_LEAK,,nếu,used to talk about a possible situation,"If it rains, we will stay at home.",Call me if you need any help today.,0
w-important-adjective,important,adjective,A1,Daily life,ai_checked,pass,,LEVEL_LEAK,,quan trọng,having great meaning or value for someone,Sleep is important for your health every day.,This meeting is very important for our team.,0
w-impossible-adjective,impossible,adjective,A2,Feelings,ai_checked,pass,,LEVEL_LEAK,,"không thể, không làm được",not able to happen or be done,Finishing this today is impossible for me.,"The door was locked, so entry seemed impossible.",0
w-in-preposition,in,preposition,A1,Grammar words,ai_checked,pass,,LEVEL_LEAK,,"trong, ở bên trong","inside a place, area, or container",Your keys are in my bag right now.,We live in a small city near the sea.,0
w-increase-verb,increase,verb,A2,Daily life,ai_checked,pass,,LEVEL_LEAK,,"tăng, làm tăng",to become or make something larger in amount,They plan to increase prices next month.,Walking can increase your energy during the day.,0
w-indeed-adverb,indeed,adverb,A2,Grammar words,ai_checked,pass,,LEVEL_LEAK,,"quả thật, thực sự (nhấn mạnh)",used to emphasize that something is true or certain,It was indeed a long and tiring day.,Thank you indeed for all your support.,0
w-information-noun,information,noun,A1,Media,ai_checked,pass,,LEVEL_LEAK,,thông tin,facts or details you learn about something,I need more information about the hotel booking.,This page has useful information for new students.,0
w-instruction-noun,instruction,noun,B1,School,ai_checked,pass,,LEVEL_LEAK,,"hướng dẫn, chỉ dẫn cách làm",detailed information telling you how to do something,Read the instruction on the box before you assemble it.,The teacher gave clear instruction for the group project.,0
w-instructor-noun,instructor,noun,B1,School,ai_checked,pass,,LEVEL_LEAK,,"giảng viên, người hướng dẫn",a person who teaches a skill or subject,Our yoga instructor corrected my posture gently.,The driving instructor explained the test route clearly.,0
w-interesting-adjective,interesting,adjective,A1,Feelings,ai_checked,pass,,LEVEL_LEAK,,"thú vị, hấp dẫn",making you want to pay attention or learn,The book is very interesting to read at night.,We watched an interesting film last weekend.,0
w-internet-noun,internet,noun,A1,Media,ai_checked,pass,,LEVEL_LEAK,,mạng toàn cầu,a global system that connects computers and phones,I found the answer on the internet last night.,The internet is slow in my room today.,0
w-interviewer-noun,interviewer,noun,A1,People,ai_checked,pass,,LEVEL_LEAK,,người phỏng vấn,a person who asks questions in an interview,The interviewer asked about my work experience.,My interviewer was friendly and spoke slowly.,0
w-into-preposition,into,preposition,A1,Grammar words,ai_checked,pass,,LEVEL_LEAK,,vào trong,moving from outside to inside something,She walked into the shop after work today.,Put the milk into the fridge please now.,0
w-italicize-verb,italicize,verb,B2,School,ai_checked,pass,,IPA_MISSING,,in nghiêng (chữ),to print or write words in slanted type,Please italicize the foreign words in your essay.,The editor asked us to italicize book titles.,0
w-jewelry-noun,jewelry,noun,A1,Shopping,ai_checked,pass,,LEVEL_LEAK,,trang sức,"rings, necklaces, and other things you wear",She sold some old jewelry online last week.,The shop has beautiful jewelry on display today.,0
w-job-noun,job,noun,A1,Work,ai_checked,pass,,LEVEL_LEAK,,công việc,paid work that you do regularly,He got a new job at the bank last month.,My job starts at eight every weekday morning.,0
w-join-verb,join,verb,A1,Daily life,ai_checked,pass,,LEVEL_LEAK,,"tham gia, gia nhập",to become part of a group or activity,Would you like to join us for lunch today?,I want to join the English class this term.,0
w-key-adjective,key,adjective,A1,Daily life,ai_checked,pass,,LEVEL_LEAK,,"quan trọng, chủ yếu",very important for success or understanding,This is a key point in the talk.,The key person is not here today.,0
w-key-noun,key,noun,A1,Home,ai_checked,pass,,LEVEL_LEAK,,chìa khóa,a small metal object that opens a lock,I lost my key this morning.,Please put the key on the table.,0
w-kill-verb,kill,verb,A1,Daily life,ai_checked,pass,,LEVEL_LEAK,,giết; làm chết,"to cause a person, animal, or plant to die",This cold weather killed our plants.,We killed time before the bus came.,0
w-killer-noun,killer,noun,A2,Society,ai_checked,pass,,LEVEL_LEAK,,"thứ cực khó, thử thách nặng (thân mật)",something that is very hard or tiring to deal with,The final exam was a real killer this term.,That long hill is a killer on hot days.,0
w-knee-noun,knee,noun,A1,Health,ai_checked,pass,,LEVEL_LEAK,,đầu gối,the middle joint in your leg,My knee hurts after I run.,Please bend your knee slowly.,0
w-knife-noun,knife,noun,A1,Shopping,ai_checked,pass,,LEVEL_LEAK,,dao,a tool with a sharp blade for cutting,I need a knife to cut bread.,Be careful with that sharp knife.,0
w-know-verb,know,verb,A1,School,ai_checked,pass,,LEVEL_LEAK,,"biết, quen biết",to have information or be familiar with someone,Do you know the answer?,I know her from university.,0
w-lady-noun,lady,noun,A1,People,ai_checked,pass,,LEVEL_LEAK,,"phụ nữ, quý bà","a woman, especially in polite speech",The lady at the desk helped me.,An old lady lives next door.,0
w-land-verb,land,verb,A2,Travel,ai_checked,pass,,LEVEL_LEAK,,"hạ cánh, đáp xuống",to come down onto the ground after flying,Our plane will land in Hanoi at noon.,The pilot landed the plane safely in the rain.,0
w-landlord-noun,landlord,noun,B1,Work,ai_checked,pass,,LEVEL_LEAK,,chủ nhà cho thuê,a person who owns a building and rents rooms or flats to tenants,Our landlord fixed the broken heater within one day.,I called the landlord to ask about renewing the lease.,0
w-late-adverb,late,adverb,A1,Daily life,ai_checked,pass,,LEVEL_LEAK,,"muộn, trễ",after the usual or expected time,Please do not stay up too late.,He came home late last night.,0
w-lawyer-noun,lawyer,noun,A2,Work,ai_checked,pass,,LEVEL_LEAK,,luật sư,a person trained to advise people on legal matters,My cousin works as a lawyer in the city.,We need a lawyer to read this contract.,0
w-lead-adjective,lead,adjective,B1,Work,ai_checked,pass,,LEVEL_LEAK,,"chính, hàng đầu (vai trò, vị trí)",most important or main in a group or project,She is the lead designer on our team.,He took a lead role in the new campaign.,0
w-leaf-noun,leaf,noun,A1,Shopping,ai_checked,pass,,LEVEL_LEAK,,chiếc lá,a flat green part that grows on a plant,A yellow leaf fell on my bag.,I found a dry leaf in the book.,0
w-left-adjective,left,adjective,A1,Daily life,ai_checked,pass,,LEVEL_LEAK,,bên trái,on the side opposite to the right,Turn left at the next corner.,My left hand holds the cup.,0
w-leg-noun,leg,noun,A1,Health,ai_checked,pass,,LEVEL_LEAK,,chân,a part of the body used for walking,My leg hurts after the long walk.,He broke his leg last year.,0
w-lesson-noun,lesson,noun,A1,School,ai_checked,pass,,LEVEL_LEAK,,bài học,a period of teaching or learning at school,We have an English lesson today.,The lesson starts at nine o'clock.,0
w-level-noun,level,noun,A2,Daily life,ai_checked,pass,,LEVEL_LEAK,,"mức, cấp độ","a particular height, amount, or standard in something",Water rose to a dangerous level overnight.,What level is your English class this year?,0
w-light-noun,light,noun,A1,Home,ai_checked,pass,,LEVEL_LEAK,,ánh sáng; đèn,energy from the sun or a lamp that you see,Please turn on the light.,The light in this room is good.,0
w-like-preposition,like,preposition,A1,Grammar words,ai_checked,pass,,LEVEL_LEAK,,giống như,similar to something or someone else,She looks like her mother.,It tastes like fresh fruit.,0
w-list-noun,list,noun,A1,Home,ai_checked,pass,,LEVEL_LEAK,,danh sách,a set of names or things written one under another,I made a list for the market.,Your name is on the list.,0
w-living-adjective,living,adjective,A1,Home,ai_checked,pass,,LEVEL_LEAK,,đang sống; sinh hoạt,"alive now, or used for daily life at home",All living things need clean water.,The living area is very comfortable.,0
w-living-room-phrase,living room,phrase,A1,Home,ai_checked,pass,,LEVEL_LEAK,,phòng khách,the main room in a home for relaxing,We watch TV in the living room.,The living room has a big sofa.,0
w-local-adjective,local,adjective,A2,Travel,ai_checked,pass,,LEVEL_LEAK,,"địa phương, ở gần",belonging to the nearby area or community,We tried a local restaurant near the hotel.,Ask a local person for directions to the beach.,0
w-look-verb,look,verb,A1,Appearance,ai_checked,pass,,LEVEL_LEAK,,nhìn; trông có vẻ,to use your eyes; to seem or appear,You look nice in that coat.,She looks at herself in the mirror.,0
w-loose-adjective,loose,adjective,A2,Appearance,ai_checked,pass,,LEVEL_LEAK,,"rộng, không vừa; lỏng",not tight or fixed firmly in place,These jeans feel loose around the waist.,Check the loose button on your shirt.,0
w-magazine-noun,magazine,noun,A1,Home,ai_checked,pass,,LEVEL_LEAK,,tạp chí,"a thin book with articles and pictures, sold weekly or monthly",She reads a magazine on the sofa.,I bought a travel magazine yesterday.,0
w-make-verb,make,verb,A1,Daily life,ai_checked,pass,,LEVEL_LEAK,,làm; tạo ra,to create or produce something,I make dinner for my family.,Can you make a cup of tea?,0
w-male-noun,male,noun,A2,People,ai_checked,pass,,LEVEL_LEAK,,"nam giới, con trai (trên giấy tờ)",a person who is a man or a boy,Please tick male or female on the form.,Each male participant received a free shirt.,0
w-man-noun,man,noun,A1,People,ai_checked,pass,,LEVEL_LEAK,,đàn ông; người đàn ông,an adult male person,That man works at the bank.,A kind man helped me find the way.,0
w-manage-verb,manage,verb,A2,Work,ai_checked,pass,,LEVEL_LEAK,,quản lý; xoay xở được,"to be in charge of something, or to succeed in doing it",I manage a small team at work.,Can you manage this project alone?,0
w-mean-adjective,mean,adjective,A2,Appearance,ai_checked,pass,,LEVEL_LEAK,,"keo kiệt; độc ác, xấu tính",unkind or not willing to share or give,Do not be mean to your friends.,He is too mean with his money.,0
w-mean-verb,mean,verb,A1,Appearance,ai_checked,pass,,LEVEL_LEAK,,nghĩa là; có ý định,to have a certain sense or intention,What does this word mean?,I did not mean to be late.,0
w-meat-noun,meat,noun,A1,Food,ai_checked,pass,,LEVEL_LEAK,,thịt,the flesh of animals that people cook and eat,Do you eat meat or only vegetables?,Please put the meat in the fridge now.,0
w-medical-adjective,medical,adjective,A2,Health,ai_checked,pass,,LEVEL_LEAK,,"y tế, thuộc y học",related to treating illness or injury,She needs medical treatment for her back.,The form asks about your medical history.,0
w-medicine-noun,medicine,noun,A1,Health,ai_checked,pass,,LEVEL_LEAK,,thuốc,something you take when you are ill or in pain,Take this medicine after you eat lunch.,The doctor gave me new medicine yesterday.,0
w-message-noun,message,noun,A1,Media,ai_checked,pass,,LEVEL_LEAK,,tin nhắn,words you send to someone by phone or online,I left a message on your phone earlier.,Please read my message when you are free.,0
w-middle-adjective,middle,adjective,A1,Daily life,ai_checked,pass,,LEVEL_LEAK,,ở giữa,in the centre part of something,The keys are on the middle shelf in the kitchen.,She sat in the middle row at the talk.,0
w-military-adjective,military,adjective,A2,Society,ai_checked,pass,,LEVEL_LEAK,,"quân sự, thuộc quân đội",connected with the army or armed forces,He worked at a military hospital for years.,Military service is required for young men.,0
w-miss-noun,miss,noun,A1,People,ai_checked,pass,,LEVEL_LEAK,,cô (danh xưng),a polite title for an unmarried woman,"Good morning, Miss, how are you today?",Please ask Miss for the form at the desk.,0
w-missing-adjective,missing,adjective,A2,Daily life,ai_checked,pass,,LEVEL_LEAK,,"mất, thiếu, không thấy",not present or unable to be found,My wallet is missing from the bag.,The report is missing one important page.,0
w-mobile-adjective,mobile,adjective,A2,Technology,ai_checked,pass,,LEVEL_LEAK,,di động (dùng khi di chuyển),"able to be used while moving, not fixed in one place",I saved my files on a mobile device.,Mobile internet is slow in this area.,0
w-money-noun,money,noun,A1,Shopping,ai_checked,pass,,LEVEL_LEAK,,tiền,coins and notes you use to buy things,I do not have enough money for lunch today.,She saves money for the trip next month.,0
w-mother-noun,mother,noun,A1,People,ai_checked,pass,,LEVEL_LEAK,,mẹ,a woman who has a child; your female parent,My mother lives in another city far away.,I help my mother with the shopping on Sundays.,0
w-motorway-noun,motorway,noun,A2,Travel,ai_checked,pass,,IPA_MISSING,,đường cao tốc (Anh),a wide fast road for long trips between cities,We took the motorway to reach the airport quickly.,There was heavy traffic on the motorway this morning.,0
w-movie-noun,movie,noun,A1,Media,ai_checked,pass,,LEVEL_LEAK,,phim,a story on a screen that you watch for fun,We watched a movie at home last night.,That movie was fun for the whole family.,0
w-mr-noun,mr,noun,A1,People,ai_checked,pass,,LEVEL_LEAK,,ông (danh xưng),"a polite title for a man, before his family name",Please call him Mr when you meet him.,The letter says Mr on the front of the envelope.,0
w-mrs-noun,mrs,noun,A1,People,ai_checked,pass,,LEVEL_LEAK,,bà (danh xưng),a polite title for a married woman,She wants people to call her Mrs at work.,Please write Mrs on the wedding card for her.,0
w-murder-noun,murder,noun,A2,Society,ai_checked,pass,,BANNED,,tội giết người,the crime of killing a person on purpose,The news reported a murder case in another city.,Police are still investigating the murder from last year.,0
w-murder-verb,murder,verb,B1,Society,ai_checked,pass,,BANNED,,giết người (trái pháp luật),to kill someone unlawfully and on purpose,The law says no one may murder another person.,Police believe someone tried to murder the shop owner.,0
w-music-noun,music,noun,A1,Sports,ai_checked,pass,,LEVEL_LEAK,,âm nhạc,sounds and songs that people listen to for pleasure,I listen to music while I study at home.,Soft music helps me sleep at night sometimes.,0
w-musical-adjective,musical,adjective,A2,Media,ai_checked,pass,,LEVEL_LEAK,,thuộc về âm nhạc,related to music or having pleasant sounds,She joined a musical club at the community center.,The film has a beautiful musical score at the end.,0
w-nationality-noun,nationality,noun,A1,Society,ai_checked,pass,,LEVEL_LEAK,,quốc tịch,the country you legally belong to,"Write your nationality on the form, please.",My nationality is Vietnamese but I live abroad now.,0
w-necessary-adjective,necessary,adjective,A2,Daily life,ai_checked,pass,,LEVEL_LEAK,,cần thiết,needed for a purpose and not optional,A passport is necessary for travel abroad this year.,It is necessary to rest when you feel very tired.,0
w-neck-noun,neck,noun,A1,Health,ai_checked,pass,,LEVEL_LEAK,,cổ (giữa đầu và vai),the body part between your head and shoulders,My neck hurts after I sleep badly.,She wore a scarf around her neck.,0
w-net-adjective,net,adjective,A2,Sports,ai_checked,pass,,LEVEL_LEAK,,"ròng, thực nhận (sau khi trừ)",left after costs or points are taken away,The net score after two games is still level.,Check the net price before you pay for club membership.,0
w-net-noun,net,noun,B1,Shopping,ai_checked,pass,,LEVEL_LEAK,,trọng lượng tịnh; giá thuần,the final amount after deductions or extra costs,Check the net weight on the label before you pay.,The net price is lower after the shop discount.,0
w-new-adjective,new,adjective,A1,Daily life,ai_checked,pass,,LEVEL_LEAK,,mới,not old; made or bought recently,I bought a new phone last week.,They moved into a new house.,0
w-nice-adjective,nice,adjective,A1,Feelings,ai_checked,pass,,LEVEL_LEAK,,"dễ thương, tốt bụng","pleasant, kind, or enjoyable",You are very nice to me.,We had a nice day at the park.,0
w-no-adverb,no,adverb,A1,Daily life,ai_checked,pass,,LEVEL_LEAK,,"không còn, không nữa",not anymore; used to show something stopped,I can no longer wait for the bus.,There is no more milk in the fridge.,0
w-nose-noun,nose,noun,A1,Health,ai_checked,pass,,LEVEL_LEAK,,mũi,the part of the face used for smelling,My nose feels cold in the wind.,She touched her nose and smiled.,0
w-not-adverb,not,adverb,A1,Daily life,ai_checked,pass,,LEVEL_LEAK,,không (phủ định),used to make a sentence negative,I am not ready to leave yet.,"This is not my bag, sorry.",0
w-note-verb,note,verb,A1,Shopping,ai_checked,pass,,LEVEL_LEAK,,"ghi chú; để ý, nhận thấy","to write something down, or to notice it",Please note the price on the tag.,I noted a small mistake in the bill.,0
w-notebook-noun,notebook,noun,A1,Shopping,ai_checked,pass,,LEVEL_LEAK,,vở ghi,a book with empty pages for writing,I need a new notebook for class.,She wrote the list in her notebook.,0
w-novel-noun,novel,noun,A2,School,ai_checked,pass,,LEVEL_LEAK,,tiểu thuyết,a long written story about imaginary people and events,She is reading a novel on her phone.,I borrowed a novel from the city library.,0
w-nuclear-adjective,nuclear,adjective,B1,Technology,ai_checked,pass,,LEVEL_LEAK,,"hạt nhân, liên quan đến năng lượng hạt nhân",related to energy from splitting atoms,Some countries still use nuclear power plants.,They discussed nuclear safety at the conference.,0
w-nurse-noun,nurse,noun,A1,Work,ai_checked,pass,,LEVEL_LEAK,,"y tá, điều dưỡng",a person trained to care for sick people,The nurse checked my temperature today.,My aunt works as a nurse downtown.,0
w-nutrient-noun,nutrient,noun,B1,Food,ai_checked,pass,,LEVEL_LEAK,,chất dinh dưỡng,a substance in food that helps the body stay healthy,Vegetables provide important nutrients for your body.,This label lists each nutrient in the meal.,0
w-of-preposition,of,preposition,A1,Grammar words,ai_checked,pass,,LEVEL_LEAK,,của; thuộc về,"showing belonging, part, or connection",Can I have a cup of tea?,The color of the car is red.,0
w-offer-verb,offer,verb,A2,Shopping,ai_checked,pass,,LEVEL_LEAK,,"đề nghị, đưa ra; cung cấp",to ask if someone wants something or give it freely,They offer free delivery on large orders.,Can I offer you some tea before you leave?,0
w-officer-noun,officer,noun,A1,Work,ai_checked,pass,,LEVEL_LEAK,,cảnh sát; nhân viên chức vụ,a person with an official job in police or army,The police officer showed us the way.,He is an officer at the local bank.,0
w-oil-noun,oil,noun,A2,Home,ai_checked,pass,,LEVEL_LEAK,,"dầu (ăn, máy)",thick liquid used for cooking or in engines,Heat a little oil in the pan first.,We need more oil for the car engine.,0
w-on-adverb,on,adverb,A2,Daily life,ai_checked,pass,,LEVEL_LEAK,,"bật, đang mở","in a working or active state, not switched off",The heating is on because it is cold.,Please leave the porch light on tonight.,0
w-on-to-preposition,on to,preposition,B1,Grammar words,ai_checked,pass,,LEVEL_LEAK,,sang (bước/việc tiếp theo); lên trên,moving forward to the next thing or place,Let’s move on to the next topic.,She held on to the handrail carefully.,0
w-open-verb,open,verb,A1,Daily life,ai_checked,pass,,LEVEL_LEAK,,mở,to move something so it is not shut,Please open the window a little bit.,Can you open this box for me?,0
w-opera-noun,opera,noun,A1,Sports,ai_checked,pass,,LEVEL_LEAK,,nhạc kịch,a show with singing and music on a stage,We watched an opera on TV last night.,My aunt loves opera and classical music.,0
w-or-conjunction,or,conjunction,A1,Grammar words,ai_checked,pass,,LEVEL_LEAK,,"hoặc, hay",used to link two different choices together,Do you want tea or coffee today?,We can walk or take the bus.,0
w-orange-noun,orange,noun,A1,Food,ai_checked,pass,,LEVEL_LEAK,,quả cam,a round sweet citrus fruit with thick skin,I eat an orange every morning at home.,Please buy some oranges at the market.,0
w-order-noun,order,noun,A1,Shopping,ai_checked,pass,,LEVEL_LEAK,,đơn hàng; món gọi,a request to buy food or goods,The waiter brought our order to the table.,I placed an order online last week.,0
w-organized-adjective,organized,adjective,A2,Work,ai_checked,pass,,LEVEL_LEAK,,"ngăn nắp, có tổ chức",arranged neatly and able to plan well,Her desk is always neat and organized.,We need an organized plan for the trip.,0
w-original-adjective,original,adjective,A2,Media,ai_checked,pass,,LEVEL_LEAK,,"gốc, bản gốc; độc đáo","existing from the start, not a copy or fake",Keep the original receipt for your warranty.,This is the original version of the song.,0
w-over-preposition,over,preposition,A1,Grammar words,ai_checked,pass,,LEVEL_LEAK,,ở trên; qua,across the top of something or above it,The cat jumped over the small fence.,There is a bridge over the river here.,0
w-pacific-adjective,pacific,adjective,A2,Society,ai_checked,pass,,LEVEL_LEAK,,"ôn hòa, hiền hòa","calm and peaceful, not angry or violent","He spoke in a calm, pacific tone today.",A pacific solution is better than a loud fight.,0
w-paint-noun,paint,noun,A1,School,ai_checked,pass,,LEVEL_LEAK,,sơn; màu vẽ,coloured liquid used to cover walls or art,We need blue paint for the classroom wall.,The paint on the desk is still wet.,0
w-painting-noun,painting,noun,A1,Sports,ai_checked,pass,,LEVEL_LEAK,,bức tranh,a picture made using colour on paper or canvas,There is a painting on the wall upstairs.,She sold her first painting last month.,0
w-palace-noun,palace,noun,A1,Home,ai_checked,pass,,LEVEL_LEAK,,cung điện,a very large grand house for a king or queen,Tourists visit the palace every summer day.,The old palace has many beautiful rooms.,0
w-paper-noun,paper,noun,A1,Home,ai_checked,pass,,LEVEL_LEAK,,giấy,thin material used for writing or wrapping,"Can I have a piece of paper, please?",She wrote the list on paper at home.,0
w-paragraph-noun,paragraph,noun,A1,School,ai_checked,pass,,LEVEL_LEAK,,đoạn văn,a group of sentences about one main idea,Please write one paragraph about your family.,The first paragraph is short and clear.,0
w-park-noun,park,noun,A1,Home,ai_checked,pass,,LEVEL_LEAK,,công viên,a public green area in a town for leisure,We walk in the park every Sunday morning.,The children play football in the park.,0
w-path-noun,path,noun,A2,Travel,ai_checked,pass,,LEVEL_LEAK,,"lối đi, đường mòn",a track that people walk on outdoors,Follow the path through the trees to the lake.,The path was muddy after the rain.,0
w-pear-noun,pear,noun,A2,Food,ai_checked,pass,,LEVEL_LEAK,,quả lê,a sweet fruit that is narrow at the top,She bought a ripe pear at the market.,Would you like a pear with your lunch?,0
w-pen-noun,pen,noun,A1,Shopping,ai_checked,pass,,LEVEL_LEAK,,bút mực,a tool used for writing with ink,I need a pen to sign this.,She lost her pen at the store.,0
w-pencil-noun,pencil,noun,A1,Shopping,ai_checked,pass,,LEVEL_LEAK,,bút chì,a tool for writing or drawing with lead,Draw a line with a sharp pencil.,Can I borrow your pencil please?,0
w-pepper-noun,pepper,noun,A2,Food,ai_checked,pass,,LEVEL_LEAK,,hạt tiêu (gia vị),a spice that makes food taste hot or strong,Add a little pepper to the salad please.,Black pepper is on the table over there.,0
w-period-noun,period,noun,A1,Daily life,ai_checked,pass,,LEVEL_LEAK,,khoảng thời gian,a length of time with a start and end,We rest after this work period.,That was a busy period for me.,0
w-petrol-station-phrase,petrol station,phrase,A2,Home,ai_checked,pass,,LEVEL_LEAK,,trạm xăng,a place where drivers buy fuel for cars,We stopped at a petrol station nearby.,Is there a petrol station on this road?,0
w-phone-noun,phone,noun,A1,Home,ai_checked,pass,,LEVEL_LEAK,,điện thoại,a device used to talk to people far away,My phone is on the kitchen table.,Please call me on the phone tonight.,0
w-piano-noun,piano,noun,A1,Sports,ai_checked,pass,,LEVEL_LEAK,,đàn piano,a large musical instrument with black and white keys,She plays the piano after work.,There is a piano in that room.,0
w-picture-noun,picture,noun,A1,Sports,ai_checked,pass,,LEVEL_LEAK,,"bức tranh, hình ảnh",an image you can see on paper or a screen,He drew a picture of the game.,Look at this picture on the wall.,0
w-pilot-noun,pilot,noun,A2,People,ai_checked,pass,,LEVEL_LEAK,,phi công,a person who flies an aircraft for work,The pilot welcomed us on board the plane.,My uncle works as a pilot for an airline.,0
w-pizza-noun,pizza,noun,A1,Food,ai_checked,pass,,LEVEL_LEAK,,bánh pizza,a flat round food with cheese and toppings,We ordered pizza for dinner tonight.,The pizza is hot and very fresh.,0
w-place-noun,place,noun,A1,Travel,ai_checked,pass,,LEVEL_LEAK,,"nơi, chỗ","a particular area, city, or spot",This is a nice place to visit.,We found a quiet place for lunch.,0
w-playground-noun,playground,noun,A2,Home,ai_checked,pass,,LEVEL_LEAK,,sân chơi (của trẻ),an outdoor area where children can play safely,The kids play at the playground after school.,Our apartment has a small playground downstairs.,0
w-pleasant-adjective,pleasant,adjective,A2,Feelings,ai_checked,pass,,LEVEL_LEAK,,"dễ chịu, thoải mái",nice and enjoyable in a calm way,We had a pleasant walk in the park.,The weather was pleasant on our trip.,0
w-poem-noun,poem,noun,A1,School,ai_checked,pass,,LEVEL_LEAK,,bài thơ,"a short piece of writing in lines, often with rhyme",We read a short poem in class.,She wrote a poem for the teacher.,0
w-poetry-noun,poetry,noun,B1,School,ai_checked,pass,,LEVEL_LEAK,,"thơ ca, thi ca",literature written in verse with rhythm and imagery,I enjoy reading poetry before bed.,Our teacher asked us to study Vietnamese poetry.,0
w-point-noun,point,noun,A1,Daily life,ai_checked,pass,,LEVEL_LEAK,,mục đích; đầu nhọn,the main idea or sharp end of something,What is the point of this meeting?,Be careful with the point of the knife.,0
w-poison-noun,poison,noun,B1,Health,ai_checked,pass,,LEVEL_LEAK,,"chất độc, thuốc độc",a substance that can cause illness or death if swallowed,Keep poison away from children and pets.,The label says this liquid is poison.,0
w-pollution-noun,pollution,noun,A1,Home,ai_checked,pass,,LEVEL_LEAK,,ô nhiễm,dirty harmful substances in air or water,There is too much pollution near our home.,Cars can cause a lot of pollution.,0
w-poor-adjective,poor,adjective,A1,Shopping,ai_checked,pass,,LEVEL_LEAK,,"kém, tệ; nghèo",not good in quality; or having little money,This shirt looks poor quality to me.,The service at that shop was poor.,0
w-potato-noun,potato,noun,A1,Food,ai_checked,pass,,LEVEL_LEAK,,khoai tây,a round vegetable you boil or fry,We had rice and potato for lunch.,Peel the potato before you cook it.,0
w-pour-verb,pour,verb,A2,Daily life,ai_checked,pass,,LEVEL_LEAK,,"rót, đổ (chất lỏng)",to make a liquid flow from a container,Please pour some water into my glass.,She poured hot tea for her guests.,0
w-practice-noun,practice,noun,A1,Sports,ai_checked,pass,,LEVEL_LEAK,,"buổi luyện tập, thực hành",time spent doing an activity to improve,Football practice starts at five today.,We have practice twice a week.,0
w-prayer-noun,prayer,noun,B1,People,ai_checked,pass,,LEVEL_LEAK,,lời cầu nguyện; buổi cầu nguyện,words spoken to God or a quiet moment of worship,She said a short prayer before the meal.,Morning prayer helps him feel calm.,0
w-prince-noun,prince,noun,A1,Society,ai_checked,pass,,LEVEL_LEAK,,hoàng tử,the son of a king or queen,The prince waved to the crowd today.,"In the story, the prince lives in a castle.",0
w-principal-adjective,principal,adjective,A2,School,ai_checked,pass,,LEVEL_LEAK,,"chính, chủ yếu",most important or main in a situation,Cost is the principal reason we waited.,Safety is our principal concern at work.,0
w-property-noun,property,noun,B1,People,ai_checked,pass,,LEVEL_LEAK,,"tài sản, của riêng","things that someone owns, such as land or belongings",Please do not leave personal property on the bus seats.,The hotel is not responsible for lost property in the lobby.,0
w-psychologist-noun,psychologist,noun,A2,Work,ai_checked,pass,,LEVEL_LEAK,,nhà tâm lý học,a trained expert who helps people with mental health,A psychologist can help with stress at work.,She talked to a psychologist about her sleep.,0
w-public-noun,public,noun,A2,Society,ai_checked,pass,,LEVEL_LEAK,,công chúng; mọi người (nói chung),"ordinary people in general, not officials only",The park is open to the public daily.,The news may worry the public a little.,0
w-publisher-noun,publisher,noun,B1,Work,ai_checked,pass,,LEVEL_LEAK,,nhà xuất bản,a company that prepares and sells books or other media,The publisher asked for a few small changes to the chapter.,She signed a contract with a publisher for her first novel.,0
w-raise-verb,raise,verb,A2,Daily life,ai_checked,pass,,LEVEL_LEAK,,nâng lên; tăng; nuôi dưỡng,to lift something or make an amount go up,Please raise your hand if you have a question.,They had to raise the rent this year.,0
w-rap-noun,rap,noun,A2,Sports,ai_checked,pass,,LEVEL_LEAK,,nhạc rap,a style of music with strong rhythm and spoken words,He listens to rap while he runs.,Our gym class sometimes uses rap for warm-up.,0
w-rate-noun,rate,noun,A2,Daily life,ai_checked,pass,,LEVEL_LEAK,,"tỷ lệ, mức (giá, lương, tốc độ)",a measured amount such as speed or cost,The hotel rate is lower on weekdays.,What is the interest rate on this loan?,0
w-ray-noun,ray,noun,A2,Society,ai_checked,pass,,LEVEL_LEAK,,tia (ánh sáng mặt trời),a narrow line of light or energy,A ray of sun came through the window.,We sat in the rays of the morning sun.,0
w-reader-noun,reader,noun,A1,Sports,ai_checked,pass,,LEVEL_LEAK,,người đọc,a person who reads books or other text,She is a fast reader in our class.,Every reader likes a good sports story.,0
w-reading-noun,reading,noun,A1,Sports,ai_checked,pass,,LEVEL_LEAK,,việc đọc; bài đọc,the activity of looking at and understanding text,Reading about sports is my hobby.,We do reading in class today.,0
w-ready-adjective,ready,adjective,A1,Daily life,ai_checked,pass,,LEVEL_LEAK,,sẵn sàng,prepared and able to do something now,I am ready for work now.,Are you ready to leave soon?,0
w-real-adjective,real,adjective,A1,Daily life,ai_checked,pass,,LEVEL_LEAK,,"thật, có thật",actually existing and not fake or imagined,This is a real problem for us.,Is that a real ticket or fake?,0
w-real-adverb,real,adverb,A1,Daily life,ai_checked,pass,,LEVEL_LEAK,,"(thân mật) rất, thật sự",very; used before adjectives in informal speech,That meal was real good tonight.,It is real hot outside now.,0
w-receipt-noun,receipt,noun,A2,Shopping,ai_checked,pass,,LEVEL_LEAK,,"hóa đơn, biên lai",a paper that shows you paid for something,Keep the receipt in case you return it.,The cashier gave me a receipt after payment.,0
w-religion-noun,religion,noun,B1,Society,ai_checked,pass,,LEVEL_LEAK,,tôn giáo,a system of faith and worship shared by a community,People should respect every religion in this country.,She studied how religion shapes local culture.,0
w-religious-adjective,religious,adjective,B1,Society,ai_checked,pass,,LEVEL_LEAK,,"tôn giáo, sùng đạo","connected with faith, worship, or a belief system",The town has many religious buildings near the river.,He comes from a very religious family.,0
w-rent-verb,rent,verb,A2,Home,ai_checked,pass,,LEVEL_LEAK,,"thuê (nhà, phòng, đồ)",to pay money to use someone else's property,We want to rent a small house near work.,They rent their spare room to a student.,0
w-repair-verb,repair,verb,A2,Home,ai_checked,pass,,LEVEL_LEAK,,sửa chữa,to fix something that is broken or damaged,He can repair the broken chair this weekend.,Please repair the leak in the kitchen sink.,0
w-result-verb,result,verb,B1,Daily life,ai_checked,pass,,LEVEL_LEAK,,"dẫn đến, gây ra",to happen as an effect of an action or choice,Poor planning resulted in many delays.,The change may result in lower costs next year.,0
w-reveal-verb,reveal,verb,A2,Daily life,ai_checked,pass,,LEVEL_LEAK,,"tiết lộ, bộc lộ",to make something known that was secret,Do not reveal your password to anyone online.,The letter reveals good news about the job.,0
w-rhythm-noun,rhythm,noun,A2,Media,ai_checked,pass,,LEVEL_LEAK,,nhịp điệu,a strong pattern of beats in music or speech,I love the rhythm of this song on the radio.,Tap your foot to the rhythm of the music.,0
w-rich-adjective,rich,adjective,A1,Shopping,ai_checked,pass,,LEVEL_LEAK,,giàu có,having a lot of money or valuable things,He became rich after years of work.,Rich people shop at that mall.,0
w-right-adjective,right,adjective,A1,Society,ai_checked,pass,,LEVEL_LEAK,,đúng; phải (đạo đức),"correct, true, or morally good",You gave the right answer on the test.,It is not right to lie to friends.,0
w-right-adverb,right,adverb,A1,Society,ai_checked,pass,,LEVEL_LEAK,,đúng; về phía bên phải,in a good way or toward one side,Turn right at the next corner please.,"You did it right, well done today.",0
w-ring-noun,ring,noun,A2,Appearance,ai_checked,pass,,LEVEL_LEAK,,nhẫn,a small circle of metal worn on a finger,She wears a silver ring on her left hand.,He bought a ring as a gift for her.,0
w-river-noun,river,noun,A1,Home,ai_checked,pass,,LEVEL_LEAK,,sông,a long wide flow of water to the sea,We swim in the river in summer.,The river is near our house.,0
w-roof-noun,roof,noun,A2,Home,ai_checked,pass,,LEVEL_LEAK,,mái nhà,the top cover of a building that keeps rain out,Water came through the roof during the storm.,They fixed the roof before the rainy season.,0
w-room-verb,room,verb,B1,Home,ai_checked,pass,,LEVEL_LEAK,,ở chung phòng (với ai),to share sleeping space with someone while away from home,We roomed together during the training course.,She roomed with a colleague at the conference.,0
w-roundabout-noun,roundabout,noun,A2,Travel,ai_checked,pass,,LEVEL_LEAK,,"bùng binh, nút giao thông dạng vòng",a circular road junction where traffic drives around a center,We took the third exit at the roundabout.,The bus slowed near the big roundabout.,0
w-ruler-noun,ruler,noun,A1,Shopping,ai_checked,pass,,LEVEL_LEAK,,thước kẻ,a flat tool used to measure lines,I need a ruler for math class.,The ruler is in my pencil case.,0
w-run-noun,run,noun,A1,Sports,ai_checked,pass,,LEVEL_LEAK,,lần chạy; điểm (bóng chày),moving quickly on foot; one point in baseball,He scored a run in the game.,Take a short run before breakfast today.,0
w-running-noun,running,noun,A2,Sports,ai_checked,pass,,LEVEL_LEAK,,"việc chạy bộ, môn chạy",the activity of moving fast on foot for exercise,Running helps me stay healthy each week.,I go running before work in the park.,0
w-salad-noun,salad,noun,A1,Food,ai_checked,pass,,LEVEL_LEAK,,"món salad, rau trộn",a cold dish of mixed raw vegetables,I ordered a salad for lunch today.,This salad has tomatoes and lettuce.,0
w-salt-noun,salt,noun,A2,Food,ai_checked,pass,,LEVEL_LEAK,,muối,a white substance used to add flavour to food,A little salt makes the soup taste better.,Please pass the salt at the table.,0
w-sauce-noun,sauce,noun,A2,Food,ai_checked,pass,,LEVEL_LEAK,,nước sốt,a thick liquid served with food for flavour,Tomato sauce goes well with the pasta.,She made a spicy sauce for the fish.,0
w-saw-noun,saw,noun,A1,Home,ai_checked,pass,,LEVEL_LEAK,,cưa,a tool with a sharp blade for cutting wood,He used a saw to fix the old shelf.,The saw is in the box under the table.,0
w-schoolchild-noun,schoolchild,noun,A2,School,ai_checked,pass,,LEVEL_LEAK,,học sinh (trẻ em đi học),a child who goes to primary or secondary school,Each schoolchild needs a quiet place to study.,The museum offers tours for every schoolchild.,0
w-science-noun,science,noun,A1,School,ai_checked,pass,,LEVEL_LEAK,,khoa học,study of how the world and nature work,Science is my favorite class this term.,We did a fun science project at school.,0
w-sea-noun,sea,noun,A1,Home,ai_checked,pass,,LEVEL_LEAK,,biển,a large area of salt water,Our home has a view of the sea.,The sea is calm this morning near town.,0
w-sell-verb,sell,verb,A1,Shopping,ai_checked,pass,,LEVEL_LEAK,,bán,to give something to someone for money,They sell fresh fruit at the market daily.,I want to sell my old phone this week.,0
w-set-verb,set,verb,A1,Daily life,ai_checked,pass,,LEVEL_LEAK,,"đặt, để; dọn (bàn)",to put something in a place or position,I set the alarm for six every morning.,Please set the cups on the table now.,0
w-settlement-noun,settlement,noun,B1,Society,ai_checked,pass,,LEVEL_LEAK,,thỏa thuận giải quyết; khu định cư,an official agreement that ends a legal dispute,Both sides agreed to a fair settlement in court.,The settlement included payment for the damage.,0
w-shelf-noun,shelf,noun,A1,Home,ai_checked,pass,,LEVEL_LEAK,,"kệ, giá để đồ",a flat board fixed to a wall for things,Put the books on the top shelf please.,There is a shelf above the kitchen sink.,0
w-ship-noun,ship,noun,A1,Travel,ai_checked,pass,,LEVEL_LEAK,,tàu thủy,a large boat that carries people or goods,We took a ship to the island last summer.,The big ship left the port this morning.,0
w-shirt-noun,shirt,noun,A1,Appearance,ai_checked,pass,,LEVEL_LEAK,,"áo sơ mi, áo phông",a piece of clothing for the upper body,He bought a new shirt for the interview.,This shirt is too big for me now.,0
w-short-adjective,short,adjective,A1,Appearance,ai_checked,pass,,LEVEL_LEAK,,"ngắn, thấp",not long in size or not tall in height,She has short hair and a friendly smile.,This skirt is too short for the office.,0
w-simple-adjective,simple,adjective,A2,Daily life,ai_checked,pass,,LEVEL_LEAK,,"đơn giản, dễ",easy to understand or not complicated,The recipe is simple and quick.,Please give a simple answer to this.,0
w-sir-noun,sir,noun,A1,Travel,ai_checked,pass,,LEVEL_LEAK,,thưa ông; ngài (xưng hô lịch sự),a polite word for a man you do not know,"Excuse me, sir, where is gate five?","Yes, sir, your room is ready now.",0
w-skate-noun,skate,noun,A2,Sports,ai_checked,pass,,LEVEL_LEAK,,giày trượt (băng hoặc patin),a boot with a blade or wheels for gliding,He bought new skates for ice practice.,I lost one skate after the lesson yesterday.,0
w-ski-noun,ski,noun,A2,Sports,ai_checked,pass,,LEVEL_LEAK,,ván trượt tuyết,a long narrow board worn on feet in snow,He rented skis for the trip to the mountains.,One ski broke during the lesson on the hill.,0
w-skirt-noun,skirt,noun,A1,Appearance,ai_checked,pass,,LEVEL_LEAK,,váy,clothing worn from the waist down,She bought a new skirt for the party.,This blue skirt looks nice on you.,0
w-sky-noun,sky,noun,A1,Home,ai_checked,pass,,LEVEL_LEAK,,bầu trời,the space above the earth you see outside,The sky is blue today from my window.,I like to watch the sky at night.,0
w-slow-adjective,slow,adjective,A1,Daily life,ai_checked,pass,,LEVEL_LEAK,,chậm,not fast; taking a long time,The bus is slow on this long road.,Please speak slow so I can understand.,0
w-smell-noun,smell,noun,A1,Food,ai_checked,pass,,LEVEL_LEAK,,mùi,something you notice with your nose,The smell of soup makes me hungry.,I love the smell of fresh bread.,0
w-smith-noun,smith,noun,A1,Work,ai_checked,pass,,LEVEL_LEAK,,"thợ rèn, thợ kim loại",a worker who shapes metal by heating and hitting it,The smith made a strong metal gate.,A smith works with hot iron.,0
w-smoke-noun,smoke,noun,A1,Food,ai_checked,pass,,LEVEL_LEAK,,"khói (từ lửa, nấu nướng)",gray gas that comes from fire or cooking,There is smoke from the kitchen grill.,The smell of smoke filled the room.,0
w-smoke-verb,smoke,verb,A2,Health,ai_checked,pass,,LEVEL_LEAK,,hút thuốc,to inhale fumes from cigarettes or tobacco,Please do not smoke inside this building.,I try not to smoke when my kids visit.,0
w-smoking-noun,smoking,noun,A1,Sports,ai_checked,pass,,LEVEL_LEAK,,việc hút thuốc,the act of breathing in cigarette smoke,Smoking is not allowed in the stadium.,He stopped smoking before the big race.,0
w-smooth-adjective,smooth,adjective,A2,Daily life,ai_checked,pass,,LEVEL_LEAK,,"nhẵn, mượt","even and flat, without rough bumps",The table has a smooth surface after cleaning.,This cream makes my skin feel smooth today.,0
w-snack-noun,snack,noun,A2,Food,ai_checked,pass,,LEVEL_LEAK,,đồ ăn nhẹ,a small amount of food between main meals,I eat a small snack before the gym.,The kids shared a snack after their class.,0
w-snowboarding-noun,snowboarding,noun,A2,Sports,ai_checked,pass,,IPA_MISSING,,môn trượt tuyết trên ván,the sport of riding downhill on a snowboard,Snowboarding is new to many people here.,We tried snowboarding on our trip last year.,0
w-sock-noun,sock,noun,A2,Shopping,ai_checked,pass,,LEVEL_LEAK,,"tất, vớ",soft clothing worn on the foot inside shoes,I need a new pair of warm socks.,One sock disappeared in the washing machine.,0
w-soft-adjective,soft,adjective,A2,Appearance,ai_checked,pass,,LEVEL_LEAK,,mềm,not hard; easy to press or bend,This pillow is very soft and comfortable.,The bread stays soft if you wrap it well.,0
w-software-noun,software,noun,A2,Technology,ai_checked,pass,,LEVEL_LEAK,,phần mềm,programs that run on computers and phones,We update the software on our laptop often.,This software helps me track my daily work.,0
w-soil-verb,soil,verb,B1,Nature,ai_checked,pass,,LEVEL_LEAK,,"làm bẩn, làm dơ","to make something dirty, especially clothes or fabric",Be careful not to soil your shirt while cooking.,Rain can soil clean shoes on muddy paths.,0
w-son-noun,son,noun,A1,People,ai_checked,pass,,LEVEL_LEAK,,con trai,a boy or man in relation to his parents,Their son studies at a local school.,My son called me from the train.,0
w-soup-noun,soup,noun,A1,Food,ai_checked,pass,,LEVEL_LEAK,,"súp, canh",hot liquid food with meat or vegetables,I had chicken soup for lunch.,This soup is hot and tasty.,0
w-spaceship-noun,spaceship,noun,A2,Travel,ai_checked,pass,,LEVEL_LEAK,,tàu vũ trụ,a vehicle used for travel in outer space,The film shows a small spaceship landing safely.,Kids drew a picture of a spaceship today.,0
w-specific-adjective,specific,adjective,A2,Daily life,ai_checked,pass,,LEVEL_LEAK,,"cụ thể, rõ ràng","clear and exact, not general",Please give a specific date for the meeting.,I need specific details before I can help you.,0
w-speech-noun,speech,noun,A1,Society,ai_checked,pass,,LEVEL_LEAK,,bài phát biểu; lời nói,formal talk given to a group of people,He gave a short speech at work.,Her speech was easy to understand.,0
w-split-adjective,split,adjective,A2,Daily life,ai_checked,pass,,LEVEL_LEAK,,chia đôi; không thống nhất (ý kiến),divided into parts or not in agreement,The team is split on this new plan.,We paid with a split bill at lunch today.,0
w-spy-noun,spy,noun,A1,People,ai_checked,pass,,LEVEL_LEAK,,"gián điệp, điệp viên",a person who secretly gets information,The spy in the film is very quiet.,A spy must not tell the truth.,0
w-stage-noun,stage,noun,A1,Sports,ai_checked,pass,,LEVEL_LEAK,,sân khấu,a raised place where people perform,The team walked onto the stage.,There are lights above the stage.,0
w-state-noun,state,noun,A2,Society,ai_checked,pass,,LEVEL_LEAK,,"nhà nước, quốc gia",an independent country with its own government,Every state has its own laws and leaders.,The state built new schools in rural areas.,0
w-stay-verb,stay,verb,A1,Daily life,ai_checked,pass,,LEVEL_LEAK,,"ở lại, nghỉ lại",to remain in a place and not leave,I will stay at home tonight.,Please stay here until I return.,0
w-steak-noun,steak,noun,A2,Food,ai_checked,pass,,LEVEL_LEAK,,"bít tết, miếng thịt bò nướng",a thick slice of beef cooked for eating,He ordered a steak with salad for lunch.,The steak was too tough for me to chew.,0
w-step-verb,step,verb,A1,Daily life,ai_checked,pass,,LEVEL_LEAK,,"bước, bước chân",to move by lifting and putting down a foot,Please step away from the door.,She stepped onto the bus carefully.,0
w-still-adjective,still,adjective,A1,Daily life,ai_checked,pass,,LEVEL_LEAK,,"yên, đứng im",not moving or making any sound,The water in the lake is still.,Please stand still for the photo.,0
w-stomachache-noun,stomachache,noun,A2,Health,ai_checked,pass,,LEVEL_LEAK|IPA_MISSING,,"đau bụng, đau dạ dày",pain in the area below your chest,She stayed home because of a bad stomachache.,Warm tea can help with a mild stomachache.,0
w-stop-verb,stop,verb,A1,Daily life,ai_checked,pass,,LEVEL_LEAK,,"dừng lại, ngừng",to not continue moving or doing something,The bus stops near my office.,Please stop talking in class now.,0
w-straight-adjective,straight,adjective,A2,Daily life,ai_checked,pass,,LEVEL_LEAK,,"thẳng; thẳng thắn, rõ ràng",not bent or curved; honest and clear,Draw a straight line on the paper.,Please give me a straight answer today.,0
w-strange-adjective,strange,adjective,A1,Feelings,ai_checked,pass,,LEVEL_LEAK,,"lạ, kỳ quái",not normal or hard to understand,That is a strange noise outside.,I feel strange after that long trip.,0
w-street-noun,street,noun,A1,Home,ai_checked,pass,,LEVEL_LEAK,,đường phố,a road in a town with buildings,Our house is on a quiet street.,Cross the street at the lights.,0
w-strict-adjective,strict,adjective,A1,School,ai_checked,pass,,LEVEL_LEAK,,nghiêm khắc,expecting people to follow rules closely,Our teacher is strict about homework.,My parents are strict but kind.,0
w-strong-adjective,strong,adjective,A1,Health,ai_checked,pass,,LEVEL_LEAK,,"khỏe, mạnh",having good health or physical power,He is strong enough to carry boxes.,Drink milk to stay strong and healthy.,0
w-sugar-noun,sugar,noun,A1,Food,ai_checked,pass,,LEVEL_LEAK,,đường,sweet white or brown stuff used in food and drinks,Do you want sugar in your coffee today?,Too much sugar is not good for health.,0
w-suicide-noun,suicide,noun,B1,Society,ai_checked,pass,,BANNED,,tự tử,the act of intentionally ending one's own life,The report calls for better support to prevent suicide.,Hotlines offer help to people thinking about suicide.,0
w-sun-noun,sun,noun,A1,Nature,ai_checked,pass,,LEVEL_LEAK,,mặt trời,the bright star that gives light and heat to Earth,The sun is very hot this afternoon.,We sat in the sun after lunch today.,0
w-sunglasses-noun,sunglasses,noun,A2,Shopping,ai_checked,pass,,LEVEL_LEAK,,"kính râm, kính mát",dark glasses worn to protect your eyes from sun,I always wear sunglasses on sunny days.,She left her sunglasses on the kitchen table.,0
w-supermarket-noun,supermarket,noun,A1,Shopping,ai_checked,pass,,LEVEL_LEAK,,siêu thị,a large shop that sells food and household goods,I buy rice at the supermarket.,The supermarket closes at ten.,0
w-support-noun,support,noun,A2,Daily life,ai_checked,pass,,LEVEL_LEAK,,"sự hỗ trợ, giúp đỡ",help or encouragement given to someone,Thank you for your support this busy week.,The team needs more support from management.,0
w-sweater-noun,sweater,noun,A2,Shopping,ai_checked,pass,,LEVEL_LEAK,,"áo len, áo nỉ",a warm knitted top worn on the upper body,I bought a new sweater for cold mornings.,Please put on a sweater before you go out.,0
w-sweet-adjective,sweet,adjective,A1,Food,ai_checked,pass,,LEVEL_LEAK,,ngọt,having a taste like sugar or honey,This cake is too sweet for me.,The fruit is sweet and fresh today.,0
w-swimsuit-noun,swimsuit,noun,A2,Shopping,ai_checked,pass,,LEVEL_LEAK,,đồ bơi,clothing worn for swimming in a pool or sea,She packed a swimsuit for the beach trip.,I need a new swimsuit before summer starts.,0
w-t-shirt-noun,t-shirt,noun,A1,Appearance,ai_checked,pass,,LEVEL_LEAK,,áo phông,a casual shirt with short sleeves and no collar,He wore a blue t-shirt to the party.,I need a clean t-shirt for tomorrow.,0
w-tap-noun,tap,noun,A2,Home,ai_checked,pass,,LEVEL_LEAK,,"vòi nước (bếp, phòng tắm)",a device that controls the flow of water,Please turn off the tap after you wash.,Hot water comes from the tap in the kitchen.,0
w-tape-noun,tape,noun,A2,Shopping,ai_checked,pass,,LEVEL_LEAK,,"băng dính, băng keo",sticky material used to join or seal things,I need tape to fix this broken box.,She put tape on the torn page carefully.,0
w-technology-noun,technology,noun,A1,Work,ai_checked,pass,,LEVEL_LEAK,,công nghệ,"tools, machines, and methods using modern science",New technology helps us work from home.,He works in technology at a big company.,0
w-telephone-noun,telephone,noun,A1,Home,ai_checked,pass,,LEVEL_LEAK,,điện thoại,a device you use to talk to people far away,The telephone is on the desk in my room.,Please answer the telephone when it rings.,0
w-temple-noun,temple,noun,A1,People,ai_checked,pass,,LEVEL_LEAK,,"đền, chùa",a building for prayer or religious worship,We visited a temple last weekend.,The old temple is very beautiful.,0
w-tennis-noun,tennis,noun,A1,Sports,ai_checked,pass,,LEVEL_LEAK,,môn quần vợt,a sport where two players hit a ball over a net,Do you want to play tennis tomorrow?,She likes watching tennis on TV.,0
w-terrorist-noun,terrorist,noun,B1,Society,ai_checked,pass,,BANNED,,kẻ khủng bố,a person who uses violence to scare the public,Police arrested a suspect linked to a terrorist group.,The article did not name the terrorist.,0
w-test-noun,test,noun,A1,School,ai_checked,pass,,LEVEL_LEAK,,"bài kiểm tra, bài thi",questions used to check what you know,We have a math test on Friday.,She passed the test easily.,0
w-text-noun,text,noun,A2,School,ai_checked,pass,,LEVEL_LEAK,,"văn bản, đoạn chữ (trong sách, bài học)","written words in a book, message, or document",Please read the text on page ten tonight.,This text is hard to understand at first.,0
w-than-preposition,than,preposition,A1,Grammar words,ai_checked,pass,,LEVEL_LEAK,,hơn (so với),used after comparatives to show a difference,She is taller than her brother.,This bag is lighter than that one.,0
w-that-conjunction,that,conjunction,A1,Grammar words,ai_checked,pass,,LEVEL_LEAK,,rằng (nối hai mệnh đề),links a smaller clause to the main idea,I hope that you feel better soon.,She said that she was busy today.,0
w-then-adverb,then,adverb,A1,Daily life,ai_checked,pass,,LEVEL_LEAK,,"rồi, sau đó; lúc đó","at that time, or next in order","We ate dinner, then watched a film.","I was young then, but happy.",0
w-throw-verb,throw,verb,A2,Sports,ai_checked,pass,,LEVEL_LEAK,,"ném, quăng",to send something through the air with your hand,Please throw the ball to your friend gently.,Do not throw trash on the street after work.,0
w-thunderstorm-noun,thunderstorm,noun,A2,Nature,ai_checked,pass,,LEVEL_LEAK,,"giông bão, mưa giông","a storm with thunder, lightning, and heavy rain",A thunderstorm woke us up late last night.,The thunderstorm stopped after about one hour.,0
w-ticket-noun,ticket,noun,A1,Sports,ai_checked,pass,,LEVEL_LEAK,,vé,a paper or pass that lets you enter,I bought a ticket for the match.,"Show your ticket at the door, please.",0
w-tie-noun,tie,noun,A2,Appearance,ai_checked,pass,,LEVEL_LEAK,,cà vạt,a long narrow piece of cloth worn around the neck,He wore a blue tie to the job interview.,My tie matches my shirt colour today.,0
w-to-preposition,to,preposition,A1,Grammar words,ai_checked,pass,,LEVEL_LEAK,,"đến, tới; hướng về","toward a place, person, or direction",We go to school by bus.,Give this letter to my manager.,0
w-tomato-noun,tomato,noun,A1,Food,ai_checked,pass,,LEVEL_LEAK,,quả cà chua,a soft red fruit used in cooking and salad,I put tomato in the soup today.,She bought fresh tomato at the market.,0
w-too-adverb,too,adverb,A1,Daily life,ai_checked,pass,,LEVEL_LEAK,,quá; cũng,more than enough; or as well,This coffee is too hot for me.,"I want to go too, if possible.",0
w-tool-noun,tool,noun,A1,Home,ai_checked,pass,,LEVEL_LEAK,,"dụng cụ, công cụ",something you hold to fix or make things,I need a tool to fix this door.,Dad keeps his tools in the garage.,0
w-toothache-noun,toothache,noun,A2,Health,ai_checked,pass,,IPA_MISSING,,đau răng,pain in or around a tooth,He stayed home today because of toothache.,Warm tea helps when I have bad toothache.,0
w-tower-noun,tower,noun,A1,Home,ai_checked,pass,,LEVEL_LEAK,,"tháp, tòa tháp",a very tall narrow building or structure,That tall tower is near our hotel.,We saw an old clock tower today.,0
w-trade-noun,trade,noun,A2,Work,ai_checked,pass,,LEVEL_LEAK,,"ngành nghề; buôn bán, thương mại","buying and selling goods, or a skilled job",He learned the trade from his uncle.,Trade between the two towns grew fast.,0
w-traveler-noun,traveler,noun,A2,Travel,ai_checked,pass,,LEVEL_LEAK,,"người đi du lịch, khách lưu trú",a person who is on a trip away from home,The hotel offers free Wi‑Fi for travelers.,Every traveler needs a valid passport here.,0
w-treasure-noun,treasure,noun,A2,People,ai_checked,pass,,LEVEL_LEAK,,kho báu; người quý giá,"something very valuable, or a person you love",My grandmother is a real treasure to me.,The kids found old coins like treasure.,0
w-tree-noun,tree,noun,A1,Home,ai_checked,pass,,LEVEL_LEAK,,cây,a tall plant with a trunk and leaves,There is a big tree in our yard.,Birds often sit in that tree outside.,0
w-trip-noun,trip,noun,A1,Travel,ai_checked,pass,,LEVEL_LEAK,,chuyến đi,a journey to a place and back,We had a fun trip last weekend.,How long is your trip to work?,0
w-truck-noun,truck,noun,A1,Travel,ai_checked,pass,,LEVEL_LEAK,,xe tải,a large motor vehicle for carrying goods,A big truck passed on the road today.,They load boxes into the truck slowly.,0
w-tune-noun,tune,noun,A2,Sports,ai_checked,pass,,LEVEL_LEAK,,"giai điệu, bài hát ngắn",a series of musical notes that form a melody,The crowd sang a familiar tune together.,He whistled a happy tune after the match.,0
w-turn-verb,turn,verb,A1,Daily life,ai_checked,pass,,LEVEL_LEAK,,"quay, rẽ; bật (đèn)",to move in a circle or change direction,Please turn left at the traffic light.,Can you turn the knob more slowly?,0
w-unknown-adjective,unknown,adjective,A2,Daily life,ai_checked,pass,,LEVEL_LEAK,,"không rõ, chưa biết",not known or familiar to people,The caller left an unknown phone number.,This street name was unknown to me.,0
w-up-preposition,up,preposition,A1,Grammar words,ai_checked,pass,,LEVEL_LEAK,,"lên, hướng lên trên",to or in a higher place or position,Walk up the stairs slowly.,Look up at the sky tonight.,0
w-upon-preposition,upon,preposition,A2,Grammar words,ai_checked,pass,,LEVEL_LEAK,,"ngay khi, vào lúc; trên (trang trọng)","at the moment something happens, or on top of","Upon arrival, please sign the guest book.",The rule applies upon payment of the fee.,0
w-usually-adverb,usually,adverb,A1,Daily life,ai_checked,pass,,LEVEL_LEAK,,"thường, thường thì",in most cases; most of the time,I usually have coffee before I leave.,She usually walks to the market nearby.,0
w-vacation-noun,vacation,noun,A1,Travel,ai_checked,pass,,LEVEL_LEAK,,"kỳ nghỉ, nghỉ phép",time away from work for rest or travel,We plan a vacation to the beach soon.,My vacation starts next Monday morning.,0
w-vase-noun,vase,noun,A1,Shopping,ai_checked,pass,,LEVEL_LEAK,,"bình hoa, lọ hoa",a container for holding cut flowers,She put fresh flowers in the vase.,That glass vase is on the shelf.,0
w-vegetable-noun,vegetable,noun,A1,Food,ai_checked,pass,,LEVEL_LEAK,,"rau, rau củ",a plant or part of one that you eat,She cooks vegetable soup for us on Sundays.,Fresh vegetable is cheap at this shop.,0
w-very-adverb,very,adverb,A1,Daily life,ai_checked,pass,,LEVEL_LEAK,,"rất, lắm",used to make an adjective or adverb stronger,This soup is very hot today.,She is very tired after work.,0
w-video-game-phrase,video game,phrase,A2,Sports,ai_checked,pass,,LEVEL_LEAK,,trò chơi điện tử,an electronic game you play on a screen,He plays a video game after dinner sometimes.,My brother bought a new video game last week.,0
w-video-noun,video,noun,A1,Home,ai_checked,pass,,LEVEL_LEAK,,đoạn phim ngắn; clip quay,a short film clip you play on a screen,I watched a funny video on my phone.,Can you send me that video please?,0
w-visible-adjective,visible,adjective,B1,Daily life,ai_checked,pass,,LEVEL_LEAK,,"có thể nhìn thấy, rõ ràng",able to be seen; easy to notice,The crack in the wall is clearly visible now.,Keep your ID badge visible at the office.,0
w-walk-noun,walk,noun,A1,Sports,ai_checked,pass,,LEVEL_LEAK,,cuộc đi bộ,a trip on foot for exercise or fun,We take a walk after dinner.,The walk to the lake is short.,0
w-walk-verb,walk,verb,A1,Sports,ai_checked,pass,,LEVEL_LEAK,,đi bộ,to move on foot at a normal speed,I walk to the office every day.,Let's walk in the park this evening.,0
w-walking-noun,walking,noun,A2,Sports,ai_checked,pass,,LEVEL_LEAK,,việc đi bộ (như hoạt động),the activity of moving on foot for exercise or travel,Walking is good exercise after a long day at work.,They enjoy walking in the park on Sunday mornings.,0
w-war-noun,war,noun,A1,Society,ai_checked,pass,,LEVEL_LEAK,,chiến tranh,fighting between countries or large groups,War brings pain to many families.,They learned about war in history class.,0
w-watch-noun,watch,noun,A1,Home,ai_checked,pass,,LEVEL_LEAK,,đồng hồ đeo tay,a small clock you wear on your wrist,My watch stopped working last week.,He bought a new watch at the mall.,0
w-water-noun,water,noun,A1,Food,ai_checked,pass,,LEVEL_LEAK,,nước,the clear liquid people drink every day,Can I have a glass of water?,Please drink more water in summer.,0
w-way-noun,way,noun,A1,Travel,ai_checked,pass,,LEVEL_LEAK,,con đường; cách,a road or path; a method to reach a place,Is this the way to the station?,We lost our way in the old town.,0
w-wealth-noun,wealth,noun,A2,People,ai_checked,pass,,LEVEL_LEAK,,"của cải, sự giàu có",a large amount of money and valuable things,Health is more important than wealth for many people.,The family shared their wealth with local schools.,0
w-weather-noun,weather,noun,A1,Nature,ai_checked,pass,,LEVEL_LEAK,,thời tiết,"if it is sunny, rainy, or cold outside",The weather is nice today.,Bad weather can delay our flight.,0
w-website-noun,website,noun,A2,Media,ai_checked,pass,,LEVEL_LEAK,,"trang web, website",a set of related pages on the internet for one purpose,Our company website has job listings now.,She checked the website for train times tonight.,0
w-wedding-noun,wedding,noun,A2,People,ai_checked,pass,,LEVEL_LEAK,,"đám cưới, lễ cưới",a ceremony when two people get married,We got an invitation to their wedding in May.,The wedding was small but very beautiful.,0
w-well-adjective,well,adjective,A1,Daily life,ai_checked,pass,,LEVEL_LEAK,,khỏe (sau khi ốm),"healthy again, not ill after sickness",I am well now after three days.,She is not well so she stays home.,0
w-wheel-noun,wheel,noun,A1,Travel,ai_checked,pass,,LEVEL_LEAK,,bánh xe,a round part that helps cars and bikes move,One wheel on my bike is flat.,The car has four black wheels.,0
w-when-conjunction,when,conjunction,A1,Grammar words,ai_checked,pass,,LEVEL_LEAK,,"khi, lúc",used to say at what time something happens,I call home when I finish work.,"When you arrive, send me a text.",0
w-wife-noun,wife,noun,A1,People,ai_checked,pass,,LEVEL_LEAK,,vợ,the woman a person is married to,My wife works at a local school.,He lives with his wife and two kids.,0
w-wind-noun,wind,noun,A1,Nature,ai_checked,pass,,LEVEL_LEAK,,gió,moving air outside that you can feel,The wind is strong near the sea today.,Close the door when the wind blows hard.,0
w-window-noun,window,noun,A1,Home,ai_checked,pass,,LEVEL_LEAK,,cửa sổ,an opening in a wall with glass in it,Please open the window for fresh air.,I look out the window every morning.,0
w-within-preposition,within,preposition,A2,Grammar words,ai_checked,pass,,LEVEL_LEAK,,"trong vòng, trong phạm vi","inside a limit of time, distance, or area",Please reply within two working days.,The hotel is within walking distance of the station.,0
w-woman-noun,woman,noun,A1,People,ai_checked,pass,,LEVEL_LEAK,,"phụ nữ, người đàn bà",an adult female person,A young woman helped me at the desk.,That woman on the left is my aunt.,0
w-word-noun,word,noun,A1,Media,ai_checked,pass,,LEVEL_LEAK,,"từ, tiếng",a single unit of language with meaning,I do not know this word in English.,Please write the word on the page.,0
w-work-verb,work,verb,A1,Work,ai_checked,pass,,LEVEL_LEAK,,làm việc; hoạt động (máy),to do a job; to function as it should,She works in a small shop downtown.,My phone does not work after the rain.,0
w-worker-noun,worker,noun,A1,Work,ai_checked,pass,,LEVEL_LEAK,,"công nhân, người lao động",a person who does a physical or paid job,The worker fixed the pipe under the sink.,Many workers take the bus to the factory.,0
w-yard-noun,yard,noun,A1,Home,ai_checked,pass,,LEVEL_LEAK,,sân (nhà),an open area next to a house outside,The kids play in the yard after school.,We put chairs in the yard for guests.,0
w-yellow-noun,yellow,noun,A1,Appearance,ai_checked,pass,,LEVEL_LEAK,,màu vàng,the colour of lemons or ripe bananas,Yellow is my favourite colour for summer.,Paint the line in yellow on the road.,0
w-yes-adverb,yes,adverb,A1,Daily life,ai_checked,pass,,LEVEL_LEAK,,"vâng, có, đúng",used to agree or say something is true,"Yes, I can help you with that task.",She said yes to the dinner invitation.,0
